ADORA2A,AHR,B3GAT1,BCL6,BTLA,C10orf54,CCR4,CCR6,CD127,CD160,CD200R1,CD244,CD27,CD274,CD276,CD28,CD3D,CD3E,CD4,CD45RO,CD45RA,CD45RB,CD80,CD86,CD8A,CD96,CDKN1B,CDKN2A_ARF,CDKN2A_p16,CEACAM1,CTLA4,CXCR3,EGR1,EOMES,FOXO1,FOXP3,GATA3,GRAIL,GZMB,HAVCR2,IFNG,IL-10,IL-17A,IL-2,IL-21,IL-4,IL2RA,IL6,ITCH,KIR_Activating_Subgroup_1,KIR_Activating_Subgroup_2,KIR_Inhibiting_Subgroup_1,KIR_Inhibiting_Subgroup_2,KLRG1,LAG3,NECTIN2,PDCD1,PDCD1LG2,PRDM1,PVR,PVRIG,RORA,RORC,RUNX3,SPI1,SPN,TBX21,TGFB1,TIGIT,TNF,TNFRSF14,TNFRSF18,VTCN1,ZBTB7B,GUSB,HPRT1,PGK1,UBC,YWHAZ,toxicity
-0.121662441,0.463894542,-0.365128095,0.436070744,0.348363636,0.216497722,1.192002369,-0.336025382,0.251545535,-1.242829256,1.100542803,0.008563009,1.657911152,3.066218464,1.302395883,0.242394473,0.809876118,1.039416335,0.614324539,0.383089232,0.361159358,0.44022514,-0.099591757,-1.781889203,0.688316813,0.834383226,0.232236556,1.668963768,0.073495883,-0.30696393,0.606561526,0.243615235,-0.184004117,0.036987329,0.363620951,1.023198839,1.153428114,1.63523607,0.548200415,-0.043197449,-0.489204117,2.065495883,2.695786988,0.81703607,0.533334406,0.714191153,0.190596356,0.396394889,-0.5019067,1.910836338,2.206786761,0.706860503,1.150688271,-0.587178204,0.736470744,0.423471905,-1.088086327,-0.029328095,-0.012702905,0.280234406,-0.788028663,0.601912891,0.050665051,0.418223505,0.688048115,0.759678184,-0.427631049,0.233418135,0.542898839,0.555797597,-0.218537362,0.379065051,-0.28894657,0.499093549,0.406451423,0.858678764,1.289454532,0.384401617,1.384713372,NA
-3.102089397,2.470645576,-1.482369649,4.094352152,-1.247015333,0.674629287,1.312086938,-0.352461302,-1.874917563,-0.853984134,-0.319330507,-0.752399186,-0.629492333,0.137050482,0.996900895,0.076389583,-0.129655234,0.231079366,-1.412791597,-2.448541224,1.457326544,-2.474797923,1.085664265,-0.564769649,-0.109080536,-0.325247446,0.258042073,1.146612326,-0.975546634,0.64213086,0.465947508,0.923851588,-2.460769649,-2.144146634,0.135468901,-0.430518539,1.655965086,1.604492852,0.548399548,0.639585811,0.020269493,1.971195883,4.05468398,0.279070489,0.445253366,1.872984667,-3.21196914,1.672105325,0.636565976,1.199745449,2.180762984,-0.237329511,-0.165746634,-0.693615333,0.005008288,2.450162984,-2.093989397,-0.698569649,0.440865976,1.422510603,-0.536809917,2.305810018,-0.124218539,2.304121595,3.578053391,-0.968385912,-0.658827282,1.884050732,-1.282015333,2.480365976,-0.632225115,0.910701733,0.931592852,-1.011880652,0.233980578,-0.249410417,1.615614119,1.307384362,1.413861713,FALSE
-0.953152953,0.788896613,1.098430716,1.274840966,0.169980334,0.822996812,0.096879192,-0.301095159,0.136967961,0.432495081,0.708412331,1.252303782,1.199578169,2.135225564,3.648540966,0.236029538,0.554881791,0.890588033,1.08382232,-0.324732964,1.603593878,-0.179273032,-1.777570045,1.663686234,-0.199952429,0.775695976,0.258333569,0.891901848,-1.068769284,0.634786234,0.868049362,-0.5573553,0.11130615,-0.352139587,0.38848049,0.660380334,0.591019802,-0.203275195,1.572564882,1.642212331,-0.34229385,0.960027036,0.9140447,-0.143969284,-0.230680847,0.404427036,-0.040515,1.227267868,-0.104398058,3.201223247,3.610770935,2.637248735,2.600123578,-0.013330437,0.640904193,0.839589537,-2.345144869,0.570028794,0.134094418,2.140228794,-0.812724313,0.949083122,0.575212331,0.90081812,3.90955348,0.954179611,0.610460275,0.345206292,0.073149638,0.466750711,-0.342318157,0.861389699,1.287219153,0.532152554,0.742686861,0.332228857,1.294351397,0.670396192,1.28126032,NA
-1.051664798,1.086334036,-0.280328969,1.167953411,0.049364237,0.243776789,1.499111549,0.748236359,-0.351777966,-0.163505744,1.22701205,0.65128722,0.751106169,0.927947385,0.800102962,0.839826572,0.41177092,0.568890933,0.746741247,-0.128074358,0.771951984,-0.595312762,0.193294165,-0.63012987,-0.58849197,0.718459296,0.147543625,0.922664582,-1.133531586,1.998490516,1.521369076,0.097130066,2.538915349,-1.540332163,-0.094521215,0.998143444,0.548422371,-0.7894,0.218395819,0.663339718,0.387197755,1.85886548,3.287357757,-1.253957001,1.257655293,2.714003772,0.759859987,1.481643744,-0.075226117,0.02177013,-0.903028969,0.538702962,0.13937013,0.098078785,0.394282146,1.369924689,-1.416831586,-0.376528969,0.413365536,1.156588069,-0.678605304,1.539748438,0.616987168,0.572738102,3.121194696,0.724179847,-0.324518494,0.367719484,0.264916749,0.866584865,-0.483367161,0.810617467,1.19177013,0.31666299,0.730368478,0.282736444,1.506901789,0.490351493,1.311589685,FALSE
-1.370108277,0.842616544,-0.248203536,0.903180594,0.349790051,0.277702511,1.454964165,0.446894516,-0.05717024,0.685001167,0.705040195,0.35557644,1.087881823,1.499376109,0.802058965,0.066384409,0.676182464,0.889921417,0.971579261,-0.060754749,1.126278055,-0.629262443,-1.130103536,0.626596464,-0.210218967,0.728118077,0.207931178,1.153974159,-0.227539425,0.280232105,0.772829857,-0.110731578,2.192336954,-0.900973113,-0.264107036,0.829647758,0.543368247,-0.4546,-0.17601054,-0.267684069,-1.35978514,0.349933824,2.819972222,-2.3582,-1.316024107,1.277151386,0.728537979,-0.236678468,-0.507790279,-2.092924107,-2.8063,0.002496464,-0.357017778,-0.12375652,0.020270274,1.029932105,-0.977151717,-0.239266176,0.184659886,1.83798629,-0.924149134,1.072708597,0.470831993,0.7734892,2.03298337,0.536023401,-0.367268463,0.373166798,-0.073518137,0.377456757,-0.482366688,1.105797644,0.195875893,0.458754292,0.678979271,0.383996187,1.457624432,0.42158699,1.378849466,FALSE
-0.902970749,0.493516987,0.085533861,0.757063657,0.992863209,0.418128357,1.402573599,0.088891752,0.540385613,1.011762657,1.587446223,1.780694032,1.181733611,3.547291715,1.359979839,0.221256679,0.604117529,0.870015071,0.479516502,0.479548385,-0.234067225,-0.603082285,-0.796366139,0.961901156,-1.120047441,0.897698102,-0.523487186,2.914071365,2.259329251,0.722979839,0.847794321,-0.095167917,0.422715928,-1.040247902,-0.320640033,0.380426158,0.120616269,0.747033861,-0.969659267,0.960020374,0.237763657,1.948541414,4.576531997,-0.156566139,0.433001156,3.559930641,0.058213726,0.347495335,-0.167546502,-0.758414289,-1.604666139,0.337801156,-0.605714289,1.188556215,0.052587319,1.249541414,-1.169428149,0.360385711,0.299156078,1.314901156,-0.261221417,1.13070291,0.365356078,0.064350077,1.844456078,0.508172909,-0.577940836,-0.180284372,0.522151448,0.815229251,-0.795273787,0.155463657,0.943333861,0.835631755,0.235328135,0.794297856,1.126855325,0.784241512,1.38025155,TRUE
-0.77208866,0.915955813,-0.512793162,1.304503025,0.752286313,0.689267629,0.932467406,0.558219374,0.33564501,0.762984968,1.28002735,1.680038181,1.185945607,2.998097466,3.384411236,0.632070505,0.469467465,0.734881329,0.698077378,0.077801028,2.66417734,-0.954860877,0.953368414,1.489099395,-0.477327338,1.022694484,-0.22161003,3.38262555,2.37767683,1.317423758,1.085012797,0.295715766,2.694947593,-0.255254508,-0.380062405,0.894869798,0.394075207,1.507806838,-0.098172618,1.479582431,1.381757621,1.627348735,4.249178344,-0.757593162,0.430424805,0.961572428,0.261886411,1.374077372,0.182819442,0.003373595,0.467872428,0.494272428,-0.585601163,0.628430555,-0.007410931,0.581524805,-0.70145068,0.375794119,0.489993469,2.544762207,-1.029423378,1.443958563,0.150085579,0.701294927,3.683443031,1.201979379,-0.482753571,0.211150728,1.177973543,1.025552948,-0.590884234,0.72169512,1.634198837,1.011734838,0.189495503,0.471378367,1.431379149,0.764553735,1.4633441,FALSE
-0.686045518,0.968021075,0.244887647,0.816695112,0.624933921,0.304592067,1.953305617,0.420194416,0.573609562,-0.872952407,1.359559677,0.873900554,1.108018478,2.14694521,0.4590253,0.61787603,0.23922252,0.650024362,0.383925233,0.716256511,0.426499419,-0.020869927,-0.211514289,0.355087647,0.423660767,0.867685377,-0.663235341,0.780453182,-1.839547347,0.407441414,0.71251462,0.213112141,0.837547593,0.143033921,-0.545564171,0.134498547,1.119404394,-0.29480437,-0.165900267,-0.021740323,0.692428794,-0.77070437,3.233643602,-0.726602824,0.413359677,2.089787771,0.44996506,0.831198083,-0.415220466,-0.205140323,-0.280312353,-0.061314289,0.392649265,0.874718362,0.758844856,0.481585711,-0.497877823,0.140952653,0.447297039,0.474323138,-0.320822757,1.488642034,0.769925297,0.631080979,1.342443652,0.791626731,-0.105996525,0.286173056,0.447884676,0.817182322,-0.620889251,-0.025827284,0.944287647,0.543514872,0.644310749,0.438426947,1.270475608,0.671517959,1.298472704,NA
-1.047019201,0.332750538,2.573611467,0.695139236,0.506423381,0.317389724,0.400196523,-0.747478195,0.056215601,0.328075543,0.701251247,0.719218723,0.913043576,1.20940315,-0.01581716,-0.117638372,0.545632171,0.936533905,0.479519452,-0.223106891,1.695565565,0.228413308,-0.045166434,0.770651341,0.413171167,0.877817985,-1.404213373,1.831056016,0.336411467,0.686465239,0.545838919,-1.155962091,1.096777081,0.513877085,-0.59814246,0.269930331,-0.122605057,1.227095163,2.87492257,0.959999202,0.142106211,0.633534922,2.949857942,-0.557624571,-0.476112353,0.615431081,-0.251460438,2.184601861,-0.368133115,3.102886957,2.469309251,1.084365239,0.244944619,1.61160405,0.871214275,0.361733566,-0.359519449,-0.260212353,1.11895004,1.667117249,-0.482884571,1.046268109,-1.615168919,1.394663492,1.719084306,0.892293635,1.103623798,0.211678597,0.453975984,-0.00486816,-0.441134609,-0.403192953,0.841442999,0.512144917,0.614152552,0.300264383,1.360371671,0.516653706,1.529094957,FALSE
-0.812745239,0.400847961,1.191945742,1.231966565,0.432009057,0.618609193,0.468055705,-0.160814753,0.168969341,0.970200624,0.547049772,-0.480851184,0.846204729,-1.56013259,0.132658656,0.137347747,0.648269807,1.182439689,0.819447575,0.002033454,1.422853386,0.41403742,-0.417554516,1.034645742,1.162855924,1.119703225,-1.053152039,-2.412480056,-1.162901268,1.040945742,0.527459307,0.834087629,2.448173256,0.893834323,-0.593438562,-0.079044295,0.056579186,2.458158656,1.554628161,-0.011191757,0.114780193,0.141368431,-0.380354258,-0.787054516,-0.781931569,-0.084054258,-0.934254258,-0.532224397,-0.816524015,-0.578620276,-0.844131569,0.586675893,0.755503583,1.79356665,1.242449768,0.424979724,-0.367399336,0.071745484,1.048572015,1.116779724,-0.000571458,1.697422722,-0.321254258,1.610737959,2.094266565,1.16274983,1.205299404,0.771739948,0.328626576,0.671727844,-0.219473975,0.37848008,-0.252031569,0.869526576,0.43142975,0.118399988,1.37386831,0.66462995,1.732335992,NA
-1.29097945,-0.023086061,2.083196178,1.123119866,-0.400389382,-0.041720404,-0.309141322,-0.8179982,-0.626575639,1.650936752,0.320832631,1.879654042,0.505666119,2.365821609,3.451511763,-0.41092945,0.63341737,0.6294458,-0.090436155,-0.156114969,1.158928103,0.546458965,-0.699712353,1.918987584,1.38518264,0.472202986,-1.241340196,2.004855706,0.366122548,-1.387261606,0.194016349,0.634598034,3.508967667,0.044284285,-0.479771447,-0.998481957,0.160339594,0.035887584,3.076737362,0.985696509,-0.505612416,1.821015928,2.739592431,-0.220061606,-0.419112353,1.590784285,-1.333205709,2.130368531,-0.146327499,3.841503009,4.570096408,2.962992456,3.081774373,0.701359804,1.850415392,0.847538394,-1.273105313,1.170887584,-0.2007125,1.036215679,-1.247410938,1.003103766,-0.58695363,1.559120924,2.971945438,0.939998686,1.563540528,0.698186815,0.328071163,1.578460557,-0.45891151,0.057854956,0.632338394,0.582332174,0.151296408,0.681362985,1.365229215,0.574052073,1.552421627,NA
-1.275678198,0.491575823,0.195883388,0.634553759,0.482798552,0.271889206,0.809251096,-0.563381052,0.332669981,-0.377933635,0.676859302,0.905145856,1.274085694,1.228147445,0.312239703,0.17991199,0.560692969,0.876693973,0.592835029,-0.280597096,0.627512871,-0.177114016,0.188766545,-0.347544707,0.594365969,0.868016128,0.4376854,1.50991767,-0.344941869,0.087711092,0.771716583,-0.966952637,1.826203088,0.082930716,-0.38614284,0.257310838,0.440158863,1.479517794,0.209920819,0.750607645,-1.453633455,1.461711092,2.567018605,-1.370844707,1.231547774,1.859010059,0.210081245,0.374917576,-0.607956773,-0.439533455,-0.883744707,0.844193371,0.970432466,0.011418638,0.713567152,0.705111092,-1.782399511,-2.654244707,0.506212498,1.065397848,-1.616077779,1.015078115,0.226697755,0.828308461,2.114447131,0.410143745,-0.147419956,0.038788779,0.326376361,-0.13291196,-0.572922784,0.082412978,-0.203444707,0.325138997,0.32572632,0.392947363,1.458345858,0.646341631,1.496734438,NA
-0.76978968,0.303323647,-0.74105619,0.737468928,0.443266861,0.719529568,0.800158276,0.623742228,0.336207999,0.729375655,0.977379032,1.254569194,1.440176437,1.57098746,1.485580492,0.391520323,0.724800744,0.786117591,0.702840831,0.177396366,0.785712935,0.045036964,-0.224703675,1.433851247,-0.246440355,0.735821477,-0.029070432,0.352619496,-0.765441174,0.626721327,0.374440867,-1.142331569,-0.048420273,-0.043613142,-0.088275268,0.192336719,0.015085333,1.058996325,0.742097769,0.401215003,-0.800775643,1.663386912,1.093936715,-1.563203675,-2.7597,0.965055587,-0.051266646,-0.146118434,-0.469835018,-1.39196393,-1.37875619,-0.086503675,-0.417816402,0.817156323,-0.034147461,0.115545484,-1.366420273,-1.467403675,0.859850365,1.560986912,-0.879445276,0.963642968,0.553054865,0.586106581,2.793736715,0.723907822,-0.453051696,0.117140707,0.400028768,-0.503157001,-0.14575354,-1.625078673,0.06634381,0.159985577,0.526872428,0.554545173,1.479703913,0.334180884,1.426385268,TRUE
-0.821359034,1.303278496,-1.618340593,0.571513011,0.363292762,0.330782885,1.17963218,0.435250605,0.210566245,0.015089926,1.215149087,1.152545787,1.0748785,1.525217792,1.168871905,0.469383347,0.134028064,0.622273114,0.940927222,0.532097405,0.324486638,0.004571566,0.429885273,-0.492093827,-0.388301632,0.58654855,-0.481193569,2.135896863,-0.102928095,1.170279853,1.364349648,-0.440255525,2.647387423,-0.071466405,-0.606176465,0.983718747,0.562989074,-0.914440593,0.714664277,0.728621947,0.160986912,1.148773543,2.561480943,-0.05047294,0.943871905,2.070570479,0.933846897,-0.058644536,-0.590685224,1.517689697,-1.547144707,0.040873543,-0.389726457,0.875160688,0.51614063,2.143515964,0.099538439,0.642785273,0.974526665,1.264957771,-0.465656299,1.299438497,0.261181974,0.5032842,2.38211855,1.021586742,-0.07662752,0.209661375,0.875518155,0.763663314,-0.397977865,1.364040011,0.386448591,0.715692371,0.591633855,0.438048887,1.23153255,0.624861487,1.437310963,FALSE
-1.418763663,0.815790014,0.501571319,0.977459854,0.169402684,-0.07049344,1.605174266,0.03521989,-0.219750098,-0.091545683,0.774496268,1.468004291,0.479793245,2.205716404,3.160375329,0.519787587,0.477885927,0.704921225,0.534325271,0.453677631,0.206659942,0.236237309,-1.056441554,0.145758446,0.11447277,0.611269913,-0.618805388,1.269634193,-0.333163106,-0.675793495,0.228212924,0.386807271,2.143724887,-1.518232278,-0.252081225,0.721241417,0.5399339,0.583836894,1.121132111,0.464977946,-1.278841554,1.941209884,0.909663506,0.269371319,0.029906505,1.028267722,-0.205304285,2.73766189,-0.463044337,0.006036894,1.058871319,-0.576263106,-0.121632975,0.199755663,0.472402696,1.074436894,-0.890512077,-0.016130507,0.40934936,1.027418731,-0.981513431,1.200059942,-0.394359554,0.761082965,2.106630621,0.560229779,-0.158470998,0.53707039,0.038887923,1.459479853,-0.409446824,0.951706911,1.121771319,0.020755663,0.17457145,0.812533585,1.385342695,0.481920268,1.469908015,FALSE
-2.412831326,0.443883689,-0.580838081,1.669130553,0.071815038,-0.09823281,1.840107948,0.836105694,-0.504447366,0.092189934,0.091149965,0.62223695,0.269706644,2.99999581,0.328299419,0.382568859,0.633324162,0.878411114,0.507264624,-0.019089835,0.553354619,-0.669679878,0.247508087,0.127227513,-0.36156447,0.453014336,-0.268681185,0.88951579,0.300740587,0.184095842,0.982999847,-1.159889288,2.131296847,-0.830199049,-0.408830011,0.756642993,-0.108541737,0.136599419,0.47586329,0.136027433,-0.836029511,1.29372442,3.196993682,-0.083272487,-0.245738081,1.118529019,0.511464415,3.163213577,-0.898179878,2.410660723,3.477496847,2.650912465,2.504789697,-0.021964586,0.12009072,0.802808087,-0.798355855,0.737999419,1.555689472,1.253327433,-0.762809212,0.868894172,-0.743550035,0.417326981,1.631285145,0.245235186,-0.459010344,0.217021993,-0.315172567,0.393002378,-0.569275557,-0.011020808,0.627199419,-0.069012019,0.252180492,0.7455122,1.589785912,0.32141462,1.413033692,NA
-1.017352469,0.834376704,-1.664173754,0.710077946,-0.102083582,0.284596187,2.129603608,-0.169192709,-0.24073765,1.134363768,1.152376612,2.27476041,0.916817618,3.032985774,1.550400133,0.568134749,0.464830952,0.810169258,0.077182567,0.239440069,0.651084688,0.017077274,-0.003111254,-1.628873754,0.830689471,0.603863958,-0.799549159,1.936894067,0.578219153,-0.768243997,0.980482588,0.32331683,3.249154452,-0.133983736,-0.557462773,0.417328855,1.418940328,0.722922177,0.933902168,0.013200133,-0.182344231,0.804956003,3.037795636,-0.316811254,-1.336273754,2.531978446,-0.515232434,1.604085718,-0.564552885,3.534451533,2.824701056,1.805024558,2.198022249,0.81325037,1.377197849,0.352754341,-0.764171023,0.383626246,0.327361365,0.719124558,-1.035075389,1.107269356,0.203325271,1.181675614,1.675095439,1.042943395,0.36818949,0.50793394,0.852839699,0.255640447,-0.538456605,1.075628473,0.670588746,0.640533754,0.488308078,0.579395555,1.305756064,0.465470626,1.483548002,FALSE
-0.573413414,0.550418738,-0.548080847,0.473494542,0.743104709,0.506825036,0.721922589,-0.517464202,0.27816114,0.396043063,1.103444647,2.453218867,1.618703144,3.45840868,3.295725271,0.374092332,0.746228852,1.041122916,0.738415007,-0.318694079,1.03174221,0.143697328,-1.042943348,1.309539742,0.01570963,0.707934118,-0.266588041,1.806083217,1.41678827,-0.788780847,1.27001663,-0.418596047,3.176944401,0.151964165,0.094800216,1.101887912,0.579340169,0.129456652,0.004629594,0.301582146,-1.171928704,1.481371296,3.513659079,-0.787180847,0.200856652,2.940891778,0.207704709,0.798300904,-0.383722626,1.081538734,0.712539742,-0.094988426,-0.582988426,0.432270631,0.439785866,1.43083845,-1.645505093,0.602111574,-0.298210099,1.121094119,-0.120629655,0.37476388,-0.070395045,0.326318527,2.587176249,0.951272458,-0.335374408,0.244375516,0.208918738,0.23930813,-0.27741638,0.459651893,0.237719153,0.906073012,0.350449158,0.681434561,1.407759137,0.53568308,1.346657531,FALSE
-1.878150787,0.525302142,0.257538892,1.451336865,-0.058371062,0.722133907,0.899830061,-0.342286445,-0.13381885,-1.15502407,2.420684235,3.232911948,0.964827507,2.957321865,2.66877593,0.749289742,0.191360027,0.822829607,0.280409763,-0.09308058,1.132868278,-0.995850665,-0.382768347,-0.855568347,-0.443321035,0.904362969,-0.815297316,2.312203817,1.603174788,0.303393486,0.696159047,-2.049452771,4.805058112,-2.054147501,-0.449148535,0.44891076,0.606556771,0.791331653,-2.086325584,0.652838892,-1.785127362,0.289694154,2.614713877,-2.4092,-0.597205846,4.103332824,0.228547939,0.927594004,-0.710234734,-1.081468347,-1.046127362,0.1948058,-1.056461108,-1.806517045,-0.179308647,1.940468301,-2.267728934,-0.948627362,-0.180457972,1.175701392,-1.486220101,1.188715856,-1.034184846,0.659988362,3.95870059,0.063286003,-1.988846566,-0.032020643,-0.635974012,-0.202434734,-0.840247271,-0.244213475,1.237738892,0.236967146,0.381225988,0.428047084,1.444818411,0.499500889,1.565717692,NA
-1.550901127,0.391830188,1.192993718,1.760241731,0.238888713,0.203529309,0.122087801,-0.80115513,-0.665164227,1.154781319,0.203489328,2.236413,0.792850097,2.815811506,3.429701646,-0.170827444,0.497019372,0.817736809,0.334811723,-0.015135424,1.390725656,-0.331221594,-1.802552402,-0.059352402,0.710478048,0.80299651,-0.764959297,2.026050998,0.182583317,-0.350027362,0.185246214,0.29191517,0.789571849,-0.424947551,-0.54989913,-0.170423627,0.484873256,0.777947598,1.037092816,0.535483317,0.137918478,0.352147598,2.802509178,-0.752390757,0.540093718,1.019389948,-0.743127143,-0.834986147,-0.62405652,2.340471849,2.003678962,1.99237839,1.966422556,0.211320042,1.228483141,-0.131760258,-2.399910672,-0.038160258,-0.368179974,0.048772638,-0.878494435,0.891820368,-0.639447551,0.887096893,2.369286436,0.698944426,0.484221085,0.405794421,-0.280397766,0.350017702,-0.390943359,-0.276177444,0.355009243,0.632720364,0.626073986,0.277650097,1.29746418,0.644345573,1.475374983,FALSE
-1.981182135,0.698037535,-0.895770045,1.596360927,-0.233229257,-0.143949457,1.350310099,-0.737093089,-0.563240385,-2.716013766,-0.122133014,2.509403394,0.840666034,2.24488325,9.82496889,0.40952899,0.278094071,0.752917451,0.799260975,-0.480487948,0.705107923,-0.705738796,-0.194772964,0.561927036,-2.058360029,0.506052711,-0.496822622,2.999524073,0.344781958,0.390271905,1.293238909,-1.825304794,0.701127036,-2.388171206,-0.472038759,0.87643112,0.549506057,0.765729955,-1.539744636,0.27450615,-1.331618832,1.549089537,3.324495321,0.182819153,0.254828794,0.405127036,0.186874049,0.607548008,-0.976999037,-0.743872964,-0.589069284,-1.645070045,-1.177169284,-2.129944636,-0.885072508,0.486928794,-1.541613766,0.790481168,0.548343264,1.32970615,-1.450364037,0.659520989,-1.034618042,0.258278994,1.355735963,-0.041827261,-2.10973171,0.156915087,-0.548963035,0.222373817,-0.383228916,0.516030779,2.419771905,-0.069343064,0.531839971,0.608363164,1.192284562,0.737944852,1.25058307,FALSE
-0.850002283,0.578935377,1.666113657,1.017641981,0.3973511,0.693752558,0.354778465,-0.961378713,0.075155436,0.951874686,0.506928938,2.304925409,1.170052558,2.720075725,3.240903399,-0.002019139,0.497856781,0.869280706,0.415003727,0.043676475,1.445170716,0.098036001,-0.329473234,2.211821157,0.233304851,0.706290009,-1.148488213,2.323363622,0.555478465,-0.446844636,0.653910768,-0.581996262,2.105180294,0.196108661,-0.346502474,0.573433387,0.181182851,0.22333845,1.517484194,0.954501749,-0.178971905,1.503328095,1.597460173,-2.3432,-0.093673234,1.222463344,-0.515078037,1.018625409,-0.465134212,1.751145198,2.750908389,3.08786836,2.758676903,1.492889901,0.756756626,0.546500843,-1.188557086,0.374226766,0.126650509,1.416128095,-0.905707846,1.151620735,0.158399707,0.855520673,2.821367823,0.910512944,0.59916066,0.308506775,0.010921908,0.163828553,-0.557860212,-0.555099157,-0.41686155,0.56608149,0.611948569,0.433781749,1.389279518,0.553586245,1.332889718,FALSE
-3.225890508,1.185942951,0.194645742,4.42735249,-0.907565051,-1.194930729,0.859621316,-0.453714087,-1.890079426,0.74981053,-2.554054258,0.174783873,-1.039578684,1.415536924,6.428967616,-0.600351036,0.270507723,0.732096883,-1.026866898,-2.923819646,1.314006048,-2.814214087,-1.005031569,-1.275331569,0.512473911,0.005375523,-1.639683228,1.74071472,-0.505041344,-1.286631569,0.128772775,1.165261159,0.789325333,-0.925724307,-0.248515946,-0.072051036,0.451767034,-0.3802,0.50896867,-1.929931569,0.467621465,0.953858656,1.850086966,0.628568431,0.542945742,0.681157663,-1.599805675,4.038953424,-0.234392007,-0.571731569,1.07344226,-1.286654516,-0.240501268,-0.413396828,0.198714019,1.681977458,-1.963324307,-1.488931569,-0.056409006,-0.565154258,-1.947089309,2.017847519,-1.398922542,1.791755134,1.036505338,-1.393685981,0.205773383,1.615374152,-1.8238001,3.252254423,-0.75518018,-1.013405675,0.743468431,-0.96852025,-0.034097441,0.126832283,1.518993639,1.167708915,1.541347771,FALSE
-2.651978482,0.106778597,-0.730771503,0.858300664,-0.976145078,-0.619404012,1.027661071,-0.271517478,-1.207120496,-0.726898068,-0.076413239,2.252919,0.694030066,1.084581244,9.331308697,0.225895958,0.63921076,0.404737507,-0.092381517,0.21380961,-0.63153134,-0.765047152,-0.654671503,1.111883419,0.074136683,0.628167305,-0.511835991,2.370240985,0.552584461,-1.005971503,0.984930066,0.476225806,0.771676378,-0.674315539,-1.096931347,-0.056255208,-0.053197258,-0.667771503,0.654484549,-0.295239884,-0.735143408,1.889156592,1.454905629,0.353556592,0.767053498,0.542190998,-0.862010931,0.72767178,-1.477555974,2.811256573,2.392405065,1.074890998,1.192984461,-0.10791053,-0.331811148,-0.035771503,-1.712146229,-0.682971503,-0.631190291,0.211383419,-1.403957678,0.69518093,-0.695060993,0.390779597,0.826039007,-0.458870365,-0.714045586,0.118118046,-0.046266841,0.482762334,-0.849895291,-0.196808794,1.340956592,-0.474680178,0.31110952,0.769204354,1.403082798,0.480331962,1.358758076,NA
-1.291181822,0.174964075,-1.14139957,1.674357543,0.534679839,0.640744052,0.301201688,-0.043538171,0.02637237,0.054569031,0.538012061,1.710158477,0.919793845,1.622343127,2.523308158,0.131592125,0.484896559,0.822539604,0.650433308,0.165968743,0.939390662,-0.956542288,-1.422287669,2.152679197,-0.060541718,0.780825401,-0.567345276,1.214625297,-0.271067369,-1.695687669,0.241914263,-0.961863569,4.522562489,0.603160413,-0.364083917,-0.266876965,0.474384504,0.67970043,-1.217359879,0.408440121,-0.794025306,1.717389668,1.473598683,-1.38469957,-0.465859879,0.674632631,-0.560842457,2.590862496,-0.697506783,-1.009010332,-0.857960993,-0.073264337,-0.424460993,0.707992604,-0.688187939,-0.007210332,-1.654706684,-0.959787669,0.82410617,1.113930223,-1.32920529,0.598144052,0.728721544,0.563514849,3.688778309,0.425561209,-0.430436801,0.108121702,-0.277418516,1.333795043,-0.469093991,0.319357473,0.335012331,0.25373424,0.170257473,0.511531425,1.584273552,0.572528759,1.482058534,TRUE
-2.083833253,0.811249613,-0.275980813,1.516697434,0.092935281,0.382584094,1.476018044,0.554975985,0.124089217,-0.239853444,0.771640583,1.163861463,0.761105752,1.594669342,2.400598732,0.557999613,0.396145283,1.135464074,0.883546596,-0.894067374,1.576990596,-1.028149587,0.309870521,0.616800133,-0.792150294,0.649570353,-0.125191551,1.254055883,-0.021993162,1.345360503,0.74737124,-0.225073283,1.508440583,-2.068693162,0.350997849,0.532930215,0.070041098,1.556711042,-0.861672199,0.366800133,-0.848053307,1.710606838,4.023871741,-1.110688958,0.314000133,2.566566758,0.176552121,3.557594066,-0.805270075,0.763333431,0.305870521,0.427270521,-0.594180813,-0.305184675,-0.186961543,0.890006838,-1.395674344,-0.307993162,0.521272486,0.805806838,-1.426294447,1.159433822,-0.968193162,0.794811228,2.936636769,-0.472913594,-1.686193162,0.191252958,-0.014172446,-0.17083171,-0.360017964,0.281438457,1.939900133,-0.391640286,0.323312822,0.385001662,1.263556903,0.681390479,1.665870999,NA
-0.984047663,-0.197731569,-0.994471865,0.136315445,0.39976829,-0.024513851,0.279429399,-0.13613171,0.292828735,0.311731793,-0.220737343,1.842266615,1.388817906,1.813388398,8.741284742,-0.244036332,0.772678686,0.858591437,0.561670466,-0.272750135,1.469881934,-0.388979103,-0.554293349,0.675090998,-1.021094769,0.877437569,-0.733172515,1.961568007,1.121692649,0.161332049,0.532427606,-1.045669828,0.015972719,-0.846146249,-0.285295958,-0.032424484,-0.121064804,1.291890636,-0.034627304,0.713062657,-1.437627281,1.086590998,2.075321446,0.345882992,0.350972719,0.630652886,-0.387518407,1.943406373,-0.960350714,-1.112193349,-1.692171865,0.063690998,0.045732049,-0.899684001,-1.246069852,0.381190998,-1.824137343,0.474790998,0.196464735,-0.441193349,-1.660852333,0.148553839,0.207649358,0.045754588,1.933415999,-0.147653525,-1.030161528,-0.307107347,0.02584626,-0.905414981,-0.268245082,-0.127046502,0.867215401,-0.277700161,0.375379721,0.59118746,1.556089316,0.439570709,1.358730423,TRUE
-3.314649204,0.569862489,0.144933861,3.323577074,-0.403435138,-0.89816913,0.781814936,0.157899988,-1.571915011,-0.511335138,-0.420835719,0.729283728,-0.703527926,1.108876616,3.927074996,-0.383288189,0.579701668,-0.258071762,-1.480725827,-2.745765455,-0.041954954,-3.571112167,0.785350552,0.838003983,-0.989925004,-0.768028254,-0.762814868,2.061597737,1.466220044,-1.178566139,0.305416928,0.178236073,0.784127362,-1.563093107,-0.619820054,-1.038272638,0.468070572,1.927064862,0.219374173,0.350006893,-1.548096017,2.258295501,3.108779751,-1.090566139,0.462864862,1.517925333,-2.552735719,1.14043757,-0.679946087,1.544925333,0.618164862,0.350064862,-0.088735138,-2.304593107,-1.021572638,2.593525333,-2.033335138,-0.639266139,-1.163521689,0.234764862,-2.622917569,1.803294766,-0.801774667,0.807792634,3.038462974,-2.575873219,-1.371075658,0.742693271,-1.483116156,1.984720044,-0.88824588,0.089492956,-0.155666139,-1.968555969,-0.207960813,0.509157571,1.754407524,0.744970141,1.52269814,FALSE
-0.98601776,0.091629844,-0.343628261,0.824936756,0.159609873,0.115829647,-0.560363244,0.338681632,0.260461251,-0.24403766,0.230976694,1.227386663,1.146552487,1.895930451,-0.875128261,-0.030182907,0.725980263,1.09318904,0.788177458,-0.207325871,2.407544763,-0.885500948,-1.228328261,-1.045207702,0.280176094,0.938290269,-0.02679551,0.574538106,0.523642795,-0.522228261,0.362874809,-0.61679187,0.086780294,-0.459073422,0.020821204,0.019613747,0.190224468,2.01409093,0.081011112,-0.44800907,-0.033974221,0.350866545,2.580618103,-2.166166176,0.22225486,1.24645619,-0.746788888,-0.938060731,-0.851518152,0.815628938,1.295599834,0.64119093,-0.205319706,0.836672391,0.09273257,0.46335486,-1.457838069,-0.215733455,-0.08750615,0.992797921,-1.567691416,0.654732792,1.194801772,0.640369877,1.618473108,0.424344759,-0.221949622,0.165946475,0.247982004,0.092973108,-0.381865807,-0.117391611,-1.073766176,0.107478671,0.465265755,0.45100048,1.394595701,0.555216663,1.455059462,NA
-1.531149767,-0.539182035,0.308692852,1.279281946,-0.125306914,0.264782252,-0.227713459,-1.150249767,-0.374123646,0.901084267,-0.763236242,1.755554012,0.913067458,1.960465614,4.205030315,-0.385690323,0.680580012,1.093662695,0.376142967,-0.227819003,1.291128161,-0.500581615,-2.886468688,0.394357543,1.158371465,0.912730143,-0.794297288,0.830440933,-0.790277862,-1.149104957,0.039583388,-1.22280188,2.384279149,0.357288157,-0.39427449,-0.314209106,0.136746521,0.849095043,0.888854342,0.225363758,-0.2346274,0.843057543,1.973869608,-2.262168688,-1.660004957,0.416023258,-1.431611843,1.993781236,-1.156218234,-0.303718852,0.960323258,0.055199886,-0.715742457,1.311740726,0.587703407,-0.890160282,-2.072541852,-0.123507148,-0.171662938,0.830749057,-1.359710145,0.375677088,-0.470715361,0.918574389,2.789247114,0.581653181,0.150675879,0.113359071,-0.222858712,-0.070537939,-0.408851654,-0.860576742,-1.124768688,0.220809251,0.356127509,0.466320377,1.294135601,0.682956883,1.521008522,FALSE
-0.670044657,0.633272206,0.411419153,0.419648569,0.426766432,0.388912491,0.420901388,0.091567406,0.29024117,0.171394188,0.869702402,0.12950553,1.552420249,0.315393912,0.181655364,0.213619427,0.965254526,1.191050315,1.023264027,0.234659553,0.164399886,-0.677560046,0.128481654,0.232719153,-0.168433219,0.905968082,0.818246807,-1.112684314,-1.240818346,-0.140818346,1.070255986,-0.319238854,1.624702402,-0.423765694,0.243799056,0.812972206,0.249029516,0.2674529,-0.559369076,1.041128157,0.027706838,1.266381654,1.986032748,-0.832180847,-0.236680847,1.5984,0.146473879,-1.366962327,-0.317919706,0.271355364,0.268681654,0.257081654,-0.877380847,0.598498616,-0.147692686,-1.049580847,-1.216144307,-0.020780847,0.017629281,0.670219153,-0.137086771,0.234348388,0.265766432,0.575735557,1.045663864,0.533098415,-0.46558969,0.327808012,1.182272206,-0.033157205,-0.302951885,0.110224707,0.305219153,0.400408389,0.183587285,0.707102203,1.448723762,0.591853512,1.389313848,FALSE
-0.946428195,0.694149128,-0.545831631,1.065468054,0.330318084,0.74205462,-0.211031946,-0.423417518,-0.02282432,-0.503005201,0.358294165,1.969180752,1.252836018,2.692509039,2.705350085,0.140558242,0.066312334,0.97966366,0.89019465,0.061702717,1.115713494,-0.012757542,-2.452931631,1.749171406,-0.384929509,0.93251246,-0.106046427,1.597901448,-0.951423157,-1.19137906,0.353015079,0.230626389,0.80966472,-0.483125306,0.312333506,0.955754359,0.977886293,-0.243431631,-1.000089494,0.758874694,0.174454391,0.746236625,2.388203622,-1.785231631,0.113171406,0.478071406,-0.085555969,0.784928335,-0.427129509,-0.920363375,-1.168531631,0.858987584,1.51916472,0.324286627,0.148068054,0.104836625,-0.649212416,0.360436625,0.132148143,1.328886627,-0.757671665,0.580170664,0.552116892,0.832315736,2.915291449,0.83837009,-0.489812376,0.500305775,0.336022351,0.63421886,-0.506218152,0.206756689,0.247168369,0.776398953,0.363528335,0.178976076,1.413081848,0.799725438,1.566630495,FALSE
-1.350111859,0.326702628,1.327482146,1.06562267,0.246287841,0.243179627,0.715962363,-0.337007212,-0.836051084,0.693321496,0.474936338,1.400711545,0.982805038,2.181671186,-0.096634344,-0.088028504,0.443584022,0.665213478,0.599010917,0.043770287,0.802886392,0.45321187,-0.238088426,2.313464554,0.298601306,0.748467581,-0.541440654,1.636679742,0.374772638,-1.087134344,-0.115559361,0.287322175,3.7052787,-0.040700605,-0.011386917,0.449927433,0.573481178,0.008934746,0.693398505,0.263569998,-0.854817854,1.390164554,1.280619293,-0.487665254,0.368064554,1.090414725,-0.130841143,4.125751307,-0.951978504,-2.477065254,-0.683765254,-0.493234344,-1.460865254,0.184087841,0.531622175,1.592811574,-1.248500605,-0.728265254,-0.482912159,2.145434798,-0.776044436,0.58191927,-0.217664861,0.9150142,2.69214932,1.161200901,-0.11214178,0.992743931,0.405245864,1.224943002,-0.337561087,0.697474533,-0.650265254,1.17191145,0.347155327,0.541126063,1.562952132,0.579616786,1.29361232,FALSE
-2.08161013,0.812914388,0.44874855,2.352942483,-0.20301314,0.584871077,1.110532841,0.185742162,0.069608576,-1.300544307,-0.304754432,1.417936336,0.508085871,2.540309266,6.737261893,0.731445342,0.379069736,1.133114991,0.592624737,-1.338814644,1.400580188,-0.694886963,0.919576644,0.79081105,-0.306178337,0.863904823,-0.169863144,2.343945306,1.354978832,-0.06208895,0.278496337,-0.002987198,1.529873297,-1.660623356,0.507878561,0.190042162,0.65385212,1.54914855,-1.222444307,0.087376644,-0.742823356,0.71034855,2.74712622,-0.79665145,1.129776644,1.77410909,-0.367879134,1.409239586,-0.991444307,0.759785758,1.676645568,0.30641105,-1.85265145,-0.350159023,-0.58795291,0.94094855,-1.808295754,-1.12745145,-0.055545894,1.915204246,-0.444609785,1.330336793,-0.43669091,0.634666974,2.766511332,-0.260337668,-1.779470061,0.308380683,-1.38651013,-0.318403663,-0.473432043,-0.231042414,0.38574855,0.342996384,0.37500909,0.294697044,1.152585715,0.916615121,1.580969591,TRUE
-2.223869352,0.182678984,1.42693706,2.317651933,-0.375423051,0.140367966,1.011783141,-0.367886703,-1.199413483,0.810565559,-0.739393301,0.716355755,0.651682486,2.393358108,1.929072753,-0.174908012,0.413608457,0.758064762,0.185544481,-1.335672952,1.614704387,-1.127622338,-1.436585046,0.965023725,1.138863325,0.426277662,-0.575513889,1.938798438,0.892191206,-1.28020437,0.412318859,0.633114764,1.750053707,0.160571905,-0.510136953,-0.693982701,-0.136582837,1.78399563,1.227236379,0.691847724,-2.321041684,2.569161338,1.99567818,-1.40100437,1.656261338,0.822737653,-1.570259439,4.4864862,-0.86435405,0.070071905,1.421691206,1.807771905,1.134547724,0.24598754,1.394883141,1.172903983,-0.128321016,-0.63700437,0.443921051,0.920703983,-0.956576161,0.956013585,-1.401262347,1.358023197,3.232098369,0.111488819,0.179142333,0.844586408,-0.334170974,1.020755835,-0.927651531,-0.259438662,0.75139563,0.228451933,0.314823744,0.646395844,1.456490009,0.613313464,1.289350959,FALSE
-1.043247152,0.116617901,1.323548283,1.652666776,0.294194907,0.308459312,-0.308173881,-0.242786519,0.154707279,1.069202329,0.653759302,1.862811836,1.04954852,2.419667993,0.907860017,-0.069970357,0.677225746,1.051791721,0.800669649,0.055069268,1.117163612,-0.357778912,-0.706565535,-0.652472964,0.5016287,0.90422586,-0.37565148,1.44382652,0.508610797,-0.930765535,0.657529475,0.407015322,1.329238132,0.001173285,-0.244670601,-0.26690157,0.555978797,2.430434465,0.477896302,0.512734465,0.555361071,0.748360017,4.117716919,-0.925934878,-0.311351717,1.880903205,-1.105097543,-0.842905098,-0.3430905,2.703266812,-1.489234878,2.536858688,2.07754486,1.171744019,0.929423521,0.683466812,-0.572123276,-0.788549756,0.461786468,0.820760017,-1.141925616,1.072851603,0.724626119,1.245534461,1.92070653,0.92596812,0.832217511,0.408758674,0.321056177,0.413470343,-0.872565046,0.026476378,0.880650244,0.411559302,0.44891626,0.438971741,1.366886281,0.534139499,1.530546959,FALSE
-1.168115867,0.223504969,0.096766751,1.053201646,-0.058694335,-0.213265083,1.374765051,-0.391463045,-0.344407213,-0.01481493,0.994046417,2.788113153,1.061913263,1.109454729,9.880753407,0.221773112,0.742964317,0.944378646,0.947401677,-0.094067519,0.207907557,-0.781274217,0.527768812,1.702902316,-1.305309918,0.653169952,0.015398402,2.469901572,-2.000433249,0.362944619,0.747287912,-0.264056773,2.896858843,-2.165298844,-0.247841087,-0.010873302,0.425495342,2.444579839,-1.533599205,0.398948211,-0.22939114,1.183979839,2.013849882,1.439485711,0.760368812,2.331375939,-0.338656904,-0.091031732,-0.843764086,0.590031312,2.071795884,-0.337231188,0.731031312,-1.373359367,0.134854213,1.019468812,-1.055451789,-0.143433249,-0.419910484,2.662526136,-0.678237192,0.386712228,-0.36169114,0.098018269,2.305118206,-0.081735673,-1.617734122,0.032543271,-0.538668498,0.356715414,-0.391546494,0.090315489,3.324538864,0.520115014,0.360990093,0.482462603,1.326197593,0.819092799,1.332565394,FALSE
-0.460238753,0.276644988,0.819597848,0.634710286,0.879825518,0.384623387,0.334107154,-0.192541344,0.316062058,0.507063061,1.198168215,1.859380496,1.575187853,1.868610862,7.311903774,0.298984632,0.699575611,1.036173191,0.888073682,-0.038667623,1.805425036,0.174168374,-0.076302152,0.526139718,0.327519935,1.019161247,-0.342724667,1.338204304,-0.727838662,0.390529526,0.154700804,-0.172875159,1.816929603,0.267742228,-0.016932661,0.215725001,0.349777567,2.059839718,0.055282791,0.763122982,-1.063938662,0.881839718,2.081390583,0.357239718,1.351667025,2.849335602,-0.053688643,0.632268697,-0.581230965,-0.219678228,1.166897848,-0.747532975,-0.448202152,0.463958635,0.399625518,1.213729526,-0.621381017,0.819567025,-0.150897265,2.016397848,-0.1048767,0.811303972,0.339092408,0.395668697,2.541982992,0.997036172,0.148100766,0.17331429,0.019678577,0.355177785,-0.147435823,0.112407154,1.419639718,0.957670808,0.555470849,0.503557556,1.480558929,0.336773662,1.445205765,FALSE
-2.497827362,0.503670091,0.980181654,3.42479892,-0.568232848,0.328498463,0.845024167,-0.495986291,-0.512318773,-0.633119646,-0.580860184,-1.767584961,-0.681086291,0.865162998,0.410281654,-0.67784464,0.63271137,0.619744776,-0.745559439,-2.655425832,1.593956262,-2.798900506,-1.09386173,0.737281654,1.280226226,-0.538184112,0.507444656,0.084994586,-0.168960184,-1.33856173,0.428670091,0.947297184,1.89409661,0.265376063,0.652822005,-0.649961436,0.713636684,1.85763827,1.774048035,0.882394907,-0.252627284,1.605086023,1.739807682,-2.069271905,-0.88366173,0.23458956,-1.576991424,1.564653586,-0.04349425,1.885458743,2.609758743,2.905108576,2.729721112,-0.097234581,0.493721302,0.665439816,0.067523345,-2.400071905,0.675912138,0.79058956,-0.888391945,2.160123888,-1.297560184,2.325258391,3.638442935,-1.287823114,0.966829106,1.932344383,-2.288059775,3.312397893,-0.687235232,-0.828797684,-0.886871905,-0.982822345,0.321391478,-0.10423559,1.71514049,0.934836184,1.452826616,FALSE
-2.889036208,0.264278984,-0.764112636,2.954915252,-1.042826419,-0.547978593,0.807529909,0.554994846,-1.578303884,-0.981361751,-0.922208418,-0.657077582,-0.361034382,0.824126376,0.050765443,-0.377078663,0.531556684,0.669569211,-0.061973405,-2.593086362,0.571735349,-2.460491424,-1.088167338,0.206987364,-0.106479786,-0.498561481,-0.251026164,0.542269148,-0.756312636,-0.412950135,0.607885142,0.60509269,0.173494723,-1.782126419,0.026982618,0.104063723,0.751416696,0.538287364,0.432816063,-0.540126419,-1.133612636,1.33202094,3.310012401,-1.003512636,-0.429012636,0.935168712,-1.766231288,1.730461531,-0.307328663,1.502053654,2.741649035,1.052591582,0.145773581,-1.312047501,0.072663723,1.69062094,-2.339615123,-0.860312636,-0.756525297,0.728665443,-2.067222715,1.651236678,-0.09359028,1.357724169,2.701866169,-1.247247928,-0.225579913,1.773829201,-1.095124086,1.226570043,-0.502016687,0.706964969,1.613849865,-1.039276422,0.25228601,0.133081198,1.542155507,0.893528687,1.500892599,NA
-2.823937512,0.908051324,-1.445931631,3.190027501,-1.782814208,-0.515784511,-0.042704117,0.187159305,-1.723366944,-0.001504117,-1.358476709,0.533058965,-0.984810882,2.272836463,4.43335491,-0.45367282,0.008523498,-0.021449448,-1.652560294,-1.551960294,0.189746113,-1.843814753,-0.134703536,1.728423291,0.680138975,-0.668245486,-0.88604509,2.766145154,0.209368369,-1.935031631,-0.35361294,1.78983223,2.013020374,0.210485792,-0.383655226,-0.844604117,1.20751827,0.702096464,0.222624989,-0.068576709,-0.227103536,-1.104531631,1.311638916,0.91073087,-1.155231631,0.349993371,-2.255176709,-1.117004117,0.060011618,1.48653121,1.378793371,1.172199988,0.831799988,-0.346044129,0.627678213,2.07583087,-1.047914208,-0.654131631,-0.970071917,-0.181403536,-1.698331104,1.946726733,-0.463944129,1.960393271,1.692849117,-0.653607072,0.772246005,2.003300416,-1.39606879,1.387508087,-0.430480278,0.541321735,-0.919331631,-0.507676709,0.042159305,0.078395883,1.737860221,0.933329773,1.533910515,NA
-1.569716572,0.809353777,-0.01714657,1.531178169,0.409297613,0.07019422,1.036892651,-0.315820289,-0.063786527,0.679730615,0.470750605,1.564997882,0.918671793,2.692117026,2.384821908,0.378034105,0.392831811,0.833406337,0.569235823,0.199369736,0.630315682,-0.255776656,-0.64215619,-0.431328261,-0.582902292,0.908683294,-0.670904213,2.569611408,1.564836139,-0.070812077,0.560405335,-0.663600166,0.681471739,-0.10659314,-0.301165759,0.458592651,0.472640197,1.52465343,1.342379535,-0.396969069,0.004115928,-0.47065619,3.293500514,-1.575203675,-0.187969069,-0.04126576,-0.482920289,-0.060113337,-0.52730578,-1.43014657,-1.41955619,1.07686675,1.034135533,0.909141438,-0.0436319,-0.15045619,-1.70499548,-0.578428261,0.88811076,0.45593424,-1.188271447,1.045480761,-1.024809665,0.839851943,0.09640686,0.557357271,0.069513285,0.098344786,0.533751624,0.010367255,-0.728627192,-0.747916572,0.08434381,0.324659776,0.523498639,0.625091473,1.27895328,0.494748895,1.399046747,FALSE
-1.501640083,0.554871557,-0.047030848,1.90442899,-0.497737637,0.149255131,0.491012087,-1.053613775,-0.245762135,0.879382415,0.913548222,1.497047519,1.156577567,1.463946365,7.629721513,0.856183362,0.517819467,0.903070533,0.65211285,-0.554357748,1.352420718,0.052326526,0.197421734,1.572052499,-0.237721064,0.775837775,-0.036451938,1.202594191,-0.234879545,0.261552499,1.160543589,-1.158926896,3.112984939,-1.461779545,0.243711802,-0.390646507,0.125988703,0.015969152,-0.492655012,0.014867025,0.669776874,1.249200059,4.220510563,-0.699668347,0.739014373,2.19405253,-0.528046507,0.486083761,-0.512209485,-2.388030848,0.180602077,0.342021734,-0.488497923,-0.26734244,0.532970343,1.816321734,-2.47058657,0.000769152,-0.510364642,2.215434798,-0.231153878,1.085060921,-1.071847501,0.434631151,2.471348062,0.127237752,-0.526002498,0.09766461,-0.247184555,0.194623106,-0.399776684,-1.147117854,0.702769152,0.348279723,0.161505294,0.569433362,1.189380983,0.918955677,1.483235997,TRUE
-1.621823622,0.702055364,1.072125988,1.777513113,-0.630483108,0.415113666,1.057910093,-0.560907581,-1.048105895,0.265054279,-1.279067895,0.990677697,0.591062146,2.007386675,2.894084461,0.300499472,0.228952577,0.640014086,0.250589062,-0.527389102,1.250268059,-0.554143412,-0.822177227,0.701480063,0.903242439,0.536595628,-0.893980414,1.709999968,0.054755769,1.114778171,1.089160023,0.029352843,2.151641003,-0.915121829,-0.474614498,0.376089483,0.047039484,0.116423247,1.518082367,1.35003831,0.067132105,1.880729526,4.200973475,-1.166877227,1.541811042,0.588165463,-0.150002422,2.442323445,-0.507324269,0.064432105,0.879293268,0.772693268,0.560337338,0.375889483,1.299174371,0.498077695,0.052406348,0.203450868,1.419696408,0.854420946,-1.001108032,1.218407893,-1.438644231,1.209923477,2.978997369,0.552583459,0.342460941,0.445731825,0.145375373,0.000985502,-0.757371928,0.014496516,-0.104477227,0.060206651,0.534864281,0.708765984,1.370761727,0.384091501,1.322992588,FALSE
-0.878951249,0.30735249,0.528070489,1.193011037,0.416145992,0.308998172,0.207348751,-0.814178301,0.367773447,0.54018337,0.753451284,1.361861853,1.194076948,2.174275521,3.495884749,0.563076351,0.532875727,0.843529362,0.640584132,0.086833245,0.967514445,0.025184386,0.210753366,1.061953366,-0.403645571,0.9575223,-0.181537418,0.946133434,-2.501469649,-0.278061606,0.081324415,0.843696246,1.827340426,0.156421514,0.03881685,0.413287578,0.561144225,0.327644337,-1.086647214,0.110507703,1.172819873,-1.767755663,1.75590313,0.288070489,0.864400895,1.504040426,-0.298838072,-0.518096616,-0.377699995,0.012050868,1.112094687,0.637750868,-0.151346634,0.289611037,0.309465907,-0.841669649,-1.541406684,-1.198755663,0.282603384,1.296653366,-0.096954011,1.055293116,-0.495078884,0.36792101,2.309168069,0.831237006,-0.169627334,0.266067469,0.065310433,-0.002065051,-0.12393167,-0.359936605,0.749338394,0.545601929,0.592439391,0.540360359,1.397249921,0.420791314,1.370879172,FALSE
-1.768871959,0.593334315,-0.615573754,0.752124057,-0.368856867,0.167606806,-1.220843346,-0.010611556,-0.471531823,-2.335764467,-0.118365398,1.258138675,0.695261735,2.354831979,2.017037488,-0.241417295,0.232661979,0.884615343,0.591880454,-0.422984969,0.927564765,0.019170683,-0.17145044,1.199095503,-0.398307857,0.548857382,-1.171479,1.568787669,0.984559754,-0.138041438,-0.490413079,-0.723853968,2.923144113,-2.507364467,-0.47189026,0.067852956,0.25031878,0.468359677,-1.106888114,0.001658562,-0.58678542,0.446759677,2.37172634,-1.427322759,0.10914956,0.360522177,-0.249291359,0.928637337,-1.118656867,-0.845864467,-2.4697,-1.430873754,-1.408180975,-0.961205297,-0.807878937,1.222535533,-2.48318542,0.280619025,-0.476761354,0.731722177,-1.16501453,0.679817515,0.185476644,0.335545948,2.521386921,0.35736278,-1.768739312,0.3004479,-0.478929796,0.879482028,-0.422546341,-0.181434216,-0.574922759,0.263259017,0.502872492,0.733455614,1.30112792,0.558939007,1.227953862,NA
-1.205530254,0.589575172,0.970100059,1.825097266,0.190785888,0.273173349,0.009225432,-0.765568329,-0.120856463,0.028987932,-0.010164998,1.359468858,1.081606406,2.413199539,-0.173334344,0.282961928,0.503444458,1.013464786,0.345269075,-0.135730185,1.330777511,0.205465334,0.726631217,0.078528794,0.532860842,0.94787657,-0.639817778,2.016869657,0.526974075,-0.546297923,0.664028066,-1.190038072,1.195234881,-0.47422762,-0.072133189,0.060809451,0.793828522,-1.244430848,1.487385688,0.101961661,-0.21906618,1.085002077,2.215715615,-0.683390757,-1.128390757,0.451202077,-0.746976258,2.056678581,-0.353243192,2.840434881,-1.553330848,0.876831217,1.129389948,-0.086512068,0.80457238,0.888247598,-1.62222762,0.184128794,0.181619442,-0.131397923,-0.418447376,0.871265772,-0.869003866,1.184621037,1.86443609,0.634710992,0.249951084,0.378252184,0.230401994,0.451185782,-0.503006266,-0.406142553,0.667728794,0.450819456,0.44392128,0.40159471,1.350709957,0.607141276,1.519842523,FALSE
-2.207335927,-0.045878031,1.958483578,1.040933129,-0.839194824,0.817679271,-0.605891898,-1.011221482,-0.682258201,0.229032705,0.40141827,3.357064959,0.245176945,2.312942092,3.484776259,-0.945137239,0.476760888,0.823646869,-0.207301538,-0.312891417,1.15383923,-1.315467872,-1.382168347,-1.935968347,1.406115645,0.60088864,-1.614332187,2.735602029,2.670479436,0.122045852,0.375829925,-1.864149297,0.534645234,-0.034253922,-0.487039912,-0.469360282,-0.186167501,2.334572638,1.512634094,0.301099988,-0.120459995,0.486138892,2.461943365,-1.231852402,-1.191168347,2.465505766,-0.292070045,1.87305244,-0.524832187,0.258199988,1.095783578,1.375510618,0.5673058,1.186671735,0.659739446,2.225799988,-1.592144013,-0.843905846,0.990367883,1.2643058,-1.466987739,0.869612804,-1.580000012,1.571217783,3.213781583,0.546130299,0.709941771,0.371934944,-0.941178673,-0.434960282,-0.712099951,-1.229057804,0.458731653,0.107282791,0.701232111,0.263329955,1.298028144,0.507883474,1.548212984,NA
-1.744738426,0.675081622,-0.598273173,1.428757468,0.058147378,0.468880642,0.456119031,-0.647407204,-0.202709835,-0.919910393,0.161955755,1.492315871,0.836676846,2.074425242,1.903493351,0.292051886,0.443983561,0.914127161,0.481247378,-0.111554243,1.146625027,-0.288442497,-0.778870045,0.139829955,0.033622686,0.683710861,-0.399073321,1.259932495,0.733089607,-0.269529189,0.713101754,-0.77736373,1.099592307,-1.24889957,-0.001755017,-0.024642787,1.21092535,-0.901,-0.724400385,0.222271851,-0.44609957,1.278770811,4.461182628,-0.836773173,-0.269351717,1.15255805,-0.374138426,-0.950316679,-0.734708738,0.263277902,-0.463570045,-1.371573173,-0.268129189,-0.35964195,-0.091511556,1.070748283,-2.630422098,-0.20872437,-0.245540136,1.216192307,-1.242832876,1.067140295,0.309555755,0.972707069,2.101024074,0.593833847,-0.903849767,0.477864418,-0.707208089,0.768072742,-0.64146934,0.328998299,0.908029955,0.382047531,0.259297062,0.430224074,1.459739444,0.76744976,1.405510944,FALSE
-1.207153389,0.148747506,0.554760688,1.467195545,0.612651341,0.542790645,-0.309691842,-0.782550228,-0.05724286,0.768142951,1.020602316,3.464248288,1.28736268,1.565523029,10.78258057,0.258995491,0.525140394,0.947096624,0.506326917,-0.723186647,1.746206736,-0.105236656,0.689660688,2.042872432,-0.054428662,0.677969422,0.061489622,3.132117073,-1.022427568,0.272208661,0.697744026,-0.867004883,1.963057141,-0.852409877,-0.267777574,-0.398076655,-0.079595305,2.833827623,0.89946897,0.943158697,-0.544572377,1.96004936,0.842784504,1.573334933,1.393127492,2.049900049,-0.567370601,0.875802583,-0.656139651,1.013642196,2.519655718,0.494972432,0.848076259,0.246744019,0.665232617,0.349368414,-1.513259328,-2.221128934,-0.307895994,2.541751439,-1.161640382,0.795397029,-1.094791339,0.472162799,2.962343646,0.488724919,-0.096119435,-0.231104879,-0.052174949,-0.256521831,-0.710825226,-0.7077319,3.688040082,0.571551888,0.679615517,0.389103964,1.349788457,0.512930323,1.388965014,TRUE
-0.946993464,0.265001844,-0.610193827,1.039665078,-0.224849154,0.059960256,0.764406629,-0.263721963,-0.178118806,-0.664008647,0.534419051,1.451271642,1.025019247,4.015836631,2.720757271,-0.132638317,0.472975736,0.733001787,0.815255883,0.312981211,0.291294355,0.221955119,-3.0009,0.310798732,-0.3504868,0.745325455,-0.164492852,2.200533441,1.555344128,-0.981993827,0.528886515,0.265554601,1.655693382,0.071576724,-0.09819065,0.628231854,0.91340087,-0.105793827,1.051811766,0.597878832,-1.419316156,0.707406173,2.382081231,-2.2712,0.816795883,0.85792706,-0.449051547,1.371726474,-0.619992427,0.79605343,0.333483844,-0.194335441,0.494334268,-0.000667349,0.73099126,0.778968674,-1.032841616,0.509498732,0.022006536,1.10105343,0.390785873,0.613283222,0.076672432,0.384802484,1.986497758,0.907931854,0.128605564,0.241845308,0.2822423,0.208748453,-0.171117303,1.132479899,-0.548840413,0.739622131,0.371481596,0.697406536,1.492317346,0.470411163,1.292270603,TRUE
-2.412953168,1.172350465,0.429385976,2.30764351,-1.162037801,-0.687458102,0.437567093,-0.017951297,-1.066580491,0.144362491,-0.300663135,2.483118206,-0.461252044,1.967108587,9.765225415,-0.160255642,-0.110464276,0.890518887,-0.033028923,-1.617364224,1.035689804,-1.35626143,0.318239816,1.452939816,-0.608644326,0.541671405,-0.329188484,3.152320951,0.696918409,-1.669877823,0.016330933,0.651589362,-0.50211254,-1.14700157,-0.670648057,-0.697508551,1.135526017,0.651106699,1.017168849,0.306319153,1.004784747,1.424634105,3.257977451,0.195685976,0.590839816,1.470998932,-1.888243348,0.05295318,-0.54976692,1.889877511,2.672677511,2.160946832,1.532855352,-0.655711789,0.519187843,1.904834105,-1.164853168,0.054822177,-0.542386028,1.863198932,-1.132834141,1.601479062,-0.524622489,1.422231058,1.527540447,-0.784518138,-0.136780456,0.875294621,-1.196983736,2.023050465,-0.10016898,-0.099915253,1.764634105,-0.070637509,0.176716264,0.535244685,0.933399035,1.231240247,1.447190133,FALSE
-2.024102738,0.296282409,0.816099886,1.510759797,-0.37043943,0.372499243,-0.165176857,-0.778576857,-0.195036839,-0.357279956,0.723426661,2.237082332,0.827365203,2.301579147,2.185034761,-0.300061715,0.380664743,0.944736356,0.66610947,-0.310886285,1.226184555,-0.277295255,-0.295642457,1.238523138,-0.630722128,0.575569787,-0.444421403,0.915759475,-0.628677862,-0.376300114,0.705318723,-0.756026555,0.784036288,-1.163733249,-0.193535655,0.192388426,0.226150789,1.134239718,0.699182186,-0.049650035,-1.403004957,-1.715768688,2.42624322,-0.648760282,-0.327407148,2.245256999,-0.259748987,0.91138896,-0.720715253,0.181657543,1.429066751,1.424320044,1.595446766,-0.179409981,0.181957884,1.196057543,-1.726442457,0.354457543,-0.527861807,1.540823138,-1.886073861,0.755967465,-1.01203209,0.809701477,3.455965834,-0.391049618,-0.229529886,0.177145858,-0.514376613,0.121440699,-0.352529203,-0.487704957,-0.154104957,0.363136184,0.571512024,0.251643101,1.346539612,0.71965305,1.431969691,FALSE
-1.086481057,0.413554441,1.735485051,1.110086258,0.545152412,0.113162452,0.113218943,-0.110979728,0.021929661,2.339411748,0.426457771,4.22529964,0.800591778,2.577748414,11.83929411,0.102076889,0.228581207,0.58345521,0.417898285,0.246133515,1.331301554,-0.177847363,1.278384747,3.125283419,0.124094071,0.570595636,-0.762927061,4.53024893,0.809077946,0.840347598,0.611898285,-0.621524997,1.538923758,0.425112842,-0.921742229,0.227162452,0.148436341,2.965447774,0.772531344,1.245891547,0.523520901,1.793315154,1.635315803,2.383008149,2.449147598,2.147286139,-0.048001937,0.373665772,-0.353037548,4.727963165,4.865724769,3.276113146,2.434345682,0.984276498,0.724764103,-0.262412131,-0.865249343,-0.890068688,0.407846123,2.021484285,-0.762353968,0.835950994,-0.086887158,0.342676529,2.074357771,0.772804208,0.275570174,-0.156828325,0.625355376,0.435598932,-0.466768656,0.047086139,3.585220901,0.695439718,0.609366405,0.521085536,1.240504212,0.571470642,1.380210889,FALSE
-1.705205828,-0.130653161,-1.590704837,-0.155667984,0.449046839,-1.325353503,0.61204226,-0.40381081,0.288558597,-1.012119666,1.155465463,1.943620829,1.188309353,1.170417285,5.489846538,0.062267794,1.036787424,0.407490374,-0.203009177,0.521633877,0.843449645,0.069630008,-0.50852987,0.981632631,-0.889082751,0.440272716,-1.245740055,1.388331714,1.147804729,-1.84342987,0.28580384,-1.778169662,-0.39043452,-1.58823452,-1.59929616,-0.486440055,-0.732659497,0.62677013,-2.072434537,0.43267013,-0.78043452,1.019524689,3.935223428,-1.829504837,0.321832631,1.744231671,-0.622067951,-1.154922118,-1.22992299,-2.955704837,-2.198404837,-2.362004837,-1.85102987,0.581410773,-1.44142987,-1.926904837,-2.68563452,-0.64402987,-1.214682589,1.148732631,-2.449125115,0.078306083,-0.375508269,-1.081967196,0.612203988,-0.721410389,-2.836034537,-1.082517064,-0.724732163,-0.208291597,-1.01307307,-0.041709021,0.18277013,-0.705269662,-0.127105828,1.05793875,2.122983471,-0.133616514,1.401895106,NA
-1.24869298,0.277948295,-0.568383845,1.334171077,0.271213368,0.458183141,0.768940195,0.103078656,0.42600649,0.380376656,0.489671077,3.160722744,1.113493688,1.871033707,10.09005844,0.049213498,0.470620872,0.983413572,0.683230791,0.058754717,2.303558579,-1.136638327,-0.026846346,1.011281749,0.119151342,1.010703349,-0.389225597,2.887715556,0.103885273,-0.304346346,0.786662163,-0.812618118,1.555393372,0.490233578,-0.351338814,0.355933091,0.881521108,-0.343,-0.777153496,0.643516155,-0.801891424,1.119453654,2.302259651,0.925581749,0.196153654,1.818581168,-0.348809008,-1.20685541,-0.607483108,1.30454425,-0.058691424,0.103353654,0.021485273,0.621789572,-0.120746346,1.208608576,-1.819606628,-0.537546346,0.366879975,0.262978656,-0.732583318,0.889716543,0.618855873,1.064812063,2.469489572,0.612025775,-0.547564885,0.113267226,0.581681168,0.443858394,-0.707771131,0.21774425,2.185485273,0.28404459,0.227569251,0.543285273,1.358050251,0.719013514,1.472793241,NA
-1.733405416,0.443032279,-0.232591424,0.656395011,-0.387042488,0.055241702,0.756094584,0.254860209,-0.135294419,-0.579692698,0.585584678,1.966628157,0.726693351,1.899827803,2.97983793,-0.19753173,0.307131868,0.559537582,0.574624593,0.300920954,0.017037655,-0.029476119,-0.488409254,1.279495503,-0.602064814,0.748034193,-0.152604517,1.908620602,0.620453246,-1.259405835,0.338869564,-0.964052821,1.554005707,-0.248340246,-0.511514837,0.25362899,0.952149771,0.286794165,1.034790433,-0.157695271,-1.166104497,0.512994165,2.727170136,-1.052166176,0.064403988,0.820604729,0.25910649,-0.194296002,-0.65410774,0.890653246,1.689953246,1.160095503,1.153866489,-0.399642488,0.132975149,0.647503988,-1.166880813,1.389103988,0.575590053,1.166604729,-1.616615322,0.642382857,0.444607302,0.567495098,2.572000298,0.528635473,-0.665754447,0.354487464,-0.104960912,0.268799243,-0.874444406,0.913407302,-0.244766176,0.373403886,0.268521411,0.821860708,1.250362372,0.666869887,1.317290164,NA
0.259783141,-1.750918852,1.067541073,0.49374833,-0.034685273,1.195913755,-0.346788735,-0.080765159,-0.721991155,1.161890998,4.595287639,1.373755472,3.121884115,11.96029511,0.239929937,0.543933303,0.743448381,0.526758975,0.499554708,0.61988066,0.217610305,0.09333607,1.019143649,0.072265849,0.86937738,0.191266233,4.545047472,1.606141873,0.461257864,1.017427859,-0.044407659,2.383387578,0.859614991,-0.369752153,1.174872818,1.300677039,1.075409243,-0.35665167,0.795792431,0.110348211,0.888609243,0.373896019,0.337609243,-0.439818852,2.078020365,0.127294716,-0.542022012,-0.713296427,1.383835348,1.475910935,1.611049035,1.278986139,1.273214727,0.202990998,0.053281148,-0.920985671,-1.367118852,-0.396148429,1.296341873,-0.593968271,0.752115154,0.150504374,0.620600337,1.552020641,0.629241073,-0.002124437,0.217784292,0.964613438,0.880797294,-0.728130756,0.724591153,1.483043649,0.60081855,0.534419248,0.399775914,1.297060203,0.693844322,1.398790242,1.431969691,NA
