"species","core_3of3","core_2of3","group"
"s__Phocaeicola_vulgatus",0.846153846153846,0.846153846153846,"all pts w/ 3 samples"
"s__Blautia_wexlerae",0.846153846153846,1,"all pts w/ 3 samples"
"s__Parabacteroides_merdae",0.846153846153846,1,"all pts w/ 3 samples"
"s__Alistipes_onderdonkii",0.769230769230769,0.923076923076923,"all pts w/ 3 samples"
"s__Bacteroides_uniformis",0.769230769230769,0.923076923076923,"all pts w/ 3 samples"
"s__Blautia_faecis",0.769230769230769,0.923076923076923,"all pts w/ 3 samples"
"s__Ruthenibacterium_lactatiformans",0.769230769230769,1,"all pts w/ 3 samples"
"s__Fusicatenibacter_saccharivorans",0.769230769230769,0.923076923076923,"all pts w/ 3 samples"
"s__Faecalibacterium_prausnitzii",0.769230769230769,0.846153846153846,"all pts w/ 3 samples"
"s__Oscillibacter_valericigenes",0.769230769230769,0.923076923076923,"all pts w/ 3 samples"
"s__Eubacterium_rectale",0.692307692307692,0.769230769230769,"all pts w/ 3 samples"
"s__Collinsella_aerofaciens",0.692307692307692,0.769230769230769,"all pts w/ 3 samples"
"s__Anaerostipes_hadrus",0.692307692307692,0.923076923076923,"all pts w/ 3 samples"
"s__Oscillospiraceae_bacterium_CLA_AA_H250",0.692307692307692,0.769230769230769,"all pts w/ 3 samples"
"s__Blautia_massiliensis",0.615384615384615,0.846153846153846,"all pts w/ 3 samples"
"s__Coprococcus_comes",0.615384615384615,0.692307692307692,"all pts w/ 3 samples"
"s__Dorea_formicigenerans",0.615384615384615,0.769230769230769,"all pts w/ 3 samples"
"s__Roseburia_hominis",0.615384615384615,0.923076923076923,"all pts w/ 3 samples"
"s__Blautia_obeum",0.615384615384615,0.692307692307692,"all pts w/ 3 samples"
"s__Ruminococcus_bromii",0.615384615384615,0.615384615384615,"all pts w/ 3 samples"
"s__Clostridiales_bacterium_KLE1615",0.615384615384615,0.846153846153846,"all pts w/ 3 samples"
"s__Bacteroides_thetaiotaomicron",0.615384615384615,0.769230769230769,"all pts w/ 3 samples"
"s__Bacteroides_eggerthii",0.538461538461538,0.615384615384615,"all pts w/ 3 samples"
"s__Parabacteroides_distasonis",0.538461538461538,0.692307692307692,"all pts w/ 3 samples"
"s__Bacteroides_caccae",0.538461538461538,0.615384615384615,"all pts w/ 3 samples"
"s__Bacteroides_ovatus",0.538461538461538,0.615384615384615,"all pts w/ 3 samples"
"s__Odoribacter_splanchnicus",0.538461538461538,0.692307692307692,"all pts w/ 3 samples"
"s__Dysosmobacter_welbionis",0.538461538461538,0.923076923076923,"all pts w/ 3 samples"
"s__Clostridiales_bacterium",0.538461538461538,0.846153846153846,"all pts w/ 3 samples"
"s__GGB9512_SGB14909",0.538461538461538,0.615384615384615,"all pts w/ 3 samples"
"s__Enterocloster_hominis",0.538461538461538,0.846153846153846,"all pts w/ 3 samples"
"s__Ruminococcus_torques",0.538461538461538,0.692307692307692,"all pts w/ 3 samples"
"s__Clostridiaceae_bacterium",0.538461538461538,0.923076923076923,"all pts w/ 3 samples"
"s__Anaerobutyricum_hallii",0.538461538461538,0.615384615384615,"all pts w/ 3 samples"
"s__Evtepia_gabavorous",0.538461538461538,0.615384615384615,"all pts w/ 3 samples"
"s__Candidatus_Cibionibacter_quicibialis",0.538461538461538,0.538461538461538,"all pts w/ 3 samples"
"s__Alistipes_putredinis",0.461538461538462,0.615384615384615,"all pts w/ 3 samples"
"s__Phascolarctobacterium_faecium",0.461538461538462,0.538461538461538,"all pts w/ 3 samples"
"s__Dorea_longicatena",0.461538461538462,0.692307692307692,"all pts w/ 3 samples"
"s__Bacteroides_fragilis",0.461538461538462,0.538461538461538,"all pts w/ 3 samples"
"s__Eggerthella_lenta",0.461538461538462,0.461538461538462,"all pts w/ 3 samples"
"s__Clostridium_fessum",0.461538461538462,0.692307692307692,"all pts w/ 3 samples"
"s__Oliverpabstia_intestinalis",0.461538461538462,0.538461538461538,"all pts w/ 3 samples"
"s__Coprococcus_catus",0.461538461538462,0.538461538461538,"all pts w/ 3 samples"
"s__Gemmiger_formicilis",0.461538461538462,0.461538461538462,"all pts w/ 3 samples"
"s__Mediterraneibacter_faecis",0.461538461538462,0.615384615384615,"all pts w/ 3 samples"
"s__Lachnospira_eligens",0.461538461538462,0.769230769230769,"all pts w/ 3 samples"
"s__Lachnospiraceae_bacterium",0.461538461538462,0.615384615384615,"all pts w/ 3 samples"
"s__Roseburia_inulinivorans",0.461538461538462,0.769230769230769,"all pts w/ 3 samples"
"s__Butyricimonas_virosa",0.461538461538462,0.538461538461538,"all pts w/ 3 samples"
"s__Eubacterium_siraeum",0.461538461538462,0.615384615384615,"all pts w/ 3 samples"
"s__GGB32900_SGB53446",0.461538461538462,0.538461538461538,"all pts w/ 3 samples"
"s__Flavonifractor_plautii",0.384615384615385,0.615384615384615,"all pts w/ 3 samples"
"s__Streptococcus_salivarius",0.384615384615385,0.692307692307692,"all pts w/ 3 samples"
"s__Ruminococcus_gnavus",0.384615384615385,0.461538461538462,"all pts w/ 3 samples"
"s__Brotolimicola_acetigignens",0.384615384615385,0.846153846153846,"all pts w/ 3 samples"
"s__Bacteroides_xylanisolvens",0.384615384615385,0.538461538461538,"all pts w/ 3 samples"
"s__Paraprevotella_clara",0.384615384615385,0.461538461538462,"all pts w/ 3 samples"
"s__Bacteroides_finegoldii",0.384615384615385,0.615384615384615,"all pts w/ 3 samples"
"s__Agathobaculum_butyriciproducens",0.384615384615385,0.923076923076923,"all pts w/ 3 samples"
"s__GGB33469_SGB15236",0.384615384615385,0.384615384615385,"all pts w/ 3 samples"
"s__Oscillibacter_sp_MSJ_31",0.384615384615385,0.461538461538462,"all pts w/ 3 samples"
"s__GGB9602_SGB15031",0.384615384615385,0.384615384615385,"all pts w/ 3 samples"
"s__Lawsonibacter_asaccharolyticus",0.384615384615385,0.769230769230769,"all pts w/ 3 samples"
"s__Vescimonas_coprocola",0.384615384615385,0.384615384615385,"all pts w/ 3 samples"
"s__Enterocloster_bolteae",0.384615384615385,0.384615384615385,"all pts w/ 3 samples"
"s__Bilophila_wadsworthia",0.384615384615385,0.538461538461538,"all pts w/ 3 samples"
"s__Akkermansia_muciniphila",0.384615384615385,0.461538461538462,"all pts w/ 3 samples"
"s__GGB3109_SGB4121",0.384615384615385,0.538461538461538,"all pts w/ 3 samples"
"s__Parasutterella_SGB9260",0.307692307692308,0.307692307692308,"all pts w/ 3 samples"
"s__Bacteroides_stercoris",0.307692307692308,0.384615384615385,"all pts w/ 3 samples"
"s__Blautia_caecimuris",0.307692307692308,0.384615384615385,"all pts w/ 3 samples"
"s__Blautia_glucerasea",0.307692307692308,0.384615384615385,"all pts w/ 3 samples"
"s__Lacrimispora_amygdalina",0.307692307692308,0.538461538461538,"all pts w/ 3 samples"
"s__Dorea_sp_AF36_15AT",0.307692307692308,0.384615384615385,"all pts w/ 3 samples"
"s__Blautia_SGB4815",0.307692307692308,0.384615384615385,"all pts w/ 3 samples"
"s__Ruminococcus_bicirculans",0.307692307692308,0.615384615384615,"all pts w/ 3 samples"
"s__Phocaeicola_plebeius",0.307692307692308,0.384615384615385,"all pts w/ 3 samples"
"s__Faecalibacterium_sp_HTFF",0.307692307692308,0.461538461538462,"all pts w/ 3 samples"
"s__Oscillibacter_sp_ER4",0.307692307692308,0.307692307692308,"all pts w/ 3 samples"
"s__Lachnospira_pectinoschiza",0.307692307692308,0.692307692307692,"all pts w/ 3 samples"
"s__GGB9635_SGB15106",0.307692307692308,0.307692307692308,"all pts w/ 3 samples"
"s__Faecalibacterium_SGB15346",0.307692307692308,0.384615384615385,"all pts w/ 3 samples"
"s__Barnesiella_intestinihominis",0.307692307692308,0.461538461538462,"all pts w/ 3 samples"
"s__Gemmiger_SGB15295",0.307692307692308,0.307692307692308,"all pts w/ 3 samples"
"s__GGB13489_SGB15224",0.307692307692308,0.307692307692308,"all pts w/ 3 samples"
"s__GGB9708_SGB15234",0.307692307692308,0.384615384615385,"all pts w/ 3 samples"
"s__Kineothrix_SGB4886",0.307692307692308,0.384615384615385,"all pts w/ 3 samples"
"s__Bifidobacterium_longum",0.307692307692308,0.307692307692308,"all pts w/ 3 samples"
"s__Romboutsia_timonensis",0.307692307692308,0.461538461538462,"all pts w/ 3 samples"
"s__GGB9699_SGB15216",0.307692307692308,0.307692307692308,"all pts w/ 3 samples"
"s__Alistipes_senegalensis",0.307692307692308,0.307692307692308,"all pts w/ 3 samples"
"s__Adlercreutzia_equolifaciens",0.307692307692308,0.615384615384615,"all pts w/ 3 samples"
"s__Methanobrevibacter_smithii",0.307692307692308,0.384615384615385,"all pts w/ 3 samples"
"s__Bacteroides_intestinalis",0.307692307692308,0.384615384615385,"all pts w/ 3 samples"
"s__Phocaeicola_coprocola",0.230769230769231,0.230769230769231,"all pts w/ 3 samples"
"s__Bifidobacterium_adolescentis",0.230769230769231,0.307692307692308,"all pts w/ 3 samples"
"s__Clostridium_sp_AT4",0.230769230769231,0.307692307692308,"all pts w/ 3 samples"
"s__Clostridium_SGB4750",0.230769230769231,0.538461538461538,"all pts w/ 3 samples"
"s__Roseburia_intestinalis",0.230769230769231,0.692307692307692,"all pts w/ 3 samples"
"s__Clostridiaceae_bacterium_Marseille_Q3526",0.230769230769231,0.230769230769231,"all pts w/ 3 samples"
"s__GGB3550_SGB4746",0.230769230769231,0.307692307692308,"all pts w/ 3 samples"
"s__Mediterraneibacter_glycyrrhizinilyticus",0.230769230769231,0.230769230769231,"all pts w/ 3 samples"
"s__Bacteroides_salyersiae",0.230769230769231,0.230769230769231,"all pts w/ 3 samples"
"s__Alistipes_finegoldii",0.230769230769231,0.307692307692308,"all pts w/ 3 samples"
"s__Parasutterella_excrementihominis",0.230769230769231,0.384615384615385,"all pts w/ 3 samples"
"s__Phocaeicola_dorei",0.230769230769231,0.307692307692308,"all pts w/ 3 samples"
"s__Clostridium_sp_AM22_11AC",0.230769230769231,0.461538461538462,"all pts w/ 3 samples"
"s__Eubacterium_ramulus",0.230769230769231,0.307692307692308,"all pts w/ 3 samples"
"s__Bacteroides_cellulosilyticus",0.230769230769231,0.384615384615385,"all pts w/ 3 samples"
"s__Anaerobutyricum_soehngenii",0.230769230769231,0.538461538461538,"all pts w/ 3 samples"
"s__Desulfovibrio_fairfieldensis",0.230769230769231,0.230769230769231,"all pts w/ 3 samples"
"s__GGB51647_SGB4348",0.230769230769231,0.230769230769231,"all pts w/ 3 samples"
"s__GGB3304_SGB4367",0.230769230769231,0.230769230769231,"all pts w/ 3 samples"
"s__GGB9747_SGB15356",0.230769230769231,0.230769230769231,"all pts w/ 3 samples"
"s__Clostridium_sp_AF36_4",0.230769230769231,0.615384615384615,"all pts w/ 3 samples"
"s__Roseburia_faecis",0.230769230769231,0.769230769230769,"all pts w/ 3 samples"
"s__Phocaeicola_massiliensis",0.230769230769231,0.230769230769231,"all pts w/ 3 samples"
"s__Bacteroides_clarus",0.230769230769231,0.230769230769231,"all pts w/ 3 samples"
"s__GGB9758_SGB15368",0.230769230769231,0.307692307692308,"all pts w/ 3 samples"
"s__GGB9502_SGB14899",0.230769230769231,0.307692307692308,"all pts w/ 3 samples"
"s__Alistipes_communis",0.230769230769231,0.384615384615385,"all pts w/ 3 samples"
"s__Coprobacter_fastidiosus",0.230769230769231,0.230769230769231,"all pts w/ 3 samples"
"s__GGB3730_SGB5060",0.230769230769231,0.230769230769231,"all pts w/ 3 samples"
"s__Lawsonibacter_SGB15145",0.230769230769231,0.230769230769231,"all pts w/ 3 samples"
"s__GGB9760_SGB15373",0.230769230769231,0.230769230769231,"all pts w/ 3 samples"
"s__Oscillospiraceae_bacterium",0.230769230769231,0.461538461538462,"all pts w/ 3 samples"
"s__Faecalicatena_fissicatena",0.230769230769231,0.461538461538462,"all pts w/ 3 samples"
"s__GGB3819_SGB5184",0.230769230769231,0.384615384615385,"all pts w/ 3 samples"
"s__GGB9634_SGB15093",0.230769230769231,0.230769230769231,"all pts w/ 3 samples"
"s__Clostridium_scindens",0.230769230769231,0.307692307692308,"all pts w/ 3 samples"
"s__Streptococcus_parasanguinis",0.230769230769231,0.384615384615385,"all pts w/ 3 samples"
"s__GGB9534_SGB14937",0.230769230769231,0.384615384615385,"all pts w/ 3 samples"
"s__Phascolarctobacterium_succinatutens",0.230769230769231,0.230769230769231,"all pts w/ 3 samples"
"s__Alistipes_shahii",0.230769230769231,0.384615384615385,"all pts w/ 3 samples"
"s__bacterium_210917_DFI_7_65",0.230769230769231,0.384615384615385,"all pts w/ 3 samples"
"s__GGB9524_SGB14924",0.230769230769231,0.384615384615385,"all pts w/ 3 samples"
"s__Holdemania_filiformis",0.230769230769231,0.384615384615385,"all pts w/ 3 samples"
"s__GGB3167_SGB4181",0.230769230769231,0.307692307692308,"all pts w/ 3 samples"
"s__Rikenellaceae_bacterium",0.230769230769231,0.230769230769231,"all pts w/ 3 samples"
"s__Alistipes_ihumii",0.230769230769231,0.307692307692308,"all pts w/ 3 samples"
"s__GGB9694_SGB15204",0.230769230769231,0.384615384615385,"all pts w/ 3 samples"
"s__Clostridiaceae_unclassified_SGB15090",0.230769230769231,0.230769230769231,"all pts w/ 3 samples"
"s__GGB5980_SGB8599",0.230769230769231,0.230769230769231,"all pts w/ 3 samples"
"s__GGB9712_SGB15244",0.230769230769231,0.230769230769231,"all pts w/ 3 samples"
"s__Blautia_sp_MCC283",0.230769230769231,0.230769230769231,"all pts w/ 3 samples"
"s__GGB4552_SGB6276",0.230769230769231,0.230769230769231,"all pts w/ 3 samples"
"s__GGB38744_SGB14842",0.153846153846154,0.153846153846154,"all pts w/ 3 samples"
"s__Monoglobus_pectinilyticus",0.153846153846154,0.538461538461538,"all pts w/ 3 samples"
"s__GGB3493_SGB4668",0.153846153846154,0.153846153846154,"all pts w/ 3 samples"
"s__Streptococcus_thermophilus",0.153846153846154,0.230769230769231,"all pts w/ 3 samples"
"s__Firmicutes_bacterium",0.153846153846154,0.230769230769231,"all pts w/ 3 samples"
"s__Escherichia_coli",0.153846153846154,0.153846153846154,"all pts w/ 3 samples"
"s__GGB3433_SGB4574",0.153846153846154,0.153846153846154,"all pts w/ 3 samples"
"s__GGB9480_SGB14874",0.153846153846154,0.153846153846154,"all pts w/ 3 samples"
"s__Hydrogenoanaerobacterium_SGB53821",0.153846153846154,0.307692307692308,"all pts w/ 3 samples"
"s__Eubacterium_ventriosum",0.153846153846154,0.230769230769231,"all pts w/ 3 samples"
"s__Intestinibacter_bartlettii",0.153846153846154,0.153846153846154,"all pts w/ 3 samples"
"s__Anaerotignum_faecicola",0.153846153846154,0.307692307692308,"all pts w/ 3 samples"
"s__Lachnospiraceae_bacterium_CLA_AA_H244",0.153846153846154,0.461538461538462,"all pts w/ 3 samples"
"s__Segatella_copri",0.153846153846154,0.153846153846154,"all pts w/ 3 samples"
"s__GGB1627_SGB2230",0.153846153846154,0.153846153846154,"all pts w/ 3 samples"
"s__GGB3278_SGB4328",0.153846153846154,0.230769230769231,"all pts w/ 3 samples"
"s__GGB1266_SGB1699",0.153846153846154,0.153846153846154,"all pts w/ 3 samples"
"s__GGB9715_SGB15260",0.153846153846154,0.153846153846154,"all pts w/ 3 samples"
"s__GGB9342_SGB14306",0.153846153846154,0.307692307692308,"all pts w/ 3 samples"
"s__GGB9715_SGB15267",0.153846153846154,0.153846153846154,"all pts w/ 3 samples"
"s__GGB3052_SGB4053",0.153846153846154,0.153846153846154,"all pts w/ 3 samples"
"s__Frisingicoccus_SGB4674",0.153846153846154,0.384615384615385,"all pts w/ 3 samples"
"s__GGB9707_SGB15229",0.153846153846154,0.307692307692308,"all pts w/ 3 samples"
"s__GGB3653_SGB4964",0.153846153846154,0.615384615384615,"all pts w/ 3 samples"
"s__Candidatus_Borkfalkia_ceftriaxoniphila",0.153846153846154,0.230769230769231,"all pts w/ 3 samples"
"s__Coprococcus_eutactus",0.153846153846154,0.384615384615385,"all pts w/ 3 samples"
"s__GGB2970_SGB3952",0.153846153846154,0.307692307692308,"all pts w/ 3 samples"
"s__Faecalibacterium_sp_CLA_AA_H233",0.153846153846154,0.461538461538462,"all pts w/ 3 samples"
"s__GGB33469_SGB15237",0.153846153846154,0.153846153846154,"all pts w/ 3 samples"
"s__Clostridiaceae_bacterium_Marseille_Q4143",0.153846153846154,0.307692307692308,"all pts w/ 3 samples"
"s__Lachnospiraceae_bacterium_AM48_27BH",0.153846153846154,0.307692307692308,"all pts w/ 3 samples"
"s__Bifidobacterium_pseudocatenulatum",0.153846153846154,0.230769230769231,"all pts w/ 3 samples"
"s__Clostridium_saudiense",0.153846153846154,0.307692307692308,"all pts w/ 3 samples"
"s__GGB3433_SGB4573",0.153846153846154,0.230769230769231,"all pts w/ 3 samples"
"s__Slackia_isoflavoniconvertens",0.153846153846154,0.230769230769231,"all pts w/ 3 samples"
"s__GGB3537_SGB4727",0.153846153846154,0.230769230769231,"all pts w/ 3 samples"
"s__Emergencia_timonensis",0.153846153846154,0.307692307692308,"all pts w/ 3 samples"
"s__Sellimonas_intestinalis",0.153846153846154,0.153846153846154,"all pts w/ 3 samples"
"s__GGB9719_SGB15272",0.153846153846154,0.153846153846154,"all pts w/ 3 samples"
"s__Clostridium_symbiosum",0.153846153846154,0.307692307692308,"all pts w/ 3 samples"
"s__GGB9531_SGB14932",0.153846153846154,0.307692307692308,"all pts w/ 3 samples"
"s__Longicatena_caecimuris",0.153846153846154,0.153846153846154,"all pts w/ 3 samples"
"s__GGB9782_SGB15403",0.153846153846154,0.230769230769231,"all pts w/ 3 samples"
"s__Clostridium_leptum",0.153846153846154,0.307692307692308,"all pts w/ 3 samples"
"s__Faecalibacillus_faecis",0.153846153846154,0.230769230769231,"all pts w/ 3 samples"
"s__Hydrogenoanaerobacterium_saccharovorans",0.153846153846154,0.384615384615385,"all pts w/ 3 samples"
"s__GGB58158_SGB79798",0.153846153846154,0.307692307692308,"all pts w/ 3 samples"
"s__GGB33586_SGB53517",0.153846153846154,0.307692307692308,"all pts w/ 3 samples"
"s__GGB9176_SGB14114",0.153846153846154,0.307692307692308,"all pts w/ 3 samples"
"s__Ruminococcus_lactaris",0.153846153846154,0.384615384615385,"all pts w/ 3 samples"
"s__Clostridium_sp_AM49_4BH",0.153846153846154,0.384615384615385,"all pts w/ 3 samples"
"s__GGB3478_SGB4643",0.153846153846154,0.384615384615385,"all pts w/ 3 samples"
"s__GGB3057_SGB4059",0.153846153846154,0.230769230769231,"all pts w/ 3 samples"
"s__Lachnospiraceae_bacterium_OM04_12BH",0.153846153846154,0.230769230769231,"all pts w/ 3 samples"
"s__Sutterella_wadsworthensis",0.153846153846154,0.230769230769231,"all pts w/ 3 samples"
"s__Bacteroides_nordii",0.153846153846154,0.153846153846154,"all pts w/ 3 samples"
"s__GGB2848_SGB3813",0.153846153846154,0.153846153846154,"all pts w/ 3 samples"
"s__GGB9730_SGB15291",0.153846153846154,0.230769230769231,"all pts w/ 3 samples"
"s__GGB4566_SGB6305",0.153846153846154,0.230769230769231,"all pts w/ 3 samples"
"s__GGB36331_SGB15121",0.153846153846154,0.153846153846154,"all pts w/ 3 samples"
"s__Prevotella_stercorea",0.153846153846154,0.153846153846154,"all pts w/ 3 samples"
"s__GGB4599_SGB6362",0.153846153846154,0.153846153846154,"all pts w/ 3 samples"
"s__GGB4571_SGB6317",0.153846153846154,0.153846153846154,"all pts w/ 3 samples"
"s__GGB9501_SGB14898",0.153846153846154,0.153846153846154,"all pts w/ 3 samples"
"s__GGB9523_SGB14922",0.153846153846154,0.153846153846154,"all pts w/ 3 samples"
"s__GGB9198_SGB14137",0.153846153846154,0.153846153846154,"all pts w/ 3 samples"
"s__GGB3548_SGB4744",0.153846153846154,0.153846153846154,"all pts w/ 3 samples"
"s__GGB9509_SGB14906",0.153846153846154,0.153846153846154,"all pts w/ 3 samples"
"s__GGB3256_SGB4303",0.153846153846154,0.230769230769231,"all pts w/ 3 samples"
"s__GGB9715_SGB15265",0.153846153846154,0.153846153846154,"all pts w/ 3 samples"
"s__Alistipes_dispar",0.153846153846154,0.153846153846154,"all pts w/ 3 samples"
"s__GGB9547_SGB14954",0.153846153846154,0.230769230769231,"all pts w/ 3 samples"
"s__GGB13493_SGB15238",0.153846153846154,0.153846153846154,"all pts w/ 3 samples"
"s__GGB9110_SGB14043",0.153846153846154,0.153846153846154,"all pts w/ 3 samples"
"s__GGB9635_SGB15103",0.153846153846154,0.153846153846154,"all pts w/ 3 samples"
"s__GGB9759_SGB15370",0.153846153846154,0.153846153846154,"all pts w/ 3 samples"
"s__GGB2998_SGB3988",0.153846153846154,0.153846153846154,"all pts w/ 3 samples"
"s__GGB9092_SGB14022",0.153846153846154,0.153846153846154,"all pts w/ 3 samples"
"s__Eubacterium_sp_AF16_48",0.153846153846154,0.153846153846154,"all pts w/ 3 samples"
"s__GGB9602_SGB15028",0.153846153846154,0.153846153846154,"all pts w/ 3 samples"
"s__GGB9063_SGB13982",0.153846153846154,0.153846153846154,"all pts w/ 3 samples"
"s__GGB74511_SGB47635",0.153846153846154,0.230769230769231,"all pts w/ 3 samples"
"s__GGB1495_SGB2071",0.0769230769230769,0.0769230769230769,"all pts w/ 3 samples"
"s__Megasphaera_massiliensis",0.0769230769230769,0.0769230769230769,"all pts w/ 3 samples"
"s__Acidaminococcus_intestini",0.0769230769230769,0.0769230769230769,"all pts w/ 3 samples"
"s__Bifidobacterium_bifidum",0.0769230769230769,0.153846153846154,"all pts w/ 3 samples"
"s__Bilophila_SGB15451",0.0769230769230769,0.0769230769230769,"all pts w/ 3 samples"
"s__Dialister_invisus",0.0769230769230769,0.307692307692308,"all pts w/ 3 samples"
"s__GGB9575_SGB14988",0.0769230769230769,0.153846153846154,"all pts w/ 3 samples"
"s__Clostridia_bacterium_UC5_1_1D1",0.0769230769230769,0.0769230769230769,"all pts w/ 3 samples"
"s__GGB36331_SGB63183",0.0769230769230769,0.0769230769230769,"all pts w/ 3 samples"
"s__Blautia_SGB4793",0.0769230769230769,0.0769230769230769,"all pts w/ 3 samples"
"s__GGB3600_SGB4861",0.0769230769230769,0.153846153846154,"all pts w/ 3 samples"
"s__Phocea_massiliensis",0.0769230769230769,0.153846153846154,"all pts w/ 3 samples"
"s__Pseudoflavonifractor_phocaeensis",0.0769230769230769,0.230769230769231,"all pts w/ 3 samples"
"s__Bacteroides_faecis",0.0769230769230769,0.230769230769231,"all pts w/ 3 samples"
"s__Holdemanella_porci",0.0769230769230769,0.153846153846154,"all pts w/ 3 samples"
"s__Faecalimonas_umbilicata",0.0769230769230769,0.230769230769231,"all pts w/ 3 samples"
"s__Simiaoa_sunii",0.0769230769230769,0.230769230769231,"all pts w/ 3 samples"
"s__GGB3057_SGB71294",0.0769230769230769,0.153846153846154,"all pts w/ 3 samples"
"s__Clostridium_sp_AF20_17LB",0.0769230769230769,0.0769230769230769,"all pts w/ 3 samples"
"s__GGB9614_SGB15049",0.0769230769230769,0.153846153846154,"all pts w/ 3 samples"
"s__GGB1146_SGB1472",0.0769230769230769,0.0769230769230769,"all pts w/ 3 samples"
"s__GGB781_SGB1024",0.0769230769230769,0.0769230769230769,"all pts w/ 3 samples"
"s__GGB1458_SGB2021",0.0769230769230769,0.0769230769230769,"all pts w/ 3 samples"
"s__GGB3345_SGB4425",0.0769230769230769,0.0769230769230769,"all pts w/ 3 samples"
"s__GGB9634_SGB15101",0.0769230769230769,0.153846153846154,"all pts w/ 3 samples"
"s__Firmicutes_bacterium_AM41_11",0.0769230769230769,0.0769230769230769,"all pts w/ 3 samples"
"s__Clostridiaceae_bacterium_Marseille_Q4149",0.0769230769230769,0.230769230769231,"all pts w/ 3 samples"
"s__Sutterella_sp_AM11_39",0.0769230769230769,0.153846153846154,"all pts w/ 3 samples"
"s__GGB1116_SGB1430",0.0769230769230769,0.0769230769230769,"all pts w/ 3 samples"
"s__Oscillospiraceae_unclassified_SGB15256",0.0769230769230769,0.0769230769230769,"all pts w/ 3 samples"
"s__Sutterella_SGB9281",0.0769230769230769,0.153846153846154,"all pts w/ 3 samples"
"s__GGB9627_SGB15081",0.0769230769230769,0.230769230769231,"all pts w/ 3 samples"
"s__GGB9775_SGB15395",0.0769230769230769,0.384615384615385,"all pts w/ 3 samples"
"s__GGB9691_SGB15198",0.0769230769230769,0.153846153846154,"all pts w/ 3 samples"
"s__Vescimonas_fastidiosa",0.0769230769230769,0.153846153846154,"all pts w/ 3 samples"
"s__GGB3619_SGB4894",0.0769230769230769,0.153846153846154,"all pts w/ 3 samples"
"s__GGB9760_SGB15374",0.0769230769230769,0.153846153846154,"all pts w/ 3 samples"
"s__GGB3612_SGB4882",0.0769230769230769,0.153846153846154,"all pts w/ 3 samples"
"s__Butyricimonas_faecalis",0.0769230769230769,0.0769230769230769,"all pts w/ 3 samples"
"s__GGB9616_SGB15051",0.0769230769230769,0.0769230769230769,"all pts w/ 3 samples"
"s__GGB9064_SGB13983",0.0769230769230769,0.153846153846154,"all pts w/ 3 samples"
"s__Blautia_luti",0.0769230769230769,0.230769230769231,"all pts w/ 3 samples"
"s__Clostridium_SGB6173",0.0769230769230769,0.153846153846154,"all pts w/ 3 samples"
"s__GGB3722_SGB5050",0.0769230769230769,0.0769230769230769,"all pts w/ 3 samples"
"s__GGB87445_SGB15180",0.0769230769230769,0.153846153846154,"all pts w/ 3 samples"
"s__Faecalibacillus_intestinalis",0.0769230769230769,0.384615384615385,"all pts w/ 3 samples"
"s__Intestinimonas_butyriciproducens",0.0769230769230769,0.307692307692308,"all pts w/ 3 samples"
"s__Anaeromassilibacillus_senegalensis",0.0769230769230769,0.307692307692308,"all pts w/ 3 samples"
"s__GGB9563_SGB14975",0.0769230769230769,0.153846153846154,"all pts w/ 3 samples"
"s__Fusicatenibacter_sp_CLA_AA_H277",0.0769230769230769,0.230769230769231,"all pts w/ 3 samples"
"s__Clostridium_sp_AM33_3",0.0769230769230769,0.153846153846154,"all pts w/ 3 samples"
"s__Blautia_hansenii",0.0769230769230769,0.0769230769230769,"all pts w/ 3 samples"
"s__Blautia_producta",0.0769230769230769,0.0769230769230769,"all pts w/ 3 samples"
"s__GGB9365_SGB14341",0.0769230769230769,0.230769230769231,"all pts w/ 3 samples"
"s__Rothia_mucilaginosa",0.0769230769230769,0.153846153846154,"all pts w/ 3 samples"
"s__GGB9469_SGB14862",0.0769230769230769,0.0769230769230769,"all pts w/ 3 samples"
"s__Enterocloster_aldenensis",0.0769230769230769,0.230769230769231,"all pts w/ 3 samples"
"s__GGB33512_SGB15201",0.0769230769230769,0.307692307692308,"all pts w/ 3 samples"
"s__GGB3550_SGB4747",0.0769230769230769,0.153846153846154,"all pts w/ 3 samples"
"s__GGB9343_SGB14307",0.0769230769230769,0.230769230769231,"all pts w/ 3 samples"
"s__GGB2653_SGB3574",0.0769230769230769,0.153846153846154,"all pts w/ 3 samples"
"s__Neglectibacter_timonensis",0.0769230769230769,0.153846153846154,"all pts w/ 3 samples"
"s__Blautia_stercoris",0.0769230769230769,0.0769230769230769,"all pts w/ 3 samples"
"s__Clostridium_sp_AM29_11AC",0.0769230769230769,0.153846153846154,"all pts w/ 3 samples"
"s__GGB9547_SGB14953",0.0769230769230769,0.153846153846154,"all pts w/ 3 samples"
"s__GGB9770_SGB15390",0.0769230769230769,0.153846153846154,"all pts w/ 3 samples"
"s__Lachnoclostridium_pacaense",0.0769230769230769,0.153846153846154,"all pts w/ 3 samples"
"s__Anaerotruncus_massiliensis",0.0769230769230769,0.307692307692308,"all pts w/ 3 samples"
"s__Alistipes_indistinctus",0.0769230769230769,0.153846153846154,"all pts w/ 3 samples"
"s__Massilistercora_timonensis",0.0769230769230769,0.153846153846154,"all pts w/ 3 samples"
"s__Intestinimonas_massiliensis",0.0769230769230769,0.153846153846154,"all pts w/ 3 samples"
"s__Enterocloster_lavalensis",0.0769230769230769,0.230769230769231,"all pts w/ 3 samples"
"s__Lachnospira_sp_NSJ_43",0.0769230769230769,0.153846153846154,"all pts w/ 3 samples"
"s__Roseburia_sp_AF02_12",0.0769230769230769,0.230769230769231,"all pts w/ 3 samples"
"s__GGB9667_SGB15164",0.0769230769230769,0.307692307692308,"all pts w/ 3 samples"
"s__GGB9619_SGB15066",0.0769230769230769,0.153846153846154,"all pts w/ 3 samples"
"s__GGB4745_SGB6571",0.0769230769230769,0.230769230769231,"all pts w/ 3 samples"
"s__GGB4729_SGB6550",0.0769230769230769,0.0769230769230769,"all pts w/ 3 samples"
"s__Victivallis_lenta",0.0769230769230769,0.0769230769230769,"all pts w/ 3 samples"
"s__Clostridiaceae_bacterium_AF18_31LB",0.0769230769230769,0.307692307692308,"all pts w/ 3 samples"
"s__GGB9551_SGB14958",0.0769230769230769,0.0769230769230769,"all pts w/ 3 samples"
"s__Butyricimonas_synergistica",0.0769230769230769,0.0769230769230769,"all pts w/ 3 samples"
"s__GGB52130_SGB14966",0.0769230769230769,0.230769230769231,"all pts w/ 3 samples"
"s__Turicimonas_muris",0.0769230769230769,0.0769230769230769,"all pts w/ 3 samples"
"s__Eubacteriaceae_bacterium",0.0769230769230769,0.307692307692308,"all pts w/ 3 samples"
"s__GGB3475_SGB4638",0.0769230769230769,0.0769230769230769,"all pts w/ 3 samples"
"s__GGB9261_SGB14209",0.0769230769230769,0.0769230769230769,"all pts w/ 3 samples"
"s__Roseburia_sp_BX1005",0.0769230769230769,0.153846153846154,"all pts w/ 3 samples"
"s__Anaerotruncus_colihominis",0.0769230769230769,0.0769230769230769,"all pts w/ 3 samples"
"s__Hungatella_hathewayi",0.0769230769230769,0.0769230769230769,"all pts w/ 3 samples"
"s__GGB6612_SGB9346",0.0769230769230769,0.0769230769230769,"all pts w/ 3 samples"
"s__GGB79097_SGB105802",0.0769230769230769,0.0769230769230769,"all pts w/ 3 samples"
"s__GGB5997_SGB8620",0.0769230769230769,0.0769230769230769,"all pts w/ 3 samples"
"s__GGB1663_SGB2279",0.0769230769230769,0.0769230769230769,"all pts w/ 3 samples"
"s__Clostridia_bacterium",0.0769230769230769,0.0769230769230769,"all pts w/ 3 samples"
"s__GGB6007_SGB8634",0.0769230769230769,0.0769230769230769,"all pts w/ 3 samples"
"s__GGB9719_SGB53514",0.0769230769230769,0.0769230769230769,"all pts w/ 3 samples"
"s__GGB9619_SGB15067",0.0769230769230769,0.230769230769231,"all pts w/ 3 samples"
"s__GGB9186_SGB14125",0.0769230769230769,0.0769230769230769,"all pts w/ 3 samples"
"s__Holdemania_sp_1001095H_141210_F2",0.0769230769230769,0.0769230769230769,"all pts w/ 3 samples"
"s__Intestinimonas_gabonensis",0.0769230769230769,0.0769230769230769,"all pts w/ 3 samples"
"s__Candidatus_Gastranaerophilales_bacterium",0.0769230769230769,0.230769230769231,"all pts w/ 3 samples"
"s__Streptococcus_vestibularis",0.0769230769230769,0.153846153846154,"all pts w/ 3 samples"
"s__Bacteroides_propionicigenes",0.0769230769230769,0.0769230769230769,"all pts w/ 3 samples"
"s__GGB6613_SGB9347",0.0769230769230769,0.0769230769230769,"all pts w/ 3 samples"
"s__Jutongia_hominis",0.0769230769230769,0.0769230769230769,"all pts w/ 3 samples"
"s__GGB28640_SGB4673",0.0769230769230769,0.230769230769231,"all pts w/ 3 samples"
"s__Eubacterium_callanderi",0.0769230769230769,0.0769230769230769,"all pts w/ 3 samples"
"s__GGB3363_SGB4447",0.0769230769230769,0.0769230769230769,"all pts w/ 3 samples"
"s__GGB4567_SGB6308",0.0769230769230769,0.0769230769230769,"all pts w/ 3 samples"
"s__GGB9708_SGB15233",0.0769230769230769,0.0769230769230769,"all pts w/ 3 samples"
"s__Phocaeicola_coprophilus",0.0769230769230769,0.0769230769230769,"all pts w/ 3 samples"
"s__Methanomassiliicoccaceae_unclassified_SGB380",0.0769230769230769,0.0769230769230769,"all pts w/ 3 samples"
"s__GGB9634_SGB15095",0.0769230769230769,0.0769230769230769,"all pts w/ 3 samples"
"s__Prevotella_lascolaii",0.0769230769230769,0.0769230769230769,"all pts w/ 3 samples"
"s__GGB9710_SGB15239",0.0769230769230769,0.0769230769230769,"all pts w/ 3 samples"
"s__Phascolarctobacterium_sp_ET69",0.0769230769230769,0.0769230769230769,"all pts w/ 3 samples"
"s__GGB9349_SGB14316",0.0769230769230769,0.0769230769230769,"all pts w/ 3 samples"
"s__GGB9642_SGB15119",0.0769230769230769,0.0769230769230769,"all pts w/ 3 samples"
"s__GGB9712_SGB15241",0.0769230769230769,0.0769230769230769,"all pts w/ 3 samples"
"s__GGB9302_SGB14263",0.0769230769230769,0.0769230769230769,"all pts w/ 3 samples"
"s__GGB9819_SGB15460",0.0769230769230769,0.0769230769230769,"all pts w/ 3 samples"
"s__GGB6568_SGB9279",0.0769230769230769,0.0769230769230769,"all pts w/ 3 samples"
"s__GGB71580_SGB98325",0.0769230769230769,0.0769230769230769,"all pts w/ 3 samples"
"s__GGB9786_SGB15409",0.0769230769230769,0.0769230769230769,"all pts w/ 3 samples"
"s__Ruminococcus_callidus",0.0769230769230769,0.230769230769231,"all pts w/ 3 samples"
"s__Eubacteriales_bacterium",0.0769230769230769,0.153846153846154,"all pts w/ 3 samples"
"s__GGB9634_SGB15100",0.0769230769230769,0.0769230769230769,"all pts w/ 3 samples"
"s__GGB9637_SGB15111",0.0769230769230769,0.0769230769230769,"all pts w/ 3 samples"
"s__GGB9289_SGB14244",0.0769230769230769,0.0769230769230769,"all pts w/ 3 samples"
"s__GGB9634_SGB15097",0.0769230769230769,0.0769230769230769,"all pts w/ 3 samples"
"s__GGB9590_SGB15012",0.0769230769230769,0.0769230769230769,"all pts w/ 3 samples"
"s__Ellagibacter_isourolithinifaciens",0.0769230769230769,0.0769230769230769,"all pts w/ 3 samples"
"s__GGB9636_SGB15107",0.0769230769230769,0.0769230769230769,"all pts w/ 3 samples"
"s__GGB6649_SGB9391",0.0769230769230769,0.153846153846154,"all pts w/ 3 samples"
"s__GGB34228_SGB53814",0.0769230769230769,0.0769230769230769,"all pts w/ 3 samples"
"s__Lachnotalea_sp_AF33_28",0.0769230769230769,0.153846153846154,"all pts w/ 3 samples"
"s__Clostridium_spiroforme",0.0769230769230769,0.153846153846154,"all pts w/ 3 samples"
"s__Enterobacter_roggenkampii",0.0769230769230769,0.0769230769230769,"all pts w/ 3 samples"
"s__GGB1550_SGB2135",0.0769230769230769,0.0769230769230769,"all pts w/ 3 samples"
"s__GGB3733_SGB5066",0.0769230769230769,0.0769230769230769,"all pts w/ 3 samples"
"s__GGB6006_SGB8630",0.0769230769230769,0.0769230769230769,"all pts w/ 3 samples"
"s__GGB9061_SGB13979",0.0769230769230769,0.0769230769230769,"all pts w/ 3 samples"
"s__Puniceicoccaceae_unclassified_SGB60941",0.0769230769230769,0.0769230769230769,"all pts w/ 3 samples"
"s__Bacteroides_pectinophilus",0.0769230769230769,0.0769230769230769,"all pts w/ 3 samples"
"s__GGB9412_SGB14770",0.0769230769230769,0.0769230769230769,"all pts w/ 3 samples"
"s__Fournierella_massiliensis",0.0769230769230769,0.0769230769230769,"all pts w/ 3 samples"
"s__GGB3220_SGB4252",0.0769230769230769,0.153846153846154,"all pts w/ 3 samples"
"s__Flavonifractor_sp_An10",0.0769230769230769,0.153846153846154,"all pts w/ 3 samples"
"s__Eubacteriaceae_bacterium_Marseille_Q4139",0.0769230769230769,0.0769230769230769,"all pts w/ 3 samples"
"s__Lachnoclostridium_sp_An14",0.0769230769230769,0.0769230769230769,"all pts w/ 3 samples"
"s__GGB9695_SGB15211",0.0769230769230769,0.0769230769230769,"all pts w/ 3 samples"
"s__GGB74708_SGB54312",0.0769230769230769,0.0769230769230769,"all pts w/ 3 samples"
"s__Pseudoflavonifractor_capillosus",0.0769230769230769,0.153846153846154,"all pts w/ 3 samples"
"s__GGB3365_SGB4451",0.0769230769230769,0.0769230769230769,"all pts w/ 3 samples"
"s__GGB9117_SGB14050",0.0769230769230769,0.0769230769230769,"all pts w/ 3 samples"
"s__GGB9580_SGB14996",0.0769230769230769,0.0769230769230769,"all pts w/ 3 samples"
"s__GGB9210_SGB14149",0.0769230769230769,0.153846153846154,"all pts w/ 3 samples"
"s__Longibaculum_muris",0.0769230769230769,0.153846153846154,"all pts w/ 3 samples"
"s__GGB3602_SGB4865",0.0769230769230769,0.0769230769230769,"all pts w/ 3 samples"
"s__GGB41473_SGB58537",0.0769230769230769,0.0769230769230769,"all pts w/ 3 samples"
"s__GGB3480_SGB4648",0.0769230769230769,0.0769230769230769,"all pts w/ 3 samples"
"s__Clostridiales_bacterium_Marseille_P2846",0.0769230769230769,0.0769230769230769,"all pts w/ 3 samples"
"s__Ruminococcus_SGB4421",0.0769230769230769,0.0769230769230769,"all pts w/ 3 samples"
"s__GGB4603_SGB6367",0.0769230769230769,0.0769230769230769,"all pts w/ 3 samples"
"s__GGB4596_SGB6358",0.0769230769230769,0.0769230769230769,"all pts w/ 3 samples"
"s__GGB27848_SGB40282",0.0769230769230769,0.0769230769230769,"all pts w/ 3 samples"
"s__GGB9603_SGB15035",0.0769230769230769,0.0769230769230769,"all pts w/ 3 samples"
"s__GGB9618_SGB15065",0.0769230769230769,0.0769230769230769,"all pts w/ 3 samples"
"s__Dialister_hominis",0.0769230769230769,0.153846153846154,"all pts w/ 3 samples"
"s__GGB9211_SGB14151",0.0769230769230769,0.0769230769230769,"all pts w/ 3 samples"
"s__GGB6610_SGB9344",0.0769230769230769,0.0769230769230769,"all pts w/ 3 samples"
"s__GGB34540_SGB54300",0.0769230769230769,0.0769230769230769,"all pts w/ 3 samples"
"s__Clostridiaceae_bacterium_Marseille_Q4145",0.0769230769230769,0.0769230769230769,"all pts w/ 3 samples"
"s__GGB47150_SGB65079",0.0769230769230769,0.0769230769230769,"all pts w/ 3 samples"
"s__GGB3637_SGB4930",0.0769230769230769,0.0769230769230769,"all pts w/ 3 samples"
"s__Collinsella_intestinalis",0.0769230769230769,0.0769230769230769,"all pts w/ 3 samples"
"s__Lachnospiraceae_unclassified_SGB4550",0.0769230769230769,0.0769230769230769,"all pts w/ 3 samples"
"s__GGB79118_SGB105839",0.0769230769230769,0.0769230769230769,"all pts w/ 3 samples"
"s__GGB4768_SGB6601",0.0769230769230769,0.0769230769230769,"all pts w/ 3 samples"
"s__GGB6518_SGB9205",0.0769230769230769,0.0769230769230769,"all pts w/ 3 samples"
"s__GGB3001_SGB3992",0.0769230769230769,0.0769230769230769,"all pts w/ 3 samples"
"s__Eubacteriaceae_bacterium_CHKCI004",0.0769230769230769,0.0769230769230769,"all pts w/ 3 samples"
"s__Dysosmobacter_SGB15077",0.0769230769230769,0.0769230769230769,"all pts w/ 3 samples"
"s__GGB2658_SGB3579",0.0769230769230769,0.0769230769230769,"all pts w/ 3 samples"
"s__Collinsella_SGB63083",0.0769230769230769,0.0769230769230769,"all pts w/ 3 samples"
"s__GGB3277_SGB4327",0.0769230769230769,0.0769230769230769,"all pts w/ 3 samples"
"s__GGB4456_SGB6141",0.0769230769230769,0.230769230769231,"all pts w/ 3 samples"
"s__Clostridiaceae_unclassified_SGB4771",0.0769230769230769,0.0769230769230769,"all pts w/ 3 samples"
"s__GGB4567_SGB6307",0.0769230769230769,0.0769230769230769,"all pts w/ 3 samples"
"s__Desulfovibrio_sp_86",0.0769230769230769,0.0769230769230769,"all pts w/ 3 samples"
"s__Bariatricus_massiliensis",0.0769230769230769,0.0769230769230769,"all pts w/ 3 samples"
"s__Alistipes_montrealensis",0.0769230769230769,0.0769230769230769,"all pts w/ 3 samples"
"s__GGB4585_SGB6340",0.0769230769230769,0.0769230769230769,"all pts w/ 3 samples"
"s__Enteroscipio_rubneri",0.0769230769230769,0.0769230769230769,"all pts w/ 3 samples"
"s__GGB3352_SGB62935",0.0769230769230769,0.0769230769230769,"all pts w/ 3 samples"
"s__Lentihominibacter_SGB71368",0.0769230769230769,0.0769230769230769,"all pts w/ 3 samples"
"s__GGB1630_SGB2238",0.0769230769230769,0.0769230769230769,"all pts w/ 3 samples"
"s__Bacteroides_fluxus",0.0769230769230769,0.0769230769230769,"all pts w/ 3 samples"
"s__Duodenibacillus_massiliensis",0.0769230769230769,0.0769230769230769,"all pts w/ 3 samples"
"s__Jingyaoa_shaoxingensis",0.0769230769230769,0.0769230769230769,"all pts w/ 3 samples"
"s__GGB34797_SGB14323",0.0769230769230769,0.0769230769230769,"all pts w/ 3 samples"
"s__GGB3593_SGB4817",0.0769230769230769,0.0769230769230769,"all pts w/ 3 samples"
"s__Ruminococcus_sp_AF41_9",0.0769230769230769,0.0769230769230769,"all pts w/ 3 samples"
"s__Qingrenia_yutianensis",0.0769230769230769,0.0769230769230769,"all pts w/ 3 samples"
"s__GGB4749_SGB6578",0.0769230769230769,0.0769230769230769,"all pts w/ 3 samples"
"s__Bifidobacterium_pullorum",0,0.0769230769230769,"all pts w/ 3 samples"
"s__Collinsella_stercoris",0,0.0769230769230769,"all pts w/ 3 samples"
"s__Pediococcus_acidilactici",0,0,"all pts w/ 3 samples"
"s__GGB3606_SGB4870",0,0.0769230769230769,"all pts w/ 3 samples"
"s__GGB3511_SGB4688",0,0.0769230769230769,"all pts w/ 3 samples"
"s__GGB9739_SGB15313",0,0,"all pts w/ 3 samples"
"s__Tyzzerella_SGB4587",0,0,"all pts w/ 3 samples"
"s__Catenibacterium_tridentinum",0,0,"all pts w/ 3 samples"
"s__Dielma_fastidiosa",0,0.0769230769230769,"all pts w/ 3 samples"
"s__Tyzzerella_nexilis",0,0,"all pts w/ 3 samples"
"s__Mogibacterium_kristiansenii",0,0,"all pts w/ 3 samples"
"s__Wujia_chipingensis",0,0.153846153846154,"all pts w/ 3 samples"
"s__Ligilactobacillus_animalis",0,0.0769230769230769,"all pts w/ 3 samples"
"s__Enterobacter_hormaechei",0,0.0769230769230769,"all pts w/ 3 samples"
"s__Clostridium_perfringens",0,0.153846153846154,"all pts w/ 3 samples"
"s__GGB9184_SGB14123",0,0,"all pts w/ 3 samples"
"s__Paeniclostridium_sordellii",0,0,"all pts w/ 3 samples"
"s__GGB9185_SGB14124",0,0.0769230769230769,"all pts w/ 3 samples"
"s__GGB34228_SGB72916",0,0.153846153846154,"all pts w/ 3 samples"
"s__GGB9608_SGB15043",0,0,"all pts w/ 3 samples"
"s__GGB9383_SGB72489",0,0,"all pts w/ 3 samples"
"s__GGB79104_SGB105821",0,0,"all pts w/ 3 samples"
"s__Senegalimassilia_anaerobia",0,0,"all pts w/ 3 samples"
"s__GGB9533_SGB14936",0,0.0769230769230769,"all pts w/ 3 samples"
"s__GGB4487_SGB6184",0,0,"all pts w/ 3 samples"
"s__GGB2977_SGB3959",0,0,"all pts w/ 3 samples"
"s__Blautia_sp_OF03_15BH",0,0.0769230769230769,"all pts w/ 3 samples"
"s__GGB3000_SGB3991",0,0,"all pts w/ 3 samples"
"s__GGB9297_SGB14255",0,0.0769230769230769,"all pts w/ 3 samples"
"s__Haemophilus_parainfluenzae",0,0,"all pts w/ 3 samples"
"s__Desulfovibrio_desulfuricans",0,0.0769230769230769,"all pts w/ 3 samples"
"s__GGB9522_SGB14921",0,0.0769230769230769,"all pts w/ 3 samples"
"s__GGB3328_SGB4406",0,0.0769230769230769,"all pts w/ 3 samples"
"s__GGB9597_SGB15022",0,0,"all pts w/ 3 samples"
"s__GGB51884_SGB49168",0,0.0769230769230769,"all pts w/ 3 samples"
"s__GGB3321_SGB4394",0,0,"all pts w/ 3 samples"
"s__GGB9616_SGB15052",0,0,"all pts w/ 3 samples"
"s__Colidextribacter_sp_210702_DFI_3_9",0,0.0769230769230769,"all pts w/ 3 samples"
"s__Hafnia_alvei",0,0,"all pts w/ 3 samples"
"s__Clostridium_sp_AF27_2AA",0,0.230769230769231,"all pts w/ 3 samples"
"s__Blautia_hydrogenotrophica",0,0.153846153846154,"all pts w/ 3 samples"
"s__Turicibacter_sanguinis",0,0.0769230769230769,"all pts w/ 3 samples"
"s__Anaerostipes_caccae",0,0,"all pts w/ 3 samples"
"s__Coprococcus_SGB106014",0,0,"all pts w/ 3 samples"
"s__Erysipelatoclostridium_ramosum",0,0.0769230769230769,"all pts w/ 3 samples"
"s__Lentihominibacter_faecis",0,0.0769230769230769,"all pts w/ 3 samples"
"s__Wansuia_hejianensis",0,0.0769230769230769,"all pts w/ 3 samples"
"s__Frisingicoccus_caecimuris",0,0,"all pts w/ 3 samples"
"s__GGB45491_SGB63163",0,0.0769230769230769,"all pts w/ 3 samples"
"s__Lentihominibacter_hominis",0,0.0769230769230769,"all pts w/ 3 samples"
"s__Gordonibacter_pamelaeae",0,0.0769230769230769,"all pts w/ 3 samples"
"s__GGB3005_SGB3996",0,0.153846153846154,"all pts w/ 3 samples"
"s__Clostridium_innocuum",0,0,"all pts w/ 3 samples"
"s__Amedibacillus_dolichus",0,0,"all pts w/ 3 samples"
"s__GGB2980_SGB3962",0,0,"all pts w/ 3 samples"
"s__Christensenella_minuta",0,0,"all pts w/ 3 samples"
"s__Zhenpiania_hominis",0,0,"all pts w/ 3 samples"
"s__Coprobacillus_cateniformis",0,0,"all pts w/ 3 samples"
"s__Schaalia_SGB17158",0,0,"all pts w/ 3 samples"
"s__Schaalia_SGB17153",0,0,"all pts w/ 3 samples"
"s__Actinomyces_oris",0,0,"all pts w/ 3 samples"
"s__GGB9781_SGB15402",0,0.153846153846154,"all pts w/ 3 samples"
"s__Enterocloster_clostridioformis",0,0.230769230769231,"all pts w/ 3 samples"
"s__GGB50802_SGB106454",0,0,"all pts w/ 3 samples"
"s__Firmicutes_unclassified_SGB47660",0,0,"all pts w/ 3 samples"
"s__Lachnospiraceae_unclassified_SGB47637",0,0,"all pts w/ 3 samples"
"s__Bacteroides_acidifaciens",0,0,"all pts w/ 3 samples"
"s__Streptococcus_australis",0,0,"all pts w/ 3 samples"
"s__Streptococcus_mitis",0,0,"all pts w/ 3 samples"
"s__Firmicutes_unclassified_SGB47659",0,0,"all pts w/ 3 samples"
"s__Enterocloster_asparagiformis",0,0.153846153846154,"all pts w/ 3 samples"
"s__Clostridioides_difficile",0,0,"all pts w/ 3 samples"
"s__Propionibacterium_freudenreichii",0,0,"all pts w/ 3 samples"
"s__GGB3247_SGB4294",0,0,"all pts w/ 3 samples"
"s__GGB3576_SGB4784",0,0,"all pts w/ 3 samples"
"s__Anaerotignum_lactatifermentans",0,0.0769230769230769,"all pts w/ 3 samples"
"s__GGB40351_SGB14301",0,0,"all pts w/ 3 samples"
"s__GGB9453_SGB14845",0,0.0769230769230769,"all pts w/ 3 samples"
"s__Dorea_phocaeensis",0,0.0769230769230769,"all pts w/ 3 samples"
"s__GGB9719_SGB15273",0,0,"all pts w/ 3 samples"
"s__GGB9210_SGB14150",0,0,"all pts w/ 3 samples"
"s__GGB4802_SGB6641",0,0.0769230769230769,"all pts w/ 3 samples"
"s__Eisenbergiella_massiliensis",0,0.0769230769230769,"all pts w/ 3 samples"
"s__Yanshouia_hominis",0,0,"all pts w/ 3 samples"
"s__GGB9818_SGB15459",0,0,"all pts w/ 3 samples"
"s__GGB3002_SGB3993",0,0.0769230769230769,"all pts w/ 3 samples"
"s__Parabacteroides_gordonii",0,0,"all pts w/ 3 samples"
"s__GGB9781_SGB66170",0,0.153846153846154,"all pts w/ 3 samples"
"s__Provencibacterium_massiliense",0,0.0769230769230769,"all pts w/ 3 samples"
"s__GGB3441_SGB4591",0,0,"all pts w/ 3 samples"
"s__GGB9770_SGB15389",0,0.0769230769230769,"all pts w/ 3 samples"
"s__Lawsonibacter_faecis",0,0.0769230769230769,"all pts w/ 3 samples"
"s__GGB58071_SGB79702",0,0,"all pts w/ 3 samples"
"s__Anaerotruncus_rubiinfantis",0,0.230769230769231,"all pts w/ 3 samples"
"s__Anaerofilum_hominis",0,0.0769230769230769,"all pts w/ 3 samples"
"s__GGB9049_SGB13954",0,0,"all pts w/ 3 samples"
"s__Bacteroides_rodentium",0,0.0769230769230769,"all pts w/ 3 samples"
"s__GGB1425_SGB1964",0,0.0769230769230769,"all pts w/ 3 samples"
"s__GGB4581_SGB6331",0,0,"all pts w/ 3 samples"
"s__GGB1512_SGB2092",0,0.0769230769230769,"all pts w/ 3 samples"
"s__GGB24147_SGB35951",0,0.0769230769230769,"all pts w/ 3 samples"
"s__GGB12693_SGB19690",0,0.0769230769230769,"all pts w/ 3 samples"
"s__GGB9333_SGB14296",0,0,"all pts w/ 3 samples"
"s__GGB9495_SGB14892",0,0.230769230769231,"all pts w/ 3 samples"
"s__Pseudoruminococcus_massiliensis",0,0.0769230769230769,"all pts w/ 3 samples"
"s__Parabacteroides_goldsteinii",0,0.0769230769230769,"all pts w/ 3 samples"
"s__GGB3033_SGB4029",0,0.153846153846154,"all pts w/ 3 samples"
"s__Marvinbryantia_SGB4691",0,0.0769230769230769,"all pts w/ 3 samples"
"s__Muribaculum_gordoncarteri",0,0.0769230769230769,"all pts w/ 3 samples"
"s__GGB33544_SGB53490",0,0.0769230769230769,"all pts w/ 3 samples"
"s__GGB4613_SGB6388",0,0,"all pts w/ 3 samples"
"s__GGB1332_SGB1789",0,0.0769230769230769,"all pts w/ 3 samples"
"s__GGB36267_SGB14177",0,0,"all pts w/ 3 samples"
"s__GGB9724_SGB15278",0,0.0769230769230769,"all pts w/ 3 samples"
"s__GGB9059_SGB13976",0,0.0769230769230769,"all pts w/ 3 samples"
"s__GGB9354_SGB14327",0,0.0769230769230769,"all pts w/ 3 samples"
"s__Traorella_massiliensis",0,0.0769230769230769,"all pts w/ 3 samples"
"s__Limosilactobacillus_fermentum",0,0,"all pts w/ 3 samples"
"s__GGB9062_SGB13981",0,0,"all pts w/ 3 samples"
"s__Roseburia_lenta",0,0.0769230769230769,"all pts w/ 3 samples"
"s__GGB6133_SGB8780",0,0.0769230769230769,"all pts w/ 3 samples"
"s__Alistipes_timonensis",0,0.0769230769230769,"all pts w/ 3 samples"
"s__Slackia_piriformis",0,0.0769230769230769,"all pts w/ 3 samples"
"s__Pseudoflavonifractor_sp_AF19_9AC",0,0.0769230769230769,"all pts w/ 3 samples"
"s__GGB9115_SGB14048",0,0,"all pts w/ 3 samples"
"s__Mediterraneibacter_massiliensis",0,0.0769230769230769,"all pts w/ 3 samples"
"s__GGB2996_SGB3983",0,0.0769230769230769,"all pts w/ 3 samples"
"s__GGB1661_SGB2275",0,0,"all pts w/ 3 samples"
"s__GGB74511_SGB105989",0,0.0769230769230769,"all pts w/ 3 samples"
"s__Collinsella_sp_AF08_23",0,0,"all pts w/ 3 samples"
"s__GGB3740_SGB5076",0,0.0769230769230769,"all pts w/ 3 samples"
"s__Fusobacterium_SGB6028",0,0.0769230769230769,"all pts w/ 3 samples"
"s__Butyricimonas_faecihominis",0,0.153846153846154,"all pts w/ 3 samples"
"s__Clostridium_SGB48024",0,0.0769230769230769,"all pts w/ 3 samples"
"s__Bifidobacterium_dentium",0,0,"all pts w/ 3 samples"
"s__Veillonella_parvula",0,0.0769230769230769,"all pts w/ 3 samples"
"s__GGB51139_SGB71360",0,0,"all pts w/ 3 samples"
"s__Drancourtella_massiliensis",0,0,"all pts w/ 3 samples"
"s__Massilimicrobiota_timonensis",0,0,"all pts w/ 3 samples"
"s__Enterocloster_citroniae",0,0.230769230769231,"all pts w/ 3 samples"
"s__Catenibacillus_scindens",0,0,"all pts w/ 3 samples"
"s__GGB1153_SGB1481",0,0,"all pts w/ 3 samples"
"s__GGB1492_SGB2067",0,0,"all pts w/ 3 samples"
"s__Mediterraneibacter_SGB4586",0,0,"all pts w/ 3 samples"
"s__GGB9480_SGB14873",0,0,"all pts w/ 3 samples"
"s__Butyricimonas_paravirosa",0,0,"all pts w/ 3 samples"
"s__Blautia_marasmi",0,0,"all pts w/ 3 samples"
"s__GGB47740_SGB65712",0,0,"all pts w/ 3 samples"
"s__GGB9355_SGB14328",0,0,"all pts w/ 3 samples"
"s__GGB4593_SGB6353",0,0.0769230769230769,"all pts w/ 3 samples"
"s__GGB4617_SGB6392",0,0,"all pts w/ 3 samples"
"s__Veillonella_dispar",0,0.0769230769230769,"all pts w/ 3 samples"
"s__GGB9621_SGB15073",0,0.0769230769230769,"all pts w/ 3 samples"
"s__GGB9088_SGB14017",0,0,"all pts w/ 3 samples"
"s__Butyricicoccus_SGB14990",0,0.0769230769230769,"all pts w/ 3 samples"
"s__GGB9701_SGB15218",0,0.0769230769230769,"all pts w/ 3 samples"
"s__GGB9623_SGB15075",0,0.0769230769230769,"all pts w/ 3 samples"
"s__GGB9593_SGB15015",0,0.0769230769230769,"all pts w/ 3 samples"
"s__GGB9291_SGB14248",0,0.0769230769230769,"all pts w/ 3 samples"
"s__GGB9348_SGB14315",0,0.230769230769231,"all pts w/ 3 samples"
"s__GGB4884_SGB6823",0,0.0769230769230769,"all pts w/ 3 samples"
"s__Negativibacillus_massiliensis",0,0.0769230769230769,"all pts w/ 3 samples"
"s__GGB41366_SGB58424",0,0.0769230769230769,"all pts w/ 3 samples"
"s__GGB9199_SGB14138",0,0,"all pts w/ 3 samples"
"s__Dysosmobacter_SGB15074",0,0.0769230769230769,"all pts w/ 3 samples"
"s__GGB9640_SGB15115",0,0,"all pts w/ 3 samples"
"s__GGB33512_SGB15202",0,0,"all pts w/ 3 samples"
"s__GGB38145_SGB53822",0,0,"all pts w/ 3 samples"
"s__GGB9296_SGB14253",0,0.0769230769230769,"all pts w/ 3 samples"
"s__GGB9444_SGB14834",0,0.0769230769230769,"all pts w/ 3 samples"
"s__Dysosmobacter_sp_Marseille_Q4140",0,0.0769230769230769,"all pts w/ 3 samples"
"s__GGB4564_SGB6302",0,0,"all pts w/ 3 samples"
"s__Butyricicoccus_intestinisimiae",0,0,"all pts w/ 3 samples"
"s__Enterococcus_faecalis",0,0.0769230769230769,"all pts w/ 3 samples"
"s__GGB9559_SGB14969",0,0,"all pts w/ 3 samples"
"s__Clostridium_sp_1001270J_160509_D11",0,0.153846153846154,"all pts w/ 3 samples"
"s__GGB9711_SGB15240",0,0,"all pts w/ 3 samples"
"s__Guopingia_tenuis",0,0.0769230769230769,"all pts w/ 3 samples"
"s__Pseudoflavonifractor_gallinarum",0,0.0769230769230769,"all pts w/ 3 samples"
"s__GGB2982_SGB3964",0,0.230769230769231,"all pts w/ 3 samples"
"s__GGB9225_SGB14166",0,0,"all pts w/ 3 samples"
"s__GGB6608_SGB9342",0,0.0769230769230769,"all pts w/ 3 samples"
"s__Jilunia_laotingensis",0,0.0769230769230769,"all pts w/ 3 samples"
"s__Enterococcus_faecium",0,0.0769230769230769,"all pts w/ 3 samples"
"s__GGB47687_SGB2286",0,0,"all pts w/ 3 samples"
"s__GGB6518_SGB9206",0,0,"all pts w/ 3 samples"
"s__Lawsonibacter_hominis",0,0.0769230769230769,"all pts w/ 3 samples"
"s__Odoribacter_laneus",0,0,"all pts w/ 3 samples"
"s__GGB9620_SGB15068",0,0,"all pts w/ 3 samples"
"s__GGB32451_SGB47419",0,0,"all pts w/ 3 samples"
"s__GGB9716_SGB15269",0,0.153846153846154,"all pts w/ 3 samples"
"s__GGB9668_SGB15165",0,0.0769230769230769,"all pts w/ 3 samples"
"s__GGB3678_SGB4991",0,0.0769230769230769,"all pts w/ 3 samples"
"s__GGB9765_SGB15382",0,0.153846153846154,"all pts w/ 3 samples"
"s__GGB4658_SGB6445",0,0,"all pts w/ 3 samples"
"s__Erysipelatoclostridium_sp_An15",0,0,"all pts w/ 3 samples"
"s__GGB45495_SGB63167",0,0,"all pts w/ 3 samples"
"s__GGB3032_SGB4027",0,0,"all pts w/ 3 samples"
"s__GGB3816_SGB5181",0,0,"all pts w/ 3 samples"
"s__Eubacteriales_unclassified_SGB15150",0,0.0769230769230769,"all pts w/ 3 samples"
"s__GGB9116_SGB14049",0,0.0769230769230769,"all pts w/ 3 samples"
"s__GGB74699_SGB54317",0,0.0769230769230769,"all pts w/ 3 samples"
"s__Lachnoclostridium_sp_An118",0,0,"all pts w/ 3 samples"
"s__Clostridium_sp_Marseille_P3244",0,0.0769230769230769,"all pts w/ 3 samples"
"s__Flavonifractor_sp_An135",0,0.0769230769230769,"all pts w/ 3 samples"
"s__GGB9574_SGB14987",0,0.0769230769230769,"all pts w/ 3 samples"
"s__Coprococcus_sp_AF21_14LB",0,0,"all pts w/ 3 samples"
"s__GGB3609_SGB4877",0,0,"all pts w/ 3 samples"
"s__Lachnoclostridium_sp_An181",0,0,"all pts w/ 3 samples"
"s__Schaalia_odontolytica",0,0,"all pts w/ 3 samples"
"s__Veillonella_atypica",0,0,"all pts w/ 3 samples"
"s__Morganella_morganii",0,0,"all pts w/ 3 samples"
"s__Klebsiella_oxytoca",0,0,"all pts w/ 3 samples"
"s__Saccharomyces_cerevisiae",0,0,"all pts w/ 3 samples"
"s__Veillonellaceae_bacterium",0,0,"all pts w/ 3 samples"
"s__Actinomyces_graevenitzii",0,0,"all pts w/ 3 samples"
"s__GGB6002_SGB24096",0,0,"all pts w/ 3 samples"
"s__GGB45613_SGB63326",0,0.0769230769230769,"all pts w/ 3 samples"
"s__GGB2987_SGB3969",0,0.0769230769230769,"all pts w/ 3 samples"
"s__GGB79342_SGB106059",0,0,"all pts w/ 3 samples"
"s__Merdimonas_faecis",0,0,"all pts w/ 3 samples"
"s__Akkermansia_sp_BIOML_A66",0,0,"all pts w/ 3 samples"
"s__GGB3175_SGB4191",0,0.153846153846154,"all pts w/ 3 samples"
"s__GGB3004_SGB106198",0,0,"all pts w/ 3 samples"
"s__GGB9240_SGB14182",0,0.153846153846154,"all pts w/ 3 samples"
"s__Clostridium_SGB4751",0,0,"all pts w/ 3 samples"
"s__bacterium_210917_SL_2_15",0,0,"all pts w/ 3 samples"
"s__GGB9583_SGB15004",0,0,"all pts w/ 3 samples"
"s__GGB3518_SGB4697",0,0,"all pts w/ 3 samples"
"s__GGB79417_SGB106068",0,0,"all pts w/ 3 samples"
"s__Faecalibacillus_SGB6753",0,0,"all pts w/ 3 samples"
"s__Anaerotignum_sp_MSJ_24",0,0,"all pts w/ 3 samples"
"s__Lacrimispora_sp_210928_DFI_3_58",0,0,"all pts w/ 3 samples"
"s__GGB3740_SGB5077",0,0,"all pts w/ 3 samples"
"s__Streptococcus_mutans",0,0,"all pts w/ 3 samples"
"s__Youxingia_wuxianensis",0,0,"all pts w/ 3 samples"
"s__GGB27106_SGB6188",0,0,"all pts w/ 3 samples"
"s__GGB51441_SGB71759",0,0,"all pts w/ 3 samples"
"s__Jutongia_huaianensis",0,0,"all pts w/ 3 samples"
"s__GGB3474_SGB4637",0,0,"all pts w/ 3 samples"
"s__GGB13727_SGB8655",0,0,"all pts w/ 3 samples"
"s__GGB4588_SGB6347",0,0,"all pts w/ 3 samples"
"s__Blautia_schinkii",0,0.0769230769230769,"all pts w/ 3 samples"
"s__GGB9737_SGB15309",0,0,"all pts w/ 3 samples"
"s__GGB9697_SGB15213",0,0,"all pts w/ 3 samples"
"s__GGB51960_SGB72480",0,0,"all pts w/ 3 samples"
"s__GGB35068_SGB47850",0,0,"all pts w/ 3 samples"
"s__Clostridium_SGB6177",0,0,"all pts w/ 3 samples"
"s__Klebsiella_pneumoniae",0,0.0769230769230769,"all pts w/ 3 samples"
"s__Bifidobacterium_catenulatum",0,0,"all pts w/ 3 samples"
"s__Eubacterium_maltosivorans",0,0.0769230769230769,"all pts w/ 3 samples"
"s__Aeromonas_caviae",0,0,"all pts w/ 3 samples"
"s__Gemmiger_SGB72777",0,0.0769230769230769,"all pts w/ 3 samples"
"s__GGB3304_SGB4365",0,0,"all pts w/ 3 samples"
"s__GGB9347_SGB14313",0,0,"all pts w/ 3 samples"
"s__GGB9345_SGB14311",0,0.153846153846154,"all pts w/ 3 samples"
"s__Butyrivibrio_crossotus",0,0,"all pts w/ 3 samples"
"s__Segatella_hominis",0,0,"all pts w/ 3 samples"
"s__Holdemanella_biformis",0,0,"all pts w/ 3 samples"
"s__GGB9334_SGB14297",0,0,"all pts w/ 3 samples"
"s__Desulfovibrio_piger",0,0,"all pts w/ 3 samples"
"s__GGB9677_SGB15179",0,0,"all pts w/ 3 samples"
"s__GGB9687_SGB15191",0,0,"all pts w/ 3 samples"
"s__GGB3497_SGB4672",0,0,"all pts w/ 3 samples"
"s__Segatella_sinensis",0,0,"all pts w/ 3 samples"
"s__GGB9271_SGB14222",0,0,"all pts w/ 3 samples"
"s__GGB4571_SGB6321",0,0,"all pts w/ 3 samples"
"s__GGB1582_SGB2173",0,0,"all pts w/ 3 samples"
"s__Prevotella_dentalis",0,0,"all pts w/ 3 samples"
"s__GGB1239_SGB1657",0,0,"all pts w/ 3 samples"
"s__Parabacteroides_sp_AGMB00274",0,0,"all pts w/ 3 samples"
"s__GGB1672_SGB2289",0,0,"all pts w/ 3 samples"
"s__Segatella_brunsvicensis",0,0,"all pts w/ 3 samples"
"s__GGB12893_SGB20033",0,0,"all pts w/ 3 samples"
"s__Candidatus_Methanomassiliicoccus_intestinalis",0,0,"all pts w/ 3 samples"
"s__GGB9080_SGB14004",0,0,"all pts w/ 3 samples"
"s__GGB12868_SGB20003",0,0,"all pts w/ 3 samples"
"s__GGB1123_SGB1437",0,0,"all pts w/ 3 samples"
"s__GGB1617_SGB2214",0,0,"all pts w/ 3 samples"
"s__GGB2958_SGB3940",0,0.0769230769230769,"all pts w/ 3 samples"
"s__GGB9770_SGB73065",0,0.0769230769230769,"all pts w/ 3 samples"
"s__Cloacibacillus_evryensis",0,0,"all pts w/ 3 samples"
"s__GGB1246_SGB1667",0,0,"all pts w/ 3 samples"
"s__GGB9790_SGB15413",0,0,"all pts w/ 3 samples"
"s__GGB6512_SGB9197",0,0,"all pts w/ 3 samples"
"s__GGB9249_SGB14193",0,0.0769230769230769,"all pts w/ 3 samples"
"s__Sanguibacteroides_justesenii",0,0,"all pts w/ 3 samples"
"s__Methanosphaera_stadtmanae",0,0,"all pts w/ 3 samples"
"s__GGB28474_SGB41058",0,0,"all pts w/ 3 samples"
"s__GGB31790_SGB47293",0,0,"all pts w/ 3 samples"
"s__GGB9784_SGB15407",0,0,"all pts w/ 3 samples"
"s__GGB9767_SGB15385",0,0,"all pts w/ 3 samples"
"s__Victivallis_sp_Marseille_Q1083",0,0,"all pts w/ 3 samples"
"s__Senegalimassilia_SGB14826",0,0,"all pts w/ 3 samples"
"s__GGB6128_SGB8774",0,0,"all pts w/ 3 samples"
"s__GGB9109_SGB14042",0,0,"all pts w/ 3 samples"
"s__GGB6519_SGB9208",0,0,"all pts w/ 3 samples"
"s__Cuneatibacter_sp_NSJ_177",0,0.153846153846154,"all pts w/ 3 samples"
"s__GGB9290_SGB14247",0,0,"all pts w/ 3 samples"
"s__GGB9582_SGB15003",0,0,"all pts w/ 3 samples"
"s__GGB1158_SGB1488",0,0,"all pts w/ 3 samples"
"s__Clostridium_SGB4909",0,0.0769230769230769,"all pts w/ 3 samples"
"s__GGB9524_SGB14923",0,0,"all pts w/ 3 samples"
"s__Victivallis_vadensis",0,0,"all pts w/ 3 samples"
"s__Clostridia_bacterium_UC5_1_1E11",0,0,"all pts w/ 3 samples"
"s__Clostridium_transplantifaecale",0,0,"all pts w/ 3 samples"
"s__Eisenbergiella_tayi",0,0,"all pts w/ 3 samples"
"s__Clostridium_saccharogumia",0,0,"all pts w/ 3 samples"
"s__GGB52106_SGB72838",0,0.0769230769230769,"all pts w/ 3 samples"
"s__Campylobacter_gracilis",0,0,"all pts w/ 3 samples"
"s__GGB74665_SGB13972",0,0,"all pts w/ 3 samples"
"s__Clostridium_sp_AF12_28",0,0,"all pts w/ 3 samples"
"s__GGB9646_SGB15123",0,0,"all pts w/ 3 samples"
"s__GGB9237_SGB14179",0,0.0769230769230769,"all pts w/ 3 samples"
"s__Enterobacter_ludwigii",0,0,"all pts w/ 3 samples"
"s__Lachnoclostridium_sp_An131",0,0,"all pts w/ 3 samples"
"s__Lachnoclostridium_sp_An138",0,0,"all pts w/ 3 samples"
"s__Mediterraneibacter_butyricigenes",0,0,"all pts w/ 3 samples"
"s__Angelakisella_massiliensis",0,0,"all pts w/ 3 samples"
"s__Blautia_argi",0,0,"all pts w/ 3 samples"
"s__GGB9513_SGB14911",0,0.0769230769230769,"all pts w/ 3 samples"
"s__Pyramidobacter_piscolens",0,0.0769230769230769,"all pts w/ 3 samples"
"s__GGB24148_SGB35952",0,0,"all pts w/ 3 samples"
"s__Bacteroidales_bacterium",0,0,"all pts w/ 3 samples"
"s__GGB27851_SGB40285",0,0,"all pts w/ 3 samples"
"s__Paramuribaculum_intestinale",0,0,"all pts w/ 3 samples"
"s__GGB27876_SGB40310",0,0,"all pts w/ 3 samples"
"s__Muribaculaceae_bacterium",0,0,"all pts w/ 3 samples"
"s__GGB29008_SGB41727",0,0,"all pts w/ 3 samples"
"s__Duncaniella_muris",0,0,"all pts w/ 3 samples"
"s__GGB1503_SGB2082",0,0,"all pts w/ 3 samples"
"s__GGB24132_SGB35935",0,0,"all pts w/ 3 samples"
"s__GGB14001_SGB21428",0,0,"all pts w/ 3 samples"
"s__Muribaculum_intestinale",0,0,"all pts w/ 3 samples"
"s__Heminiphilus_faecis",0,0,"all pts w/ 3 samples"
"s__Faecalibaculum_rodentium",0,0,"all pts w/ 3 samples"
"s__GGB25041_SGB36960",0,0,"all pts w/ 3 samples"
"s__GGB28310_SGB40880",0,0,"all pts w/ 3 samples"
"s__Duncaniella_dubosii",0,0,"all pts w/ 3 samples"
"s__Prevotella_sp_MGM1",0,0,"all pts w/ 3 samples"
"s__GGB28835_SGB41494",0,0,"all pts w/ 3 samples"
"s__GGB42333_SGB59501",0,0,"all pts w/ 3 samples"
"s__Mucispirillum_schaedleri",0,0,"all pts w/ 3 samples"
"s__Lachnospiraceae_unclassified_SGB41589",0,0,"all pts w/ 3 samples"
"s__GGB27929_SGB40368",0,0,"all pts w/ 3 samples"
"s__GGB27778_SGB40192",0,0,"all pts w/ 3 samples"
"s__Lachnospiraceae_bacterium_MD335",0,0,"all pts w/ 3 samples"
"s__Lachnospiraceae_bacterium_A2",0,0,"all pts w/ 3 samples"
"s__GGB24130_SGB35933",0,0,"all pts w/ 3 samples"
"s__GGB28682_SGB41310",0,0,"all pts w/ 3 samples"
"s__GGB27849_SGB40283",0,0,"all pts w/ 3 samples"
"s__Bacteroides_muris",0,0,"all pts w/ 3 samples"
"s__GGB28415_SGB40997",0,0,"all pts w/ 3 samples"
"s__GGB28828_SGB41484",0,0,"all pts w/ 3 samples"
"s__GGB28761_SGB41409",0,0,"all pts w/ 3 samples"
"s__Lachnospiraceae_unclassified_SGB41492",0,0,"all pts w/ 3 samples"
"s__GGB30454_SGB43514",0,0,"all pts w/ 3 samples"
"s__GGB30450_SGB43507",0,0,"all pts w/ 3 samples"
"s__Muribaculaceae_bacterium_Isolate_013_NCI",0,0,"all pts w/ 3 samples"
"s__GGB3793_SGB5158",0,0,"all pts w/ 3 samples"
"s__GGB70448_SGB94871",0,0,"all pts w/ 3 samples"
"s__GGB28893_SGB41574",0,0,"all pts w/ 3 samples"
"s__GGB42608_SGB59804",0,0,"all pts w/ 3 samples"
"s__GGB28787_SGB41440",0,0,"all pts w/ 3 samples"
"s__Ligilactobacillus_murinus",0,0,"all pts w/ 3 samples"
"s__GGB27885_SGB40319",0,0,"all pts w/ 3 samples"
"s__GGB29551_SGB42345",0,0,"all pts w/ 3 samples"
"s__GGB74395_SGB43523",0,0,"all pts w/ 3 samples"
"s__Limosilactobacillus_reuteri",0,0,"all pts w/ 3 samples"
"s__GGB28887_SGB41568",0,0,"all pts w/ 3 samples"
"s__bacterium_1xD42_87",0,0,"all pts w/ 3 samples"
"s__GGB24127_SGB35930",0,0,"all pts w/ 3 samples"
"s__Odoribacter_sp_Z80",0,0,"all pts w/ 3 samples"
"s__GGB28864_SGB41534",0,0,"all pts w/ 3 samples"
"s__GGB28927_SGB41625",0,0,"all pts w/ 3 samples"
"s__Bifidobacterium_pseudolongum",0,0,"all pts w/ 3 samples"
"s__GGB28895_SGB41576",0,0,"all pts w/ 3 samples"
"s__GGB28869_SGB41543",0,0,"all pts w/ 3 samples"
"s__GGB24146_SGB35950",0,0,"all pts w/ 3 samples"
"s__GGB28998_SGB41714",0,0,"all pts w/ 3 samples"
"s__Alistipes_sp_DSM_112343",0,0,"all pts w/ 3 samples"
"s__GGB3793_SGB41498",0,0,"all pts w/ 3 samples"
"s__GGB20146_SGB29427",0,0,"all pts w/ 3 samples"
"s__Burkholderiaceae_bacterium",0,0,"all pts w/ 3 samples"
"s__GGB29530_SGB42316",0,0,"all pts w/ 3 samples"
"s__Lachnospiraceae_bacterium_10_1",0,0,"all pts w/ 3 samples"
"s__Lactobacillus_johnsonii",0,0,"all pts w/ 3 samples"
"s__Bacteria_unclassified_SGB43544",0,0,"all pts w/ 3 samples"
"s__GGB28885_SGB41566",0,0,"all pts w/ 3 samples"
"s__GGB29472_SGB42251",0,0,"all pts w/ 3 samples"
"s__GGB27892_SGB40326",0,0,"all pts w/ 3 samples"
"s__GGB27914_SGB40352",0,0,"all pts w/ 3 samples"
"s__GGB28901_SGB41592",0,0,"all pts w/ 3 samples"
"s__GGB28926_SGB41623",0,0,"all pts w/ 3 samples"
"s__GGB1690_SGB40190",0,0,"all pts w/ 3 samples"
"s__GGB30462_SGB43535",0,0,"all pts w/ 3 samples"
"s__GGB30455_SGB43519",0,0,"all pts w/ 3 samples"
"s__GGB29531_SGB42317",0,0,"all pts w/ 3 samples"
"s__GGB28836_SGB41497",0,0,"all pts w/ 3 samples"
"s__GGB30408_SGB43438",0,0,"all pts w/ 3 samples"
"s__GGB14013_SGB21440",0,0,"all pts w/ 3 samples"
"s__GGB27893_SGB40327",0,0,"all pts w/ 3 samples"
"s__GGB28858_SGB59786",0,0,"all pts w/ 3 samples"
"s__GGB30471_SGB43555",0,0,"all pts w/ 3 samples"
"s__GGB31438_SGB44768",0,0,"all pts w/ 3 samples"
"s__GGB27861_SGB40295",0,0,"all pts w/ 3 samples"
"s__Oscillospiraceae_unclassified_SGB43526",0,0,"all pts w/ 3 samples"
"s__GGB28950_SGB41657",0,0,"all pts w/ 3 samples"
"s__Eubacterium_SGB102306",0,0,"all pts w/ 3 samples"
"s__Duncaniella_freteri",0,0,"all pts w/ 3 samples"
"s__GGB30290_SGB43252",0,0,"all pts w/ 3 samples"
"s__GGB28934_SGB41635",0,0,"all pts w/ 3 samples"
"s__GGB30473_SGB43557",0,0,"all pts w/ 3 samples"
"s__GGB30463_SGB43537",0,0,"all pts w/ 3 samples"
"s__GGB27697_SGB40070",0,0,"all pts w/ 3 samples"
"s__GGB29685_SGB42494",0,0,"all pts w/ 3 samples"
"s__GGB28416_SGB40998",0,0,"all pts w/ 3 samples"
"s__GGB28248_SGB40791",0,0,"all pts w/ 3 samples"
"s__GGB30142_SGB43067",0,0,"all pts w/ 3 samples"
"s__GGB45514_SGB63186",0,0,"all pts w/ 3 samples"
"s__GGB29549_SGB42343",0,0,"all pts w/ 3 samples"
"s__GGB31822_SGB45197",0,0,"all pts w/ 3 samples"
"s__GGB23844_SGB35575",0,0,"all pts w/ 3 samples"
"s__GGB28961_SGB41670",0,0,"all pts w/ 3 samples"
"s__GGB27792_SGB40208",0,0,"all pts w/ 3 samples"
"s__GGB28805_SGB41459",0,0,"all pts w/ 3 samples"
"s__Acetatifactor_SGB41545",0,0,"all pts w/ 3 samples"
"s__GGB45536_SGB63216",0,0,"all pts w/ 3 samples"
"s__GGB30457_SGB63218",0,0,"all pts w/ 3 samples"
"s__GGB27866_SGB40300",0,0,"all pts w/ 3 samples"
"s__Clostridiaceae_unclassified_SGB41663",0,0,"all pts w/ 3 samples"
"s__GGB73359_SGB46611",0,0,"all pts w/ 3 samples"
"s__Bacteria_unclassified_SGB63211",0,0,"all pts w/ 3 samples"
"s__GGB30452_SGB43511",0,0,"all pts w/ 3 samples"
"s__GGB30303_SGB43268",0,0,"all pts w/ 3 samples"
"s__GGB70398_SGB94820",0,0,"all pts w/ 3 samples"
"s__GGB42344_SGB59512",0,0,"all pts w/ 3 samples"
"s__GGB75074_SGB102167",0,0,"all pts w/ 3 samples"
"s__GGB27770_SGB40184",0,0,"all pts w/ 3 samples"
"s__GGB31701_SGB45057",0,0,"all pts w/ 3 samples"
"s__GGB30444_SGB43493",0,0,"all pts w/ 3 samples"
"s__GGB31108_SGB44379",0,0,"all pts w/ 3 samples"
"s__GGB25107_SGB41514",0,0,"all pts w/ 3 samples"
"s__GGB30286_SGB43248",0,0,"all pts w/ 3 samples"
"s__GGB29006_SGB41724",0,0,"all pts w/ 3 samples"
"s__GGB28428_SGB41011",0,0,"all pts w/ 3 samples"
"s__GGB30298_SGB43262",0,0,"all pts w/ 3 samples"
"s__GGB28817_SGB41472",0,0,"all pts w/ 3 samples"
"s__GGB30301_SGB43265",0,0,"all pts w/ 3 samples"
"s__GGB28317_SGB40889",0,0,"all pts w/ 3 samples"
"s__Adlercreutzia_muris",0,0,"all pts w/ 3 samples"
"s__GGB29622_SGB42426",0,0,"all pts w/ 3 samples"
"s__Schaedlerella_arabinosiphila",0,0,"all pts w/ 3 samples"
"s__GGB3171_SGB4185",0,0,"all pts w/ 3 samples"
"s__Lactobacillus_intestinalis",0,0,"all pts w/ 3 samples"
"s__GGB47344_SGB65300",0,0,"all pts w/ 3 samples"
"s__GGB29004_SGB41721",0,0,"all pts w/ 3 samples"
"s__GGB28405_SGB40987",0,0,"all pts w/ 3 samples"
"s__GGB28632_SGB41253",0,0,"all pts w/ 3 samples"
"s__GGB31312_SGB44628",0,0,"all pts w/ 3 samples"
"s__GGB28404_SGB40986",0,0,"all pts w/ 3 samples"
"s__bacterium_1XD21_13",0,0,"all pts w/ 3 samples"
"s__GGB28778_SGB41431",0,0,"all pts w/ 3 samples"
"s__GGB30141_SGB43066",0,0,"all pts w/ 3 samples"
"s__Acutalibacter_sp_1XD8_36",0,0,"all pts w/ 3 samples"
"s__GGB28845_SGB41512",0,0,"all pts w/ 3 samples"
"s__GGB30147_SGB43074",0,0,"all pts w/ 3 samples"
"s__GGB28934_SGB41637",0,0,"all pts w/ 3 samples"
"s__GGB28401_SGB40983",0,0,"all pts w/ 3 samples"
"s__bacterium_c_19",0,0,"all pts w/ 3 samples"
"s__Acetatifactor_sp_DSM_110981",0,0,"all pts w/ 3 samples"
"s__GGB28395_SGB40976",0,0,"all pts w/ 3 samples"
"s__Oscillospiraceae_unclassified_SGB43502",0,0,"all pts w/ 3 samples"
"s__Adlercreutzia_mucosicola",0,0,"all pts w/ 3 samples"
"s__GGB75900_SGB102322",0,0,"all pts w/ 3 samples"
"s__GGB28793_SGB41446",0,0,"all pts w/ 3 samples"
"s__GGB28790_SGB59770",0,0,"all pts w/ 3 samples"
"s__GGB31759_SGB65042",0,0,"all pts w/ 3 samples"
"s__GGB30475_SGB63182",0,0,"all pts w/ 3 samples"
"s__GGB28388_SGB40968",0,0,"all pts w/ 3 samples"
"s__GGB28380_SGB40960",0,0,"all pts w/ 3 samples"
"s__GGB30451_SGB43508",0,0,"all pts w/ 3 samples"
"s__GGB30413_SGB43452",0,0,"all pts w/ 3 samples"
"s__GGB28959_SGB41668",0,0,"all pts w/ 3 samples"
"s__bacterium_0_1xD8_82",0,0,"all pts w/ 3 samples"
"s__GGB30468_SGB43552",0,0,"all pts w/ 3 samples"
"s__GGB28884_SGB41565",0,0,"all pts w/ 3 samples"
"s__GGB24134_SGB35937",0,0,"all pts w/ 3 samples"
"s__GGB28402_SGB40984",0,0,"all pts w/ 3 samples"
"s__GGB28956_SGB41665",0,0,"all pts w/ 3 samples"
"s__GGB28854_SGB41523",0,0,"all pts w/ 3 samples"
"s__GGB28250_SGB40793",0,0,"all pts w/ 3 samples"
"s__GGB28879_SGB41559",0,0,"all pts w/ 3 samples"
"s__GGB30861_SGB44083",0,0,"all pts w/ 3 samples"
"s__Lachnospiraceae_unclassified_SGB41521",0,0,"all pts w/ 3 samples"
"s__bacterium_1XD42_76",0,0,"all pts w/ 3 samples"
"s__GGB30297_SGB43261",0,0,"all pts w/ 3 samples"
"s__GGB30667_SGB43809",0,0,"all pts w/ 3 samples"
"s__GGB28925_SGB41622",0,0,"all pts w/ 3 samples"
"s__GGB75106_SGB102240",0,0,"all pts w/ 3 samples"
"s__GGB28387_SGB40967",0,0,"all pts w/ 3 samples"
"s__Acutalibacter_sp_1XD8_33",0,0,"all pts w/ 3 samples"
"s__Bacteria_unclassified_SGB43541",0,0,"all pts w/ 3 samples"
"s__Bacteria_unclassified_SGB43539",0,0,"all pts w/ 3 samples"
"s__GGB42057_SGB59197",0,0,"all pts w/ 3 samples"
"s__GGB74395_SGB43521",0,0,"all pts w/ 3 samples"
"s__GGB30461_SGB63209",0,0,"all pts w/ 3 samples"
"s__Oscillospiraceae_unclassified_SGB43542",0,0,"all pts w/ 3 samples"
"s__GGB28836_SGB41496",0,0,"all pts w/ 3 samples"
"s__Acetatifactor_SGB41546",0,0,"all pts w/ 3 samples"
"s__GGB30302_SGB43267",0,0,"all pts w/ 3 samples"
"s__GGB70381_SGB94803",0,0,"all pts w/ 3 samples"
"s__GGB28399_SGB40980",0,0,"all pts w/ 3 samples"
"s__GGB31823_SGB45199",0,0,"all pts w/ 3 samples"
"s__bacterium_1xD8_48",0,0,"all pts w/ 3 samples"
"s__GGB29003_SGB41719",0,0,"all pts w/ 3 samples"
"s__GGB28898_SGB41580",0,0,"all pts w/ 3 samples"
"s__GGB28851_SGB41518",0,0,"all pts w/ 3 samples"
"s__GGB30463_SGB102197",0,0,"all pts w/ 3 samples"
"s__GGB30414_SGB43453",0,0,"all pts w/ 3 samples"
"s__Neglectibacter_sp_X4",0,0,"all pts w/ 3 samples"
"s__GGB28996_SGB41712",0,0,"all pts w/ 3 samples"
"s__GGB28840_SGB102297",0,0,"all pts w/ 3 samples"
"s__GGB28949_SGB41656",0,0,"all pts w/ 3 samples"
"s__Lachnospiraceae_unclassified_SGB41418",0,0,"all pts w/ 3 samples"
"s__GGB30089_SGB43001",0,0,"all pts w/ 3 samples"
"s__Bacteria_unclassified_SGB102200",0,0,"all pts w/ 3 samples"
"s__GGB28782_SGB41435",0,0,"all pts w/ 3 samples"
"s__GGB30460_SGB63207",0,0,"all pts w/ 3 samples"
"s__GGB30453_SGB43513",0,0,"all pts w/ 3 samples"
"s__bacterium_D16_76",0,0,"all pts w/ 3 samples"
"s__Lachnospiraceae_bacterium_MD308",0,0,"all pts w/ 3 samples"
"s__Pumilibacter_sp_CLA_AA_M10",0,0,"all pts w/ 3 samples"
"s__GGB30464_SGB43538",0,0,"all pts w/ 3 samples"
"s__GGB28386_SGB40966",0,0,"all pts w/ 3 samples"
"s__Granulimonas_faecalis",0,0,"all pts w/ 3 samples"
"s__GGB28962_SGB41671",0,0,"all pts w/ 3 samples"
"s__GGB28946_SGB41652",0,0,"all pts w/ 3 samples"
"s__Acetatifactor_SGB41549",0,0,"all pts w/ 3 samples"
"s__Coriobacteriaceae_bacterium",0,0,"all pts w/ 3 samples"
"s__GGB30456_SGB43520",0,0,"all pts w/ 3 samples"
"s__GGB33406_SGB48104",0,0,"all pts w/ 3 samples"
"s__GGB42696_SGB59900",0,0,"all pts w/ 3 samples"
"s__GGB28904_SGB41597",0,0,"all pts w/ 3 samples"
"s__GGB28968_SGB41679",0,0,"all pts w/ 3 samples"
"s__GGB28933_SGB102250",0,0,"all pts w/ 3 samples"
"s__GGB28912_SGB41606",0,0,"all pts w/ 3 samples"
"s__Pseudoflavonifractor_sp_524_17",0,0,"all pts w/ 3 samples"
"s__GGB30461_SGB43533",0,0,"all pts w/ 3 samples"
"s__Acetatifactor_SGB94872",0,0,"all pts w/ 3 samples"
"s__GGB28798_SGB41451",0,0,"all pts w/ 3 samples"
"s__Bacteroides_caecimuris",0,0,"all pts w/ 3 samples"
"s__GGB28409_SGB40991",0,0,"all pts w/ 3 samples"
"s__bacterium_1XD42_1",0,0,"all pts w/ 3 samples"
"s__GGB28957_SGB41666",0,0,"all pts w/ 3 samples"
"s__GGB30300_SGB43264",0,0,"all pts w/ 3 samples"
"s__GGB75725_SGB102612",0,0,"all pts w/ 3 samples"
"s__Parvibacter_caecicola",0,0,"all pts w/ 3 samples"
"s__Congzhengia_minquanensis",0,0,"all pts w/ 3 samples"
"s__GGB9464_SGB14857",0,0.0769230769230769,"all pts w/ 3 samples"
"s__Flavonifractor_SGB105860",0,0,"all pts w/ 3 samples"
"s__Lachnospiraceae_bacterium_EP_SM_12S_S03",0,0,"all pts w/ 3 samples"
"s__GGB3600_SGB4859",0,0,"all pts w/ 3 samples"
"s__Holdemania_massiliensis",0,0,"all pts w/ 3 samples"
"s__Lactococcus_lactis",0,0,"all pts w/ 3 samples"
"s__GGB9299_SGB14259",0,0,"all pts w/ 3 samples"
"s__Lactococcus_cremoris",0,0,"all pts w/ 3 samples"
"s__Lactobacillus_crispatus",0,0,"all pts w/ 3 samples"
"s__Ligilactobacillus_salivarius",0,0,"all pts w/ 3 samples"
"s__Limosilactobacillus_oris",0,0,"all pts w/ 3 samples"
"s__Lactobacillus_gasseri",0,0.153846153846154,"all pts w/ 3 samples"
"s__GGB55957_SGB77276",0,0,"all pts w/ 3 samples"
"s__GGB58233_SGB79883",0,0,"all pts w/ 3 samples"
"s__Culturomica_massiliensis",0,0,"all pts w/ 3 samples"
"s__GGB2657_SGB3578",0,0,"all pts w/ 3 samples"
"s__GGB9350_SGB14317",0,0,"all pts w/ 3 samples"
"s__GGB4684_SGB6478",0,0,"all pts w/ 3 samples"
"s__GGB3486_SGB4658",0,0.0769230769230769,"all pts w/ 3 samples"
"s__GGB13404_SGB14252",0,0,"all pts w/ 3 samples"
"s__Alistipes_sp_AF17_16",0,0,"all pts w/ 3 samples"
"s__GGB9091_SGB14020",0,0,"all pts w/ 3 samples"
"s__GGB4546_SGB6267",0,0,"all pts w/ 3 samples"
"s__GGB9540_SGB14943",0,0,"all pts w/ 3 samples"
"s__GGB4562_SGB6298",0,0,"all pts w/ 3 samples"
"s__GGB9545_SGB14952",0,0,"all pts w/ 3 samples"
"s__Desulfovibrio_SGB101145",0,0,"all pts w/ 3 samples"
"s__GGB9788_SGB15411",0,0,"all pts w/ 3 samples"
"s__GGB28833_SGB41490",0,0,"all pts w/ 3 samples"
"s__GGB31232_SGB44532",0,0,"all pts w/ 3 samples"
"s__GGB75959_SGB102469",0,0,"all pts w/ 3 samples"
"s__GGB31841_SGB45219",0,0,"all pts w/ 3 samples"
"s__GGB28875_SGB41555",0,0,"all pts w/ 3 samples"
"s__GGB30454_SGB100837",0,0,"all pts w/ 3 samples"
"s__GGB27480_SGB39776",0,0,"all pts w/ 3 samples"
"s__GGB30461_SGB43530",0,0,"all pts w/ 3 samples"
"s__Lachnospiraceae_unclassified_SGB41587",0,0,"all pts w/ 3 samples"
"s__GGB30311_SGB43288",0,0,"all pts w/ 3 samples"
"s__GGB28987_SGB41700",0,0,"all pts w/ 3 samples"
"s__GGB28392_SGB40972",0,0,"all pts w/ 3 samples"
"s__GGB28964_SGB94886",0,0,"all pts w/ 3 samples"
"s__Lachnospiraceae_unclassified_SGB41414",0,0,"all pts w/ 3 samples"
"s__GGB28981_SGB41693",0,0,"all pts w/ 3 samples"
"s__Oscillospiraceae_unclassified_SGB4281",0,0,"all pts w/ 3 samples"
"s__Akkermansia_sp_KLE1798",0,0.0769230769230769,"all pts w/ 3 samples"
"s__GGB9561_SGB14972",0,0,"all pts w/ 3 samples"
"s__Flavonifractor_sp_An100",0,0.0769230769230769,"all pts w/ 3 samples"
"s__Collinsella_massiliensis",0,0,"all pts w/ 3 samples"
"s__Parabacteroides_johnsonii",0,0,"all pts w/ 3 samples"
"s__Ruminococcus_SGB4253",0,0,"all pts w/ 3 samples"
"s__GGB81342_SGB47944",0,0,"all pts w/ 3 samples"
"s__GGB9463_SGB14855",0,0,"all pts w/ 3 samples"
"s__GGB2999_SGB3990",0,0,"all pts w/ 3 samples"
"s__Rubneribacter_badeniensis",0,0,"all pts w/ 3 samples"
"s__GGB3496_SGB4671",0,0,"all pts w/ 3 samples"
"s__Paraeggerthella_hongkongensis",0,0,"all pts w/ 3 samples"
"s__GGB4683_SGB6473",0,0,"all pts w/ 3 samples"
"s__GGB32487_SGB54320",0,0,"all pts w/ 3 samples"
"s__GGB9238_SGB14180",0,0,"all pts w/ 3 samples"
"s__GGB9469_SGB14863",0,0.0769230769230769,"all pts w/ 3 samples"
"s__GGB45497_SGB63169",0,0.0769230769230769,"all pts w/ 3 samples"
"s__Gordonibacter_urolithinfaciens",0,0,"all pts w/ 3 samples"
"s__GGB9641_SGB15117",0,0,"all pts w/ 3 samples"
"s__GGB9532_SGB14933",0,0.0769230769230769,"all pts w/ 3 samples"
"s__Massilicoli_timonensis",0,0,"all pts w/ 3 samples"
"s__GGB9529_SGB53518",0,0,"all pts w/ 3 samples"
"s__Fumia_xinanensis",0,0,"all pts w/ 3 samples"
"s__GGB9695_SGB15209",0,0,"all pts w/ 3 samples"
"s__GGB3353_SGB4437",0,0.0769230769230769,"all pts w/ 3 samples"
"s__GGB9086_SGB14014",0,0,"all pts w/ 3 samples"
"s__GGB9611_SGB15045",0,0,"all pts w/ 3 samples"
"s__GGB9499_SGB72735",0,0,"all pts w/ 3 samples"
"s__GGB9454_SGB14846",0,0.0769230769230769,"all pts w/ 3 samples"
"s__Neobittarella_massiliensis",0,0,"all pts w/ 3 samples"
"s__GGB74700_SGB54319",0,0,"all pts w/ 3 samples"
"s__GGB9474_SGB14868",0,0,"all pts w/ 3 samples"
"s__GGB3583_SGB4799",0,0,"all pts w/ 3 samples"
"s__Megasphaera_elsdenii",0,0,"all pts w/ 3 samples"
"s__Mitsuokella_jalaludinii",0,0,"all pts w/ 3 samples"
"s__GGB4558_SGB6291",0,0,"all pts w/ 3 samples"
"s__GGB9209_SGB14148",0,0.0769230769230769,"all pts w/ 3 samples"
"s__GGB9058_SGB13975",0,0,"all pts w/ 3 samples"
"s__GGB34797_SGB14322",0,0,"all pts w/ 3 samples"
"s__GGB24836_SGB36733",0,0,"all pts w/ 3 samples"
"s__GGB74220_SGB4052",0,0,"all pts w/ 3 samples"
"s__GGB2652_SGB3573",0,0,"all pts w/ 3 samples"
"s__GGB10708_SGB17364",0,0,"all pts w/ 3 samples"
"s__GGB9083_SGB14011",0,0,"all pts w/ 3 samples"
"s__GGB9267_SGB14218",0,0,"all pts w/ 3 samples"
"s__GGB3142_SGB4155",0,0,"all pts w/ 3 samples"
"s__GGB9708_SGB15235",0,0,"all pts w/ 3 samples"
"s__GGB3140_SGB4153",0,0,"all pts w/ 3 samples"
"s__GGB9293_SGB14250",0,0,"all pts w/ 3 samples"
"s__GGB48168_SGB66171",0,0,"all pts w/ 3 samples"
"s__GGB84235_SGB119956",0,0.0769230769230769,"all pts w/ 3 samples"
"s__GGB6132_SGB8779",0,0,"all pts w/ 3 samples"
"s__GGB51959_SGB72479",0,0,"all pts w/ 3 samples"
"s__Agathobaculum_desmolans",0,0,"all pts w/ 3 samples"
"s__GGB29535_SGB36365",0,0.0769230769230769,"all pts w/ 3 samples"
"s__Lacticaseibacillus_rhamnosus",0,0,"all pts w/ 3 samples"
"s__Mordavella_massiliensis",0,0,"all pts w/ 3 samples"
"s__GGB3569_SGB4776",0,0.0769230769230769,"all pts w/ 3 samples"
"s__GGB3532_SGB4720",0,0.0769230769230769,"all pts w/ 3 samples"
"s__GGB3451_SGB4605",0,0.0769230769230769,"all pts w/ 3 samples"
"s__GGB3446_SGB4597",0,0,"all pts w/ 3 samples"
"s__GGB3677_SGB4990",0,0,"all pts w/ 3 samples"
"s__GGB33516_SGB54324",0,0.0769230769230769,"all pts w/ 3 samples"
"s__GGB9453_SGB14844",0,0.0769230769230769,"all pts w/ 3 samples"
"s__GGB9695_SGB15210",0,0,"all pts w/ 3 samples"
"s__GGB3003_SGB3994",0,0,"all pts w/ 3 samples"
"s__GGB9491_SGB14888",0,0,"all pts w/ 3 samples"
"s__Murimonas_intestini",0,0,"all pts w/ 3 samples"
"s__GGB38987_SGB53576",0,0,"all pts w/ 3 samples"
"s__GGB33657_SGB66068",0,0,"all pts w/ 3 samples"
"s__GGB9537_SGB14940",0,0.0769230769230769,"all pts w/ 3 samples"
"s__Peptacetobacter_hiranonis",0,0,"all pts w/ 3 samples"
"s__Massiliimalia_timonensis",0,0,"all pts w/ 3 samples"
"s__GGB74505_SGB47518",0,0,"all pts w/ 3 samples"
"s__Bianquea_SGB71281",0,0.0769230769230769,"all pts w/ 3 samples"
"s__GGB42389_SGB59559",0,0,"all pts w/ 3 samples"
"s__Clostridium_methylpentosum",0,0.0769230769230769,"all pts w/ 3 samples"
"s__Anaerovorax_odorimutans",0,0,"all pts w/ 3 samples"
"s__Faecalicatena_contorta",0,0,"all pts w/ 3 samples"
"s__GGB3680_SGB4995",0,0,"all pts w/ 3 samples"
"s__Bacteroides_stercorirosoris",0,0,"all pts w/ 3 samples"
"s__Streptococcus_lutetiensis",0,0,"all pts w/ 3 samples"
"s__GGB6007_SGB8633",0,0,"all pts w/ 3 samples"
"s__GGB28369_SGB40949",0,0,"all pts w/ 3 samples"
"s__GGB6601_SGB9333",0,0,"all pts w/ 3 samples"
"s__Collinsella_tanakaei",0,0,"all pts w/ 3 samples"
"s__Pseudomonas_aeruginosa",0,0,"all pts w/ 3 samples"
"s__GGB33512_SGB15203",0,0,"all pts w/ 3 samples"
"s__Limosilactobacillus_portuensis",0,0,"all pts w/ 3 samples"
"s__Clostridium_sp_MCC353",0,0,"all pts w/ 3 samples"
"s__Hydrogeniiclostridium_mannosilyticum",0,0.0769230769230769,"all pts w/ 3 samples"
"s__GGB3818_SGB5183",0,0.0769230769230769,"all pts w/ 3 samples"
"s__GGB9423_SGB14792",0,0,"all pts w/ 3 samples"
"s__GGB1387_SGB1895",0,0,"all pts w/ 3 samples"
"s__GGB6606_SGB9340",0,0,"all pts w/ 3 samples"
"s__GGB9635_SGB15102",0,0,"all pts w/ 3 samples"
"s__Desulfovibrio_legallii",0,0,"all pts w/ 3 samples"
"s__Coprobacter_secundus",0,0,"all pts w/ 3 samples"
"s__GGB3034_SGB4030",0,0,"all pts w/ 3 samples"
"s__Oxalobacter_formigenes",0,0,"all pts w/ 3 samples"
"s__Clostridium_paraputrificum",0,0,"all pts w/ 3 samples"
"s__Klebsiella_variicola",0,0.0769230769230769,"all pts w/ 3 samples"
"s__GGB9787_SGB15410",0,0.0769230769230769,"all pts w/ 3 samples"
"s__Collinsella_bouchesdurhonensis",0,0,"all pts w/ 3 samples"
"s__Clostridium_SGB6179",0,0.0769230769230769,"all pts w/ 3 samples"
"s__GGB3325_SGB4402",0,0.0769230769230769,"all pts w/ 3 samples"
"s__GGB9060_SGB13977",0,0,"all pts w/ 3 samples"
"s__GGB13532_SGB14832",0,0.0769230769230769,"all pts w/ 3 samples"
"s__GGB4716_SGB6531",0,0,"all pts w/ 3 samples"
"s__GGB3033_SGB4028",0,0.0769230769230769,"all pts w/ 3 samples"
"s__GGB9696_SGB15212",0,0,"all pts w/ 3 samples"
"s__Weissella_confusa",0,0,"all pts w/ 3 samples"
"s__GGB4605_SGB6376",0,0,"all pts w/ 3 samples"
"s__GGB4578_SGB6328",0,0,"all pts w/ 3 samples"
"s__Parolsenella_catena",0,0,"all pts w/ 3 samples"
"s__Eubacterium_sp_AF34_35BH",0,0,"all pts w/ 3 samples"
"s__Faecalitalea_cylindroides",0,0.0769230769230769,"all pts w/ 3 samples"
"s__Cloacibacillus_porcorum",0,0,"all pts w/ 3 samples"
"s__GGB43675_SGB61016",0,0,"all pts w/ 3 samples"
"s__Eubacterium_hominis",0,0,"all pts w/ 3 samples"
"s__GGB35551_SGB53794",0,0,"all pts w/ 3 samples"
"s__GGB9580_SGB14998",0,0,"all pts w/ 3 samples"
"s__Luoshenia_tenuis",0,0,"all pts w/ 3 samples"
"s__GGB74463_SGB54347",0,0,"all pts w/ 3 samples"
"s__GGB1215_SGB1581",0,0,"all pts w/ 3 samples"
"s__Eisenbergiella_sp_OF01_20",0,0,"all pts w/ 3 samples"
"s__GGB3152_SGB4165",0,0,"all pts w/ 3 samples"
"s__Eubacteriales_unclassified_SGB15148",0,0,"all pts w/ 3 samples"
"s__GGB4571_SGB6320",0,0,"all pts w/ 3 samples"
"s__Eubacterium_sp_An11",0,0,"all pts w/ 3 samples"
"s__GGB3603_SGB4866",0,0,"all pts w/ 3 samples"
"s__Turicibacter_bilis",0,0,"all pts w/ 3 samples"
"s__GGB9529_SGB14929",0,0,"all pts w/ 3 samples"
"s__GGB74701_SGB54318",0,0,"all pts w/ 3 samples"
"s__GGB33539_SGB53381",0,0,"all pts w/ 3 samples"
"s__GGB9613_SGB15048",0,0.0769230769230769,"all pts w/ 3 samples"
"s__Veillonella_rogosae",0,0,"all pts w/ 3 samples"
"s__Raoultella_ornithinolytica",0,0,"all pts w/ 3 samples"
"s__Gemmiger_SGB15301",0,0,"all pts w/ 3 samples"
"s__Lachnospiraceae_bacterium_OF09_6",0,0,"all pts w/ 3 samples"
"s__GGB4751_SGB6580",0,0.0769230769230769,"all pts w/ 3 samples"
"s__GGB4769_SGB6602",0,0.0769230769230769,"all pts w/ 3 samples"
"s__GGB4773_SGB6607",0,0.0769230769230769,"all pts w/ 3 samples"
"s__GGB3061_SGB4063",0,0,"all pts w/ 3 samples"
"s__GGB4664_SGB6452",0,0,"all pts w/ 3 samples"
"s__GGB3662_SGB4973",0,0,"all pts w/ 3 samples"
"s__GGB1385_SGB1890",0,0,"all pts w/ 3 samples"
"s__GGB9608_SGB15041",0,0,"all pts w/ 3 samples"
"s__GGB9445_SGB14835",0,0,"all pts w/ 3 samples"
"s__GGB9089_SGB14018",0,0,"all pts w/ 3 samples"
"s__Clostridium_celatum",0,0,"all pts w/ 3 samples"
"s__Oscillospiraceae_bacterium_Marseille_Q3528",0,0,"all pts w/ 3 samples"
"s__Pseudomonas_fragi",0,0,"all pts w/ 3 samples"
"s__GGB34231_SGB47113",0,0,"all pts w/ 3 samples"
"s__Enterobacter_mori",0,0,"all pts w/ 3 samples"
"s__Turicibacter_sp_TJ11",0,0,"all pts w/ 3 samples"
"s__TM7_phylum_sp_oral_taxon_352",0,0,"all pts w/ 3 samples"
"s__Diplocloster_agilis",0,0,"all pts w/ 3 samples"
"s__GGB48169_SGB66172",0,0,"all pts w/ 3 samples"
"s__Vescimonas_SGB15086",0,0,"all pts w/ 3 samples"
"s__GGB9545_SGB14951",0,0,"all pts w/ 3 samples"
"s__GGB32387_SGB47381",0,0,"all pts w/ 3 samples"
"s__GGB9361_SGB14336",0,0,"all pts w/ 3 samples"
"s__Oscillibacter_ruminantium",0,0,"all pts w/ 3 samples"
"s__Caproicibacterium_amylolyticum",0,0,"all pts w/ 3 samples"
"s__GGB9480_SGB14876",0,0,"all pts w/ 3 samples"
"s__Lachnoclostridium_phytofermentans",0,0,"all pts w/ 3 samples"
"s__Clostridium_sporosphaeroides",0,0,"all pts w/ 3 samples"
"s__Lachnospiraceae_bacterium_MD329",0,0,"all pts w/ 3 samples"
"s__Leuconostoc_lactis",0,0,"all pts w/ 3 samples"
"s__Candidatus_Galacturonibacter_soehngenii",0,0,"all pts w/ 3 samples"
"s__Lacticaseibacillus_paracasei",0,0,"all pts w/ 3 samples"
"s__Terrisporobacter_mayombei",0,0,"all pts w/ 3 samples"
"s__Streptococcus_anginosus",0,0,"all pts w/ 3 samples"
"s__Clostridium_cuniculi",0,0,"all pts w/ 3 samples"
"s__Luxibacter_massiliensis",0,0,"all pts w/ 3 samples"
"s__GGB6572_SGB9284",0,0,"all pts w/ 3 samples"
"s__GGB3490_SGB4664",0,0,"all pts w/ 3 samples"
"s__GGB4651_SGB6438",0,0,"all pts w/ 3 samples"
"s__GGB3321_SGB4395",0,0,"all pts w/ 3 samples"
"s__GGB79420_SGB105987",0,0,"all pts w/ 3 samples"
"s__GGB3257_SGB4304",0,0,"all pts w/ 3 samples"
"s__GGB9715_SGB15266",0,0,"all pts w/ 3 samples"
"s__GGB1154_SGB1482",0,0,"all pts w/ 3 samples"
"s__Megamonas_funiformis",0,0,"all pts w/ 3 samples"
"s__Acidaminococcus_timonensis",0,0,"all pts w/ 3 samples"
"s__Paraprevotella_xylaniphila",0,0,"all pts w/ 3 samples"
"s__GGB9817_SGB58382",0,0,"all pts w/ 3 samples"
"s__Enterobacter_cloacae",0,0,"all pts w/ 3 samples"
"s__Streptococcus_gallolyticus",0,0,"all pts w/ 3 samples"
"s__GGB3534_SGB4722",0,0,"all pts w/ 3 samples"
"s__GGB45656_SGB63370",0,0,"all pts w/ 3 samples"
"s__GGB4605_SGB6378",0,0,"all pts w/ 3 samples"
"s__Oscillibacter_sp_PC13",0,0,"all pts w/ 3 samples"
"s__Eubacterium_coprostanoligenes",0,0.0769230769230769,"all pts w/ 3 samples"
"s__Lactonifactor_longoviformis",0,0,"all pts w/ 3 samples"
"s__Actinomyces_sp_ICM47",0,0,"all pts w/ 3 samples"
"s__Clostridium_sp_NSJ_42",0,0,"all pts w/ 3 samples"
"s__GGB9769_SGB15388",0,0.0769230769230769,"all pts w/ 3 samples"
"s__Clostridium_thermobutyricum",0,0,"all pts w/ 3 samples"
"s__Ruminococcus_gauvreauii",0,0,"all pts w/ 3 samples"
"s__GGB34197_SGB53486",0,0,"all pts w/ 3 samples"
"s__Christensenella_hongkongensis",0,0,"all pts w/ 3 samples"
"s__GGB3538_SGB4728",0,0,"all pts w/ 3 samples"
"s__GGB4386_SGB6036",0,0,"all pts w/ 3 samples"
"s__Blautia_faecicola",0,0,"all pts w/ 3 samples"
"s__GGB4249_SGB5749",0,0,"all pts w/ 3 samples"
"s__GGB9309_SGB14270",0,0,"all pts w/ 3 samples"
"s__Citrobacter_braakii",0,0,"all pts w/ 3 samples"
"s__Enterobacter_kobei",0,0,"all pts w/ 3 samples"
"s__Citrobacter_portucalensis",0,0,"all pts w/ 3 samples"
"s__Klebsiella_michiganensis",0,0,"all pts w/ 3 samples"
"s__GGB9359_SGB14334",0,0,"all pts w/ 3 samples"
"s__Alistipes_provencensis",0,0,"all pts w/ 3 samples"
"s__GGB9301_SGB14262",0,0.0769230769230769,"all pts w/ 3 samples"
"s__Ligaoa_zhengdingensis",0,0,"all pts w/ 3 samples"
"s__GGB9813_SGB15447",0,0,"all pts w/ 3 samples"
"s__GGB45432_SGB63101",0,0,"all pts w/ 3 samples"
"s__Veillonella_ratti",0,0,"all pts w/ 3 samples"
"s__Amedibacterium_intestinale",0,0,"all pts w/ 3 samples"
"s__GGB3600_SGB47662",0,0,"all pts w/ 3 samples"
"s__Paratractidigestivibacter_faecalis",0,0.0769230769230769,"all pts w/ 3 samples"
"s__GGB3340_SGB4419",0,0.0769230769230769,"all pts w/ 3 samples"
"s__GGB25442_SGB37397",0,0.0769230769230769,"all pts w/ 3 samples"
"s__GGB9263_SGB14211",0,0,"all pts w/ 3 samples"
"s__GGB3204_SGB4228",0,0,"all pts w/ 3 samples"
"s__GGB4584_SGB6338",0,0,"all pts w/ 3 samples"
"s__GGB9247_SGB14190",0,0,"all pts w/ 3 samples"
"s__GGB9252_SGB14196",0,0,"all pts w/ 3 samples"
"s__GGB9079_SGB14003",0,0,"all pts w/ 3 samples"
"s__GGB4722_SGB6538",0,0,"all pts w/ 3 samples"
"s__GGB9303_SGB14264",0,0.0769230769230769,"all pts w/ 3 samples"
"s__Eubacterium_sp_c_25",0,0,"all pts w/ 3 samples"
"s__GGB9253_SGB14199",0,0,"all pts w/ 3 samples"
"s__GGB37488_SGB54315",0,0,"all pts w/ 3 samples"
"s__GGB3510_SGB4687",0,0,"all pts w/ 3 samples"
"s__Cuneatibacter_caecimuris",0,0,"all pts w/ 3 samples"
"s__Parasutterella_secunda",0,0,"all pts w/ 3 samples"
"s__GGB9239_SGB14181",0,0,"all pts w/ 3 samples"
"s__GGB74802_SGB47402",0,0,"all pts w/ 3 samples"
"s__GGB3363_SGB4448",0,0,"all pts w/ 3 samples"
"s__Tropheryma_whipplei",0,0,"all pts w/ 3 samples"
"s__GGB6611_SGB9345",0,0,"all pts w/ 3 samples"
"s__GGB6006_SGB8631",0,0,"all pts w/ 3 samples"
"s__GGB3600_SGB4860",0,0,"all pts w/ 3 samples"
"s__GGB1538_SGB2121",0,0,"all pts w/ 3 samples"
"s__GGB9045_SGB13947",0,0,"all pts w/ 3 samples"
"s__GGB4750_SGB6579",0,0,"all pts w/ 3 samples"
"s__GGB74518_SGB48231",0,0,"all pts w/ 3 samples"
"s__GGB5979_SGB8598",0,0,"all pts w/ 3 samples"
"s__Alistipes_SGB2313",0,0,"all pts w/ 3 samples"
"s__GGB9092_SGB14021",0,0,"all pts w/ 3 samples"
"s__GGB9675_SGB15175",0,0,"all pts w/ 3 samples"
"s__GGB2998_SGB3989",0,0,"all pts w/ 3 samples"
"s__GGB46149_SGB63917",0,0,"all pts w/ 3 samples"
"s__GGB6016_SGB8648",0,0,"all pts w/ 3 samples"
"s__GGB3058_SGB4060",0,0,"all pts w/ 3 samples"
"s__Porphyromonas_asaccharolytica",0,0,"all pts w/ 3 samples"
"s__GGB52930_SGB73859",0,0,"all pts w/ 3 samples"
"s__bacterium_OL_1",0,0,"all pts w/ 3 samples"
"s__GGB9101_SGB14033",0,0,"all pts w/ 3 samples"
"s__Megasphaera_micronuciformis",0,0,"all pts w/ 3 samples"
"s__Clostridium_neonatale",0,0,"all pts w/ 3 samples"
"s__GGB31234_SGB14869",0,0,"all pts w/ 3 samples"
"s__Lachnoclostridium_phocaeense",0,0,"all pts w/ 3 samples"
"s__GGB3276_SGB4326",0,0,"all pts w/ 3 samples"
"s__Kosakonia_cowanii",0,0,"all pts w/ 3 samples"
"s__Lelliottia_nimipressuralis",0,0,"all pts w/ 3 samples"
"s__GGB3444_SGB4594",0,0,"all pts w/ 3 samples"
"s__GGB3281_SGB4335",0,0,"all pts w/ 3 samples"
"s__Klebsiella_grimontii",0,0,"all pts w/ 3 samples"
"s__Vescimonas_SGB15087",0,0,"all pts w/ 3 samples"
"s__GGB6470_SGB9153",0,0,"all pts w/ 3 samples"
"s__GGB9768_SGB15386",0,0,"all pts w/ 3 samples"
"s__Yeguia_hominis",0,0,"all pts w/ 3 samples"
"s__GGB42378_SGB59548",0,0,"all pts w/ 3 samples"
"s__Intestinimonas_timonensis",0,0,"all pts w/ 3 samples"
"s__GGB4745_SGB6570",0,0,"all pts w/ 3 samples"
"s__Massiliimalia_massiliensis",0,0,"all pts w/ 3 samples"
"s__GGB25063_SGB36986",0,0,"all pts w/ 3 samples"
"s__Clostridium_SGB6176",0,0,"all pts w/ 3 samples"
"s__Romboutsia_hominis",0,0,"all pts w/ 3 samples"
"s__Faecalicatena_orotica",0,0,"all pts w/ 3 samples"
"s__Fusobacterium_periodonticum",0,0,"all pts w/ 3 samples"
"s__Aeromonas_dhakensis",0,0,"all pts w/ 3 samples"
"s__GGB9743_SGB15349",0,0,"all pts w/ 3 samples"
"s__Catenibacterium_mitsuokai",0,0,"all pts w/ 3 samples"
"s__GGB58485_SGB80143",0,0,"all pts w/ 3 samples"
"s__Lachnospiraceae_unclassified_SGB69346",0,0,"all pts w/ 3 samples"
"s__Intestinimonas_sp_MSJ_38",0,0,"all pts w/ 3 samples"
"s__Slackia_SGB14778",0,0,"all pts w/ 3 samples"
"s__Weissella_paramesenteroides",0,0,"all pts w/ 3 samples"
"s__GGB29668_SGB42476",0,0,"all pts w/ 3 samples"
"s__Alloscardovia_omnicolens",0,0,"all pts w/ 3 samples"
"s__GGB51454_SGB71784",0,0,"all pts w/ 3 samples"
"s__Mediterraneibacter_sp_NSJ_151",0,0,"all pts w/ 3 samples"
"s__Clostridium_sp_chh4_2",0,0,"all pts w/ 3 samples"
"s__Blautia_sp_An249",0,0,"all pts w/ 3 samples"
"s__GGB3124_SGB4136",0,0,"all pts w/ 3 samples"
"s__Clostridium_hylemonae",0,0,"all pts w/ 3 samples"
"s__GGB34900_SGB14891",0,0,"all pts w/ 3 samples"
"s__Companilactobacillus_paralimentarius",0,0,"all pts w/ 3 samples"
"s__GGB4604_SGB6369",0,0,"all pts w/ 3 samples"
"s__GGB6002_SGB8625",0,0,"all pts w/ 3 samples"
"s__GGB4723_SGB6540",0,0,"all pts w/ 3 samples"
"s__Lachnospiraceae_bacterium_CLA_AA_H215",0,0,"all pts w/ 3 samples"
"s__Streptococcus_sobrinus",0,0,"all pts w/ 3 samples"
"s__Streptococcus_gordonii",0,0,"all pts w/ 3 samples"
"s__GGB4257_SGB5789",0,0,"all pts w/ 3 samples"
"s__GGB3267_SGB4317",0,0,"all pts w/ 3 samples"
"s__GGB3649_SGB4958",0,0,"all pts w/ 3 samples"
"s__Streptococcus_sanguinis",0,0,"all pts w/ 3 samples"
"s__Collinsella_SGB14745",0,0,"all pts w/ 3 samples"
"s__GGB1420_SGB1957",0,0,"all pts w/ 3 samples"
"s__Blautia_SGB4833",0,0,"all pts w/ 3 samples"
"s__Hafnia_paralvei",0,0,"all pts w/ 3 samples"
"s__GGB9766_SGB15383",0,0,"all pts w/ 3 samples"
"s__Lactiplantibacillus_plantarum",0,0,"all pts w/ 3 samples"
"s__Lachnoclostridium_edouardi",0,0,"all pts w/ 3 samples"
"s__Bianquea_renquensis",0,0,"all pts w/ 3 samples"
"s__GGB79395_SGB105947",0,0,"all pts w/ 3 samples"
"s__Bittarella_massiliensis",0,0,"all pts w/ 3 samples"
"s__Clostridium_sp_Marseille_P2538",0,0,"all pts w/ 3 samples"
"s__GGB5998_SGB8621",0,0,"all pts w/ 3 samples"
"s__Clostridium_sp_C5_48",0,0,"all pts w/ 3 samples"
"s__GGB3585_SGB4803",0,0,"all pts w/ 3 samples"
"s__GGB4597_SGB6359",0,0.0769230769230769,"all pts w/ 3 samples"
"s__Bacteroides_faecalis",0,0,"all pts w/ 3 samples"
"s__Limosilactobacillus_vaginalis",0,0,"all pts w/ 3 samples"
"s__GGB4555_SGB6286",0,0,"all pts w/ 3 samples"
"s__GGB9189_SGB14128",0,0,"all pts w/ 3 samples"
"s__GGB9102_SGB54310",0,0,"all pts w/ 3 samples"
"s__Mediterraneibacter_SGB4598",0,0,"all pts w/ 3 samples"
"s__Actinomyces_sp_ph3",0,0,"all pts w/ 3 samples"
"s__Actinomyces_naeslundii",0,0,"all pts w/ 3 samples"
"s__Diplocloster_modestus",0,0,"all pts w/ 3 samples"
"s__Corynebacterium_propinquum",0,0,"all pts w/ 3 samples"
"s__GGB1627_SGB2227",0,0,"all pts w/ 3 samples"
"s__GGB9690_SGB15196",0,0,"all pts w/ 3 samples"
"s__GGB34476_SGB65958",0,0,"all pts w/ 3 samples"
"s__GGB4694_SGB6493",0,0,"all pts w/ 3 samples"
"s__GGB6544_SGB9243",0,0,"all pts w/ 3 samples"
"s__GGB4676_SGB6465",0,0,"all pts w/ 3 samples"
"s__GGB9278_SGB14230",0,0,"all pts w/ 3 samples"
"s__GGB4580_SGB6330",0,0,"all pts w/ 3 samples"
"s__GGB9172_SGB14110",0,0,"all pts w/ 3 samples"
"s__Oscillospiraceae_unclassified_SGB15257",0,0,"all pts w/ 3 samples"
"s__GGB9774_SGB15394",0,0,"all pts w/ 3 samples"
"s__GGB51269_SGB5062",0,0,"all pts w/ 3 samples"
"s__GGB9559_SGB14968",0,0,"all pts w/ 3 samples"
"s__GGB3588_SGB4808",0,0,"all pts w/ 3 samples"
"s__GGB9762_SGB15377",0,0,"all pts w/ 3 samples"
"s__GGB9253_SGB14198",0,0,"all pts w/ 3 samples"
"s__GGB39037_SGB4393",0,0,"all pts w/ 3 samples"
"s__GGB4659_SGB6447",0,0,"all pts w/ 3 samples"
"s__GGB4604_SGB6370",0,0,"all pts w/ 3 samples"
"s__Anaeromassilibacillus_sp_An172",0,0,"all pts w/ 3 samples"
"s__Lacticaseibacillus_zeae",0,0,"all pts w/ 3 samples"
"s__Schaalia_SGB17157",0,0,"all pts w/ 3 samples"
"s__Clostridium_disporicum",0,0,"all pts w/ 3 samples"
"s__Clostridium_SGB47280",0,0,"all pts w/ 3 samples"
"s__GGB3828_SGB5197",0,0,"all pts w/ 3 samples"
"s__Leuconostoc_mesenteroides",0,0,"all pts w/ 3 samples"
"s__Fusobacterium_nucleatum",0,0,"all pts w/ 3 samples"
"s__Streptococcus_cristatus",0,0,"all pts w/ 3 samples"
"s__Oxalobacter_SGB9385",0,0,"all pts w/ 3 samples"
"s__Fusobacterium_ulcerans",0,0,"all pts w/ 3 samples"
"s__Bifidobacterium_animalis",0,0,"all pts w/ 3 samples"
"s__Methanomassiliicoccaceae_archaeon_DOK",0,0,"all pts w/ 3 samples"
"s__GGB4686_SGB6483",0,0,"all pts w/ 3 samples"
"s__Schaalia_SGB17154",0,0,"all pts w/ 3 samples"
"s__GGB18456_SGB4146",0,0,"all pts w/ 3 samples"
"s__GGB3664_SGB4976",0,0,"all pts w/ 3 samples"
"s__Bacteroides_congonensis",0,0,"all pts w/ 3 samples"
"s__Thermophilibacter_provencensis",0,0,"all pts w/ 3 samples"
"s__GGB3352_SGB4436",0,0,"all pts w/ 3 samples"
"s__GGB3491_SGB4665",0,0,"all pts w/ 3 samples"
"s__Roseburia_SGB4919",0,0,"all pts w/ 3 samples"
"s__Oscillibacter_hominis",0,0,"all pts w/ 3 samples"
"s__Klebsiella_aerogenes",0,0,"all pts w/ 3 samples"
"s__Ruminococcus_bovis",0,0,"all pts w/ 3 samples"
"s__Lactobacillus_acidophilus",0,0,"all pts w/ 3 samples"
"s__Schaalia_SGB17168",0,0,"all pts w/ 3 samples"
"s__GGB3627_SGB4906",0,0,"all pts w/ 3 samples"
"s__GGB25056_SGB36978",0,0,"all pts w/ 3 samples"
"s__Limosilactobacillus_pontis",0,0,"all pts w/ 3 samples"
"s__Prevotella_corporis",0,0,"all pts w/ 3 samples"
"s__Bifidobacterium_angulatum",0,0,"all pts w/ 3 samples"
"s__Firmicutes_unclassified_SGB4554",0,0,"all pts w/ 3 samples"
"s__Pseudoflavonifractor_sp_MSJ_37",0,0,"all pts w/ 3 samples"
"s__Phocaeicola_sartorii",0,0,"all pts w/ 3 samples"
"s__GGB1494_SGB2069",0,0,"all pts w/ 3 samples"
"s__Velocimicrobium_porci",0,0,"all pts w/ 3 samples"
"s__GGB9525_SGB14925",0,0,"all pts w/ 3 samples"
"s__Megasphaera_sp_DJF_B143",0,0,"all pts w/ 3 samples"
"s__Allisonella_histaminiformans",0,0,"all pts w/ 3 samples"
"s__GGB2983_SGB3965",0,0,"all pts w/ 3 samples"
"s__Anaerofustis_stercorihominis",0,0,"all pts w/ 3 samples"
"s__Mogibacterium_diversum",0,0,"all pts w/ 3 samples"
"s__Clostridium_mediterraneense",0,0,"all pts w/ 3 samples"
"s__Eubacterium_sulci",0,0,"all pts w/ 3 samples"
"s__Solobacterium_SGB6829",0,0,"all pts w/ 3 samples"
"s__Bacteroides_sp_ET71",0,0,"all pts w/ 3 samples"
"s__GGB1496_SGB2073",0,0,"all pts w/ 3 samples"
"s__Lactobacillus_delbrueckii",0,0,"all pts w/ 3 samples"
"s__Faecalicoccus_pleomorphus",0,0,"all pts w/ 3 samples"
"s__GGB42689_SGB59892",0,0,"all pts w/ 3 samples"
"s__Streptococcus_agalactiae",0,0,"all pts w/ 3 samples"
"s__Gemmiger_gallinarum",0,0,"all pts w/ 3 samples"
"s__GGB3817_SGB5182",0,0,"all pts w/ 3 samples"
"s__Streptococcus_oralis",0,0,"all pts w/ 3 samples"
