"taxon","structural_zero (Response = Non-Responder)","structural_zero (Response = Responder)"
"Anaerobutyricum_hallii",FALSE,FALSE
"Blautia_massiliensis",FALSE,FALSE
"Bifidobacterium_pseudocatenulatum",FALSE,FALSE
"Bifidobacterium_longum",FALSE,FALSE
"Firmicutes_bacterium",FALSE,FALSE
"Bifidobacterium_adolescentis",FALSE,FALSE
"Blautia_wexlerae",FALSE,FALSE
"Collinsella_aerofaciens",FALSE,FALSE
"Gemmiger_formicilis",FALSE,FALSE
"Blautia_hydrogenotrophica",FALSE,FALSE
"Evtepia_gabavorous",FALSE,FALSE
"Dorea_longicatena",FALSE,FALSE
"Blautia_caecimuris",FALSE,FALSE
"Fusicatenibacter_saccharivorans",FALSE,FALSE
"Clostridium_saudiense",FALSE,FALSE
"GGB3493_SGB4668",FALSE,FALSE
"Blautia_faecis",FALSE,FALSE
"Eggerthella_lenta",FALSE,FALSE
"GGB3600_SGB4861",FALSE,FALSE
"Streptococcus_salivarius",FALSE,FALSE
"Blautia_glucerasea",FALSE,FALSE
"Anaerostipes_hadrus",FALSE,FALSE
"Ruminococcus_torques",FALSE,FALSE
"Ruminococcus_gnavus",FALSE,FALSE
"Turicibacter_sanguinis",TRUE,FALSE
"Anaerostipes_caccae",FALSE,FALSE
"Intestinibacter_bartlettii",FALSE,FALSE
"Dorea_formicigenerans",FALSE,FALSE
"Coprococcus_SGB106014",TRUE,FALSE
"Clostridium_scindens",FALSE,FALSE
"Romboutsia_timonensis",FALSE,FALSE
"Dorea_sp_AF36_15AT",FALSE,FALSE
"GGB3433_SGB4573",FALSE,FALSE
"Erysipelatoclostridium_ramosum",FALSE,FALSE
"Blautia_hansenii",FALSE,FALSE
"Lentihominibacter_faecis",TRUE,FALSE
"Tyzzerella_nexilis",FALSE,FALSE
"Slackia_isoflavoniconvertens",FALSE,FALSE
"GGB3537_SGB4727",FALSE,FALSE
"Blautia_producta",FALSE,FALSE
"GGB9365_SGB14341",TRUE,FALSE
"Vescimonas_coprocola",FALSE,FALSE
"Lachnospiraceae_bacterium",FALSE,FALSE
"Wansuia_hejianensis",FALSE,FALSE
"GGB9480_SGB14874",FALSE,FALSE
"Streptococcus_parasanguinis",FALSE,FALSE
"Emergencia_timonensis",TRUE,FALSE
"Sellimonas_intestinalis",FALSE,FALSE
"Frisingicoccus_caecimuris",FALSE,FALSE
"Clostridiaceae_bacterium",FALSE,FALSE
"Streptococcus_thermophilus",FALSE,FALSE
"GGB45491_SGB63163",FALSE,FALSE
"Rothia_mucilaginosa",FALSE,FALSE
"Lentihominibacter_hominis",TRUE,FALSE
"Faecalibacterium_prausnitzii",FALSE,FALSE
"Gordonibacter_pamelaeae",FALSE,FALSE
"GGB3005_SGB3996",FALSE,FALSE
"Phocaeicola_dorei",FALSE,FALSE
"Clostridium_innocuum",FALSE,FALSE
"Phascolarctobacterium_faecium",FALSE,FALSE
"Amedibacillus_dolichus",TRUE,FALSE
"Mediterraneibacter_glycyrrhizinilyticus",FALSE,FALSE
"Anaeromassilibacillus_senegalensis",FALSE,FALSE
"GGB2980_SGB3962",FALSE,FALSE
"Ruthenibacterium_lactatiformans",FALSE,FALSE
"Christensenella_minuta",TRUE,FALSE
"Zhenpiania_hominis",FALSE,FALSE
"Coprobacillus_cateniformis",FALSE,FALSE
"Faecalimonas_umbilicata",FALSE,FALSE
"GGB32900_SGB53446",FALSE,FALSE
"Schaalia_SGB17158",TRUE,FALSE
"GGB9719_SGB15272",FALSE,FALSE
"Schaalia_SGB17153",TRUE,FALSE
"Actinomyces_oris",TRUE,FALSE
"Bacteroides_uniformis",FALSE,FALSE
"GGB9534_SGB14937",FALSE,FALSE
"GGB9781_SGB15402",TRUE,FALSE
"Enterocloster_clostridioformis",FALSE,FALSE
"Enterocloster_bolteae",FALSE,FALSE
"GGB9469_SGB14862",FALSE,FALSE
"GGB50802_SGB106454",TRUE,FALSE
"Phocaeicola_vulgatus",FALSE,FALSE
"Parabacteroides_distasonis",FALSE,FALSE
"Bacteroides_cellulosilyticus",FALSE,FALSE
"Alistipes_putredinis",FALSE,FALSE
"Bacteroides_ovatus",FALSE,FALSE
"Bacteroides_thetaiotaomicron",FALSE,FALSE
"GGB3247_SGB4294",TRUE,FALSE
"Dysosmobacter_welbionis",FALSE,FALSE
"GGB3433_SGB4574",FALSE,FALSE
"Oscillospiraceae_bacterium_CLA_AA_H250",FALSE,FALSE
"GGB3576_SGB4784",FALSE,FALSE
"Flavonifractor_plautii",FALSE,FALSE
"GGB33512_SGB15201",FALSE,FALSE
"GGB3550_SGB4747",FALSE,FALSE
"Parabacteroides_merdae",FALSE,FALSE
"Clostridium_sp_AT4",FALSE,FALSE
"Mediterraneibacter_faecis",FALSE,FALSE
"Clostridiales_bacterium",FALSE,FALSE
"Bilophila_wadsworthia",FALSE,FALSE
"Anaerotignum_lactatifermentans",TRUE,FALSE
"Phascolarctobacterium_succinatutens",TRUE,FALSE
"Parasutterella_excrementihominis",FALSE,FALSE
"Roseburia_hominis",FALSE,FALSE
"Enterocloster_hominis",FALSE,FALSE
"Oliverpabstia_intestinalis",FALSE,FALSE
"GGB9715_SGB15260",FALSE,FALSE
"GGB9699_SGB15216",FALSE,FALSE
"Eubacterium_siraeum",FALSE,FALSE
"GGB9343_SGB14307",TRUE,FALSE
"GGB2653_SGB3574",FALSE,FALSE
"GGB40351_SGB14301",FALSE,FALSE
"Lachnospira_pectinoschiza",FALSE,FALSE
"Neglectibacter_timonensis",FALSE,FALSE
"Alistipes_shahii",FALSE,FALSE
"GGB9453_SGB14845",TRUE,FALSE
"Odoribacter_splanchnicus",FALSE,FALSE
"Bacteroides_fragilis",FALSE,FALSE
"GGB9531_SGB14932",FALSE,FALSE
"Lawsonibacter_asaccharolyticus",FALSE,FALSE
"Blautia_stercoris",FALSE,FALSE
"Clostridium_sp_AM29_11AC",FALSE,FALSE
"GGB9512_SGB14909",FALSE,FALSE
"Dorea_phocaeensis",TRUE,FALSE
"GGB9719_SGB15273",FALSE,FALSE
"Frisingicoccus_SGB4674",FALSE,FALSE
"Clostridium_fessum",FALSE,FALSE
"GGB9210_SGB14150",TRUE,FALSE
"Longicatena_caecimuris",FALSE,FALSE
"GGB38744_SGB14842",FALSE,FALSE
"Coprococcus_comes",FALSE,FALSE
"GGB9782_SGB15403",FALSE,FALSE
"Akkermansia_muciniphila",FALSE,FALSE
"GGB4802_SGB6641",FALSE,FALSE
"Alistipes_senegalensis",FALSE,FALSE
"Clostridium_leptum",FALSE,FALSE
"Escherichia_coli",FALSE,FALSE
"Oscillibacter_valericigenes",FALSE,FALSE
"GGB9547_SGB14953",FALSE,FALSE
"GGB9502_SGB14899",FALSE,FALSE
"GGB9770_SGB15390",FALSE,FALSE
"Eisenbergiella_massiliensis",FALSE,FALSE
"Lachnoclostridium_pacaense",FALSE,FALSE
"Brotolimicola_acetigignens",FALSE,FALSE
"Eubacterium_ramulus",FALSE,FALSE
"Butyricimonas_virosa",FALSE,FALSE
"GGB3819_SGB5184",FALSE,FALSE
"Yanshouia_hominis",TRUE,FALSE
"GGB9818_SGB15459",TRUE,FALSE
"Anaerotruncus_massiliensis",FALSE,FALSE
"Gemmiger_SGB15295",FALSE,FALSE
"Intestinimonas_butyriciproducens",FALSE,FALSE
"bacterium_210917_DFI_7_65",FALSE,FALSE
"Alistipes_indistinctus",FALSE,FALSE
"Blautia_obeum",FALSE,FALSE
"GGB9524_SGB14924",FALSE,FALSE
"GGB3002_SGB3993",TRUE,FALSE
"Parabacteroides_gordonii",FALSE,FALSE
"Adlercreutzia_equolifaciens",FALSE,FALSE
"Holdemania_filiformis",FALSE,FALSE
"GGB9781_SGB66170",FALSE,FALSE
"Clostridia_bacterium_UC5_1_1D1",FALSE,FALSE
"Provencibacterium_massiliense",FALSE,FALSE
"Oscillibacter_sp_MSJ_31",FALSE,FALSE
"GGB3000_SGB3991",FALSE,FALSE
"Oscillibacter_sp_ER4",FALSE,FALSE
"Massilistercora_timonensis",FALSE,FALSE
"GGB3441_SGB4591",FALSE,FALSE
"Roseburia_inulinivorans",FALSE,FALSE
"Faecalibacillus_faecis",FALSE,FALSE
"Hydrogenoanaerobacterium_saccharovorans",FALSE,FALSE
"GGB3109_SGB4121",FALSE,FALSE
"Clostridium_symbiosum",FALSE,FALSE
"Intestinimonas_massiliensis",FALSE,FALSE
"Enterocloster_lavalensis",FALSE,FALSE
"Agathobaculum_butyriciproducens",FALSE,FALSE
"Coprococcus_catus",FALSE,FALSE
"GGB9770_SGB15389",FALSE,FALSE
"Lawsonibacter_faecis",TRUE,FALSE
"GGB58071_SGB79702",TRUE,FALSE
"Lachnospira_sp_NSJ_43",FALSE,FALSE
"Anaerotruncus_rubiinfantis",FALSE,FALSE
"Monoglobus_pectinilyticus",FALSE,FALSE
"GGB58158_SGB79798",FALSE,FALSE
"Oscillospiraceae_bacterium",FALSE,FALSE
"GGB3167_SGB4181",FALSE,FALSE
"GGB33586_SGB53517",FALSE,FALSE
"Anaerofilum_hominis",FALSE,FALSE
"GGB1153_SGB1481",TRUE,FALSE
"GGB6612_SGB9346",FALSE,FALSE
"Paraprevotella_clara",FALSE,FALSE
"Bacteroides_eggerthii",FALSE,FALSE
"Bacteroides_finegoldii",FALSE,FALSE
"Clostridiaceae_bacterium_Marseille_Q3526",FALSE,FALSE
"Bacteroides_faecis",FALSE,FALSE
"Bacteroides_stercoris",FALSE,FALSE
"GGB1492_SGB2067",TRUE,FALSE
"Catenibacterium_tridentinum",FALSE,FALSE
"Coprobacter_fastidiosus",FALSE,FALSE
"Firmicutes_unclassified_SGB47660",TRUE,FALSE
"Bacteroides_caccae",FALSE,FALSE
"Desulfovibrio_fairfieldensis",FALSE,FALSE
"Candidatus_Cibionibacter_quicibialis",FALSE,FALSE
"Butyricimonas_faecihominis",FALSE,FALSE
"Mediterraneibacter_SGB4586",TRUE,FALSE
"Bacteroides_clarus",FALSE,FALSE
"GGB51139_SGB71360",TRUE,FALSE
"Roseburia_intestinalis",FALSE,FALSE
"Alistipes_finegoldii",FALSE,FALSE
"GGB9480_SGB14873",TRUE,FALSE
"Enterocloster_aldenensis",FALSE,FALSE
"Dialister_invisus",FALSE,FALSE
"Butyricimonas_paravirosa",FALSE,FALSE
"GGB79097_SGB105802",FALSE,FALSE
"Alistipes_ihumii",FALSE,FALSE
"Blautia_marasmi",TRUE,FALSE
"Veillonella_parvula",FALSE,FALSE
"GGB47740_SGB65712",TRUE,FALSE
"GGB9355_SGB14328",TRUE,FALSE
"GGB9627_SGB15081",FALSE,FALSE
"Anaerotignum_faecicola",FALSE,FALSE
"Phocea_massiliensis",FALSE,FALSE
"Alistipes_onderdonkii",FALSE,FALSE
"GGB4729_SGB6550",TRUE,FALSE
"GGB51647_SGB4348",FALSE,FALSE
"GGB9758_SGB15368",FALSE,FALSE
"Prevotella_stercorea",FALSE,FALSE
"Sutterella_wadsworthensis",FALSE,FALSE
"Ruminococcus_bromii",FALSE,FALSE
"Ruminococcus_bicirculans",FALSE,FALSE
"GGB4566_SGB6305",FALSE,FALSE
"Alistipes_communis",FALSE,FALSE
"Kineothrix_SGB4886",FALSE,FALSE
"GGB4599_SGB6362",TRUE,FALSE
"Bacteroides_intestinalis",FALSE,FALSE
"Clostridium_sp_AF36_4",FALSE,FALSE
"GGB4571_SGB6317",FALSE,FALSE
"GGB5997_SGB8620",TRUE,FALSE
"GGB1663_SGB2279",TRUE,FALSE
"Roseburia_faecis",FALSE,FALSE
"Roseburia_sp_AF02_12",FALSE,FALSE
"Eubacterium_rectale",FALSE,FALSE
"Anaerotruncus_colihominis",FALSE,FALSE
"Barnesiella_intestinihominis",FALSE,FALSE
"Clostridia_bacterium",FALSE,FALSE
"GGB6007_SGB8634",TRUE,FALSE
"Ruminococcus_lactaris",FALSE,FALSE
"Bacteroides_salyersiae",TRUE,FALSE
"Pseudoflavonifractor_phocaeensis",FALSE,FALSE
"Clostridiales_bacterium_KLE1615",FALSE,FALSE
"Faecalibacillus_intestinalis",FALSE,FALSE
"GGB5980_SGB8599",FALSE,FALSE
"GGB9501_SGB14898",FALSE,FALSE
"GGB9523_SGB14922",TRUE,FALSE
"Lachnospiraceae_bacterium_OM04_12BH",TRUE,FALSE
"GGB9719_SGB53514",TRUE,FALSE
"GGB9198_SGB14137",FALSE,FALSE
"GGB9619_SGB15067",FALSE,FALSE
"Lachnospiraceae_bacterium_CLA_AA_H244",FALSE,FALSE
"GGB3548_SGB4744",FALSE,FALSE
"GGB9694_SGB15204",FALSE,FALSE
"GGB9186_SGB14125",TRUE,FALSE
"Holdemania_sp_1001095H_141210_F2",TRUE,FALSE
"GGB9775_SGB15395",FALSE,FALSE
"GGB4593_SGB6353",TRUE,FALSE
"GGB2970_SGB3952",FALSE,FALSE
"GGB9667_SGB15164",FALSE,FALSE
"GGB3478_SGB4643",FALSE,FALSE
"Lacrimispora_amygdalina",FALSE,FALSE
"Clostridium_SGB4750",FALSE,FALSE
"Intestinimonas_gabonensis",FALSE,FALSE
"GGB9509_SGB14906",FALSE,FALSE
"GGB52130_SGB14966",FALSE,FALSE
"Hydrogenoanaerobacterium_SGB53821",FALSE,FALSE
"Bacteroides_xylanisolvens",FALSE,FALSE
"GGB4617_SGB6392",TRUE,FALSE
"GGB9064_SGB13983",FALSE,FALSE
"Blautia_sp_OF03_15BH",FALSE,FALSE
"Candidatus_Gastranaerophilales_bacterium",FALSE,FALSE
"Segatella_copri",FALSE,FALSE
"GGB6608_SGB9342",TRUE,FALSE
"GGB3304_SGB4367",FALSE,FALSE
"Faecalibacterium_SGB15346",FALSE,FALSE
"Faecalibacterium_sp_HTFF",FALSE,FALSE
"GGB9602_SGB15031",FALSE,FALSE
"Rikenellaceae_bacterium",FALSE,FALSE
"Enterobacter_roggenkampii",FALSE,FALSE
"GGB1627_SGB2230",FALSE,FALSE
"Wujia_chipingensis",FALSE,FALSE
"GGB9635_SGB15106",FALSE,FALSE
"GGB1550_SGB2135",TRUE,FALSE
"GGB9715_SGB15267",FALSE,FALSE
"GGB9342_SGB14306",FALSE,FALSE
"Holdemanella_porci",FALSE,FALSE
"Faecalicatena_fissicatena",FALSE,FALSE
"Clostridiaceae_bacterium_Marseille_Q4149",FALSE,FALSE
"Ruminococcus_callidus",FALSE,FALSE
"Parasutterella_SGB9260",FALSE,FALSE
"GGB3733_SGB5066",TRUE,FALSE
"GGB9635_SGB15103",TRUE,FALSE
"Anaerobutyricum_soehngenii",FALSE,FALSE
"Faecalibacterium_sp_CLA_AA_H233",FALSE,FALSE
"GGB9708_SGB15234",FALSE,FALSE
"Clostridium_sp_AF20_17LB",FALSE,FALSE
"GGB6006_SGB8630",TRUE,FALSE
"Clostridium_sp_AM49_4BH",FALSE,FALSE
"GGB9759_SGB15370",FALSE,FALSE
"GGB9730_SGB15291",FALSE,FALSE
"GGB33469_SGB15236",FALSE,FALSE
"Simiaoa_sunii",FALSE,FALSE
"GGB9712_SGB15244",FALSE,FALSE
"GGB9061_SGB13979",FALSE,FALSE
"Puniceicoccaceae_unclassified_SGB60941",TRUE,FALSE
"GGB9495_SGB14892",FALSE,FALSE
"Blautia_sp_MCC283",FALSE,FALSE
"GGB3475_SGB4638",FALSE,FALSE
"Victivallis_lenta",FALSE,FALSE
"Jilunia_laotingensis",TRUE,FALSE
"Clostridium_sp_AF27_2AA",FALSE,FALSE
"Enterococcus_faecium",TRUE,FALSE
"GGB4745_SGB6571",FALSE,FALSE
"GGB47687_SGB2286",FALSE,FALSE
"GGB9547_SGB14954",FALSE,FALSE
"GGB2998_SGB3988",FALSE,FALSE
"GGB6518_SGB9206",TRUE,FALSE
"Fusicatenibacter_sp_CLA_AA_H277",FALSE,FALSE
"Candidatus_Borkfalkia_ceftriaxoniphila",FALSE,FALSE
"Blautia_SGB4815",FALSE,FALSE
"Bacteroides_pectinophilus",TRUE,FALSE
"Clostridiaceae_bacterium_AF18_31LB",FALSE,FALSE
"GGB9412_SGB14770",TRUE,FALSE
"GGB9760_SGB15373",FALSE,FALSE
"GGB13489_SGB15224",FALSE,FALSE
"Clostridium_perfringens",FALSE,FALSE
"GGB9092_SGB14022",FALSE,FALSE
"GGB9707_SGB15229",FALSE,FALSE
"Clostridium_spiroforme",FALSE,FALSE
"GGB9296_SGB14253",FALSE,FALSE
"Lawsonibacter_hominis",TRUE,FALSE
"Eubacterium_sp_AF16_48",TRUE,FALSE
"Fournierella_massiliensis",TRUE,FALSE
"GGB781_SGB1024",FALSE,TRUE
"GGB1146_SGB1472",FALSE,TRUE
"Phocaeicola_coprocola",FALSE,FALSE
"GGB1458_SGB2021",FALSE,TRUE
"GGB1266_SGB1699",FALSE,FALSE
"Phocaeicola_plebeius",FALSE,FALSE
"Ruminococcus_SGB4421",FALSE,FALSE
"Firmicutes_bacterium_AM41_11",FALSE,TRUE
"GGB9747_SGB15356",FALSE,FALSE
"GGB3653_SGB4964",FALSE,FALSE
"GGB3256_SGB4303",FALSE,FALSE
"Sutterella_sp_AM11_39",FALSE,FALSE
"Jutongia_huaianensis",FALSE,FALSE
"GGB1116_SGB1430",FALSE,TRUE
"GGB3722_SGB5050",FALSE,FALSE
"GGB9616_SGB15051",FALSE,TRUE
"Vescimonas_fastidiosa",FALSE,TRUE
"GGB3480_SGB4648",FALSE,FALSE
"Butyricimonas_faecalis",FALSE,TRUE
"GGB9634_SGB15101",FALSE,FALSE
"GGB9691_SGB15198",FALSE,FALSE
"GGB9634_SGB15093",FALSE,FALSE
"GGB9597_SGB15022",FALSE,TRUE
"GGB4603_SGB6367",FALSE,TRUE
"GGB4596_SGB6358",FALSE,FALSE
"GGB3278_SGB4328",FALSE,TRUE
"GGB9291_SGB14248",FALSE,TRUE
"GGB3474_SGB4637",FALSE,TRUE
"GGB13727_SGB8655",FALSE,TRUE
"Blautia_luti",FALSE,FALSE
"Clostridium_sp_AM22_11AC",FALSE,FALSE
"Phocaeicola_massiliensis",FALSE,FALSE
"GGB13493_SGB15238",FALSE,FALSE
"GGB3345_SGB4425",FALSE,FALSE
"GGB27848_SGB40282",FALSE,FALSE
"GGB33469_SGB15237",FALSE,FALSE
"GGB9603_SGB15035",FALSE,TRUE
"Lachnospiraceae_bacterium_AM48_27BH",FALSE,FALSE
"Lawsonibacter_SGB15145",FALSE,FALSE
"GGB4588_SGB6347",FALSE,TRUE
"Blautia_schinkii",FALSE,TRUE
"GGB9618_SGB15065",FALSE,TRUE
"GGB3052_SGB4053",FALSE,TRUE
"GGB3730_SGB5060",FALSE,FALSE
"GGB9737_SGB15309",FALSE,TRUE
"GGB9697_SGB15213",FALSE,TRUE
"GGB51960_SGB72480",FALSE,FALSE
"GGB35068_SGB47850",FALSE,TRUE
"Enterocloster_asparagiformis",FALSE,FALSE
"Klebsiella_pneumoniae",FALSE,FALSE
"Lachnospira_eligens",FALSE,FALSE
"Bifidobacterium_catenulatum",FALSE,FALSE
"Enterobacter_hormaechei",FALSE,TRUE
"Klebsiella_oxytoca",FALSE,FALSE
"GGB9574_SGB14987",FALSE,FALSE
"Eubacterium_maltosivorans",FALSE,TRUE
"Aeromonas_caviae",FALSE,TRUE
"Gemmiger_SGB72777",FALSE,FALSE
"Odoribacter_laneus",FALSE,FALSE
"Akkermansia_sp_BIOML_A66",FALSE,FALSE
"Cloacibacillus_evryensis",TRUE,FALSE
"GGB9176_SGB14114",FALSE,FALSE
"Methanobrevibacter_smithii",FALSE,FALSE
"GGB9524_SGB14923",TRUE,FALSE
"Victivallis_vadensis",TRUE,FALSE
"GGB36331_SGB15121",FALSE,FALSE
"GGB9063_SGB13982",FALSE,FALSE
"Clostridia_bacterium_UC5_1_1E11",FALSE,FALSE
"Hungatella_hathewayi",FALSE,FALSE
"Marvinbryantia_SGB4691",FALSE,FALSE
"Clostridium_transplantifaecale",TRUE,FALSE
"Eisenbergiella_tayi",FALSE,FALSE
"Clostridium_saccharogumia",TRUE,FALSE
"GGB52106_SGB72838",FALSE,FALSE
"Lachnotalea_sp_AF33_28",FALSE,FALSE
"Campylobacter_gracilis",TRUE,FALSE
"GGB1495_SGB2071",FALSE,TRUE
"Acidaminococcus_intestini",FALSE,FALSE
"Megasphaera_massiliensis",FALSE,FALSE
"Bilophila_SGB15451",FALSE,FALSE
"Bifidobacterium_pullorum",FALSE,TRUE
"Collinsella_intestinalis",FALSE,FALSE
"Blautia_SGB4793",FALSE,FALSE
"Bifidobacterium_bifidum",FALSE,FALSE
"GGB3550_SGB4746",FALSE,FALSE
"GGB36331_SGB63183",FALSE,TRUE
"Collinsella_stercoris",FALSE,FALSE
"GGB74511_SGB47635",FALSE,FALSE
"GGB3606_SGB4870",FALSE,FALSE
"Lachnospiraceae_unclassified_SGB4550",FALSE,TRUE
"GGB79118_SGB105839",FALSE,FALSE
"GGB9575_SGB14988",FALSE,FALSE
"GGB3511_SGB4688",FALSE,FALSE
"Collinsella_sp_AF08_23",FALSE,FALSE
"GGB9464_SGB14857",TRUE,FALSE
"Turicimonas_muris",TRUE,FALSE
"GGB9739_SGB15313",TRUE,FALSE
"Clostridiaceae_unclassified_SGB15090",FALSE,FALSE
"Eubacterium_ventriosum",FALSE,FALSE
"Flavonifractor_SGB105860",TRUE,FALSE
"GGB9240_SGB14182",TRUE,FALSE
"Lachnospiraceae_bacterium_EP_SM_12S_S03",TRUE,FALSE
"GGB3600_SGB4859",TRUE,FALSE
"GGB9210_SGB14149",TRUE,FALSE
"GGB9765_SGB15382",TRUE,FALSE
"GGB9522_SGB14921",FALSE,FALSE
"GGB3032_SGB4027",TRUE,FALSE
"Holdemania_massiliensis",TRUE,FALSE
"GGB3057_SGB71294",FALSE,FALSE
"GGB9619_SGB15066",TRUE,FALSE
"Mediterraneibacter_massiliensis",TRUE,FALSE
"Mediterraneibacter_butyricigenes",TRUE,FALSE
"Pseudoflavonifractor_capillosus",FALSE,FALSE
"GGB24148_SGB35952",TRUE,FALSE
"GGB27851_SGB40285",TRUE,FALSE
"Paramuribaculum_intestinale",TRUE,FALSE
"Heminiphilus_faecis",TRUE,FALSE
"Muribaculaceae_bacterium",TRUE,FALSE
"GGB14001_SGB21428",TRUE,FALSE
"GGB27876_SGB40310",TRUE,FALSE
"Bacteroidales_bacterium",FALSE,FALSE
"Muribaculum_gordoncarteri",TRUE,FALSE
"Duncaniella_dubosii",TRUE,FALSE
"GGB1503_SGB2082",TRUE,FALSE
"GGB24132_SGB35935",TRUE,FALSE
"GGB29472_SGB42251",TRUE,FALSE
"Ligilactobacillus_murinus",TRUE,FALSE
"Muribaculum_intestinale",TRUE,FALSE
"Prevotella_sp_MGM1",TRUE,FALSE
"Bifidobacterium_pseudolongum",TRUE,FALSE
"Duncaniella_muris",TRUE,FALSE
"GGB28833_SGB41490",TRUE,FALSE
"GGB27929_SGB40368",TRUE,FALSE
"Faecalibaculum_rodentium",TRUE,FALSE
"Burkholderiaceae_bacterium",TRUE,FALSE
"GGB24127_SGB35930",TRUE,FALSE
"Limosilactobacillus_reuteri",TRUE,FALSE
"GGB27849_SGB40283",TRUE,FALSE
"Muribaculaceae_bacterium_Isolate_013_NCI",TRUE,FALSE
"Duncaniella_freteri",TRUE,FALSE
"Bacteroides_acidifaciens",TRUE,FALSE
"Bacteroides_muris",TRUE,FALSE
"GGB28828_SGB41484",TRUE,FALSE
"GGB24146_SGB35950",TRUE,FALSE
"GGB27861_SGB40295",TRUE,FALSE
"Odoribacter_sp_Z80",TRUE,FALSE
"bacterium_1xD42_87",TRUE,FALSE
"GGB73359_SGB46611",TRUE,FALSE
"GGB27893_SGB40327",TRUE,FALSE
"GGB27866_SGB40300",TRUE,FALSE
"Alistipes_sp_DSM_112343",TRUE,FALSE
"GGB28885_SGB41566",TRUE,FALSE
"GGB27778_SGB40192",TRUE,FALSE
"GGB31232_SGB44532",TRUE,FALSE
"GGB28893_SGB41574",TRUE,FALSE
"GGB25041_SGB36960",TRUE,FALSE
"GGB28682_SGB41310",TRUE,FALSE
"Lachnospiraceae_bacterium_A2",TRUE,FALSE
"GGB3171_SGB4185",TRUE,FALSE
"GGB28415_SGB40997",TRUE,FALSE
"GGB27792_SGB40208",TRUE,FALSE
"GGB42333_SGB59501",TRUE,FALSE
"GGB27914_SGB40352",TRUE,FALSE
"GGB3793_SGB41498",TRUE,FALSE
"GGB28835_SGB41494",TRUE,FALSE
"GGB28310_SGB40880",TRUE,FALSE
"GGB27892_SGB40326",TRUE,FALSE
"GGB28895_SGB41576",TRUE,FALSE
"GGB14013_SGB21440",TRUE,FALSE
"GGB27885_SGB40319",TRUE,FALSE
"GGB75725_SGB102612",TRUE,FALSE
"GGB75959_SGB102469",TRUE,FALSE
"GGB1690_SGB40190",TRUE,FALSE
"GGB29549_SGB42343",TRUE,FALSE
"Lactobacillus_johnsonii",TRUE,FALSE
"GGB31841_SGB45219",TRUE,FALSE
"Adlercreutzia_muris",TRUE,FALSE
"GGB28761_SGB41409",TRUE,FALSE
"GGB28875_SGB41555",TRUE,FALSE
"bacterium_c_19",TRUE,FALSE
"GGB29551_SGB42345",TRUE,FALSE
"GGB30454_SGB100837",TRUE,FALSE
"GGB42696_SGB59900",TRUE,FALSE
"GGB23844_SGB35575",TRUE,FALSE
"GGB28927_SGB41625",TRUE,FALSE
"GGB29685_SGB42494",TRUE,FALSE
"GGB24134_SGB35937",TRUE,FALSE
"GGB28787_SGB41440",TRUE,FALSE
"GGB70448_SGB94871",TRUE,FALSE
"GGB29006_SGB41724",TRUE,FALSE
"GGB27480_SGB39776",TRUE,FALSE
"GGB28248_SGB40791",TRUE,FALSE
"GGB28996_SGB41712",TRUE,FALSE
"GGB31108_SGB44379",TRUE,FALSE
"GGB31438_SGB44768",TRUE,FALSE
"GGB30473_SGB43557",TRUE,FALSE
"GGB30454_SGB43514",TRUE,FALSE
"Adlercreutzia_mucosicola",TRUE,FALSE
"bacterium_0_1xD8_82",TRUE,FALSE
"GGB28864_SGB41534",TRUE,FALSE
"GGB27770_SGB40184",TRUE,FALSE
"Oscillospiraceae_unclassified_SGB43502",TRUE,FALSE
"GGB27697_SGB40070",TRUE,FALSE
"GGB28399_SGB40980",TRUE,FALSE
"GGB30461_SGB43530",TRUE,FALSE
"GGB28926_SGB41623",TRUE,FALSE
"Alistipes_timonensis",FALSE,FALSE
"Clostridiaceae_unclassified_SGB41663",TRUE,FALSE
"GGB28904_SGB41597",TRUE,FALSE
"GGB74395_SGB43523",TRUE,FALSE
"GGB30450_SGB43507",TRUE,FALSE
"Lachnospiraceae_unclassified_SGB41587",TRUE,FALSE
"GGB30311_SGB43288",TRUE,FALSE
"GGB28987_SGB41700",TRUE,FALSE
"Eubacteriaceae_bacterium",FALSE,FALSE
"Granulimonas_faecalis",TRUE,FALSE
"GGB30408_SGB43438",TRUE,FALSE
"GGB28793_SGB41446",TRUE,FALSE
"GGB28392_SGB40972",TRUE,FALSE
"GGB28964_SGB94886",TRUE,FALSE
"Lachnospiraceae_unclassified_SGB41414",TRUE,FALSE
"GGB28405_SGB40987",TRUE,FALSE
"GGB30456_SGB43520",TRUE,FALSE
"GGB24130_SGB35933",TRUE,FALSE
"Lachnospiraceae_unclassified_SGB41589",TRUE,FALSE
"GGB31823_SGB45199",TRUE,FALSE
"GGB28981_SGB41693",TRUE,FALSE
"GGB30290_SGB43252",TRUE,FALSE
"GGB33406_SGB48104",TRUE,FALSE
"GGB30471_SGB43555",TRUE,FALSE
"Oscillospiraceae_unclassified_SGB43526",TRUE,FALSE
"GGB29531_SGB42317",TRUE,FALSE
"GGB31701_SGB45057",TRUE,FALSE
"GGB3304_SGB4365",FALSE,TRUE
"GGB9347_SGB14313",FALSE,TRUE
"GGB4613_SGB6388",FALSE,TRUE
"Segatella_hominis",FALSE,TRUE
"Butyrivibrio_crossotus",FALSE,TRUE
"GGB9345_SGB14311",FALSE,FALSE
"GGB41366_SGB58424",FALSE,TRUE
"GGB9687_SGB15191",FALSE,TRUE
"Holdemanella_biformis",FALSE,TRUE
"Oscillospiraceae_unclassified_SGB15256",FALSE,FALSE
"Segatella_sinensis",FALSE,TRUE
"Prevotella_dentalis",FALSE,TRUE
"GGB9634_SGB15095",FALSE,TRUE
"GGB9677_SGB15179",FALSE,TRUE
"GGB33544_SGB53490",FALSE,TRUE
"Desulfovibrio_piger",FALSE,FALSE
"Parabacteroides_sp_AGMB00274",FALSE,TRUE
"Megasphaera_elsdenii",FALSE,TRUE
"GGB1246_SGB1667",FALSE,TRUE
"GGB9708_SGB15233",FALSE,TRUE
"GGB9080_SGB14004",FALSE,TRUE
"GGB9211_SGB14151",FALSE,TRUE
"GGB1582_SGB2173",FALSE,TRUE
"GGB1239_SGB1657",FALSE,TRUE
"Mitsuokella_jalaludinii",FALSE,TRUE
"Candidatus_Methanomassiliicoccus_intestinalis",FALSE,TRUE
"GGB4558_SGB6291",FALSE,TRUE
"GGB9602_SGB15028",FALSE,FALSE
"Eubacteriales_bacterium",FALSE,FALSE
"GGB9271_SGB14222",FALSE,TRUE
"Mogibacterium_kristiansenii",FALSE,TRUE
"GGB9350_SGB14317",FALSE,FALSE
"GGB9819_SGB15460",FALSE,FALSE
"GGB3619_SGB4894",FALSE,FALSE
"Segatella_brunsvicensis",FALSE,TRUE
"GGB9642_SGB15119",FALSE,TRUE
"GGB9249_SGB14193",FALSE,TRUE
"GGB1617_SGB2214",FALSE,TRUE
"GGB9209_SGB14148",FALSE,FALSE
"GGB1123_SGB1437",FALSE,TRUE
"GGB2958_SGB3940",FALSE,TRUE
"GGB9058_SGB13975",FALSE,TRUE
"GGB28474_SGB41058",FALSE,TRUE
"GGB34797_SGB14322",FALSE,TRUE
"GGB1661_SGB2275",FALSE,FALSE
"Sanguibacteroides_justesenii",FALSE,FALSE
"GGB9334_SGB14297",FALSE,TRUE
"GGB9790_SGB15413",FALSE,FALSE
"GGB9767_SGB15385",FALSE,TRUE
"GGB3497_SGB4672",FALSE,FALSE
"GGB6512_SGB9197",FALSE,TRUE
"GGB24836_SGB36733",FALSE,TRUE
"Parabacteroides_goldsteinii",FALSE,FALSE
"GGB74220_SGB4052",FALSE,FALSE
"GGB87445_SGB15180",FALSE,TRUE
"Methanosphaera_stadtmanae",FALSE,TRUE
"GGB1672_SGB2289",FALSE,TRUE
"GGB6610_SGB9344",FALSE,FALSE
"GGB9770_SGB73065",FALSE,TRUE
"GGB2652_SGB3573",FALSE,TRUE
"GGB12893_SGB20033",FALSE,TRUE
"GGB4884_SGB6823",FALSE,TRUE
"GGB10708_SGB17364",FALSE,TRUE
"GGB9083_SGB14011",FALSE,TRUE
"GGB9267_SGB14218",FALSE,TRUE
"GGB3486_SGB4658",FALSE,FALSE
"GGB31790_SGB47293",FALSE,TRUE
"GGB1158_SGB1488",FALSE,TRUE
"Clostridium_sp_AM33_3",FALSE,FALSE
"Ellagibacter_isourolithinifaciens",FALSE,TRUE
"GGB9297_SGB14255",FALSE,TRUE
"GGB3142_SGB4155",FALSE,TRUE
"GGB9110_SGB14043",FALSE,FALSE
"GGB9708_SGB15235",FALSE,TRUE
"GGB45495_SGB63167",FALSE,FALSE
"GGB3140_SGB4153",FALSE,TRUE
"Cuneatibacter_sp_NSJ_177",FALSE,FALSE
"GGB74511_SGB105989",FALSE,TRUE
"GGB6519_SGB9208",FALSE,TRUE
"GGB6649_SGB9391",FALSE,TRUE
"GGB9293_SGB14250",FALSE,FALSE
"GGB3220_SGB4252",TRUE,FALSE
"GGB9695_SGB15211",TRUE,FALSE
"Eubacteriaceae_bacterium_Marseille_Q4139",TRUE,FALSE
"Negativibacillus_massiliensis",FALSE,FALSE
"GGB9668_SGB15165",TRUE,FALSE
"Flavonifractor_sp_An10",FALSE,FALSE
"Lachnoclostridium_sp_An14",TRUE,FALSE
"GGB28640_SGB4673",TRUE,FALSE
"GGB9580_SGB14996",FALSE,FALSE
"Paraeggerthella_hongkongensis",TRUE,FALSE
"Mordavella_massiliensis",TRUE,FALSE
"GGB9695_SGB15209",TRUE,FALSE
"GGB3569_SGB4776",FALSE,FALSE
"GGB9225_SGB14166",TRUE,FALSE
"GGB3532_SGB4720",FALSE,FALSE
"Enterocloster_citroniae",FALSE,FALSE
"GGB3365_SGB4451",TRUE,FALSE
"GGB9117_SGB14050",FALSE,FALSE
"Eubacteriales_unclassified_SGB15150",TRUE,FALSE
"GGB3678_SGB4991",TRUE,FALSE
"GGB3451_SGB4605",TRUE,FALSE
"Longibaculum_muris",TRUE,FALSE
"Massilicoli_timonensis",TRUE,FALSE
"GGB3057_SGB4059",TRUE,FALSE
"GGB9469_SGB14863",FALSE,FALSE
"GGB3446_SGB4597",FALSE,FALSE
"GGB3677_SGB4990",TRUE,FALSE
"GGB74708_SGB54312",TRUE,FALSE
"GGB33516_SGB54324",TRUE,FALSE
"GGB9453_SGB14844",FALSE,FALSE
"Clostridium_sp_Marseille_P3244",TRUE,FALSE
"Lactococcus_lactis",TRUE,FALSE
"GGB9499_SGB72735",TRUE,FALSE
"GGB9695_SGB15210",TRUE,FALSE
"GGB3003_SGB3994",TRUE,FALSE
"GGB9491_SGB14888",FALSE,FALSE
"Murimonas_intestini",TRUE,FALSE
"GGB4684_SGB6478",FALSE,TRUE
"Bacteroides_stercorirosoris",FALSE,TRUE
"Streptococcus_lutetiensis",FALSE,FALSE
"Ligilactobacillus_salivarius",FALSE,FALSE
"GGB6007_SGB8633",FALSE,TRUE
"GGB28369_SGB40949",FALSE,TRUE
"GGB6601_SGB9333",FALSE,TRUE
"Streptococcus_vestibularis",FALSE,FALSE
"Dysosmobacter_SGB15077",FALSE,TRUE
"Collinsella_tanakaei",FALSE,FALSE
"GGB9290_SGB14247",FALSE,TRUE
"GGB13404_SGB14252",FALSE,TRUE
"Veillonella_dispar",FALSE,TRUE
"Eubacterium_callanderi",FALSE,FALSE
"Bifidobacterium_dentium",FALSE,FALSE
"GGB36267_SGB14177",FALSE,TRUE
"Pseudomonas_aeruginosa",FALSE,TRUE
"Butyricimonas_synergistica",FALSE,TRUE
"GGB33512_SGB15203",FALSE,TRUE
"Limosilactobacillus_portuensis",FALSE,TRUE
"GGB1332_SGB1789",FALSE,TRUE
"Clostridium_sp_MCC353",FALSE,TRUE
"Hydrogeniiclostridium_mannosilyticum",FALSE,FALSE
"GGB1387_SGB1895",TRUE,FALSE
"GGB6606_SGB9340",TRUE,FALSE
"Alistipes_dispar",FALSE,FALSE
"GGB9635_SGB15102",TRUE,FALSE
"Coprococcus_eutactus",FALSE,FALSE
"Clostridium_SGB6177",TRUE,FALSE
"Desulfovibrio_legallii",FALSE,FALSE
"GGB9724_SGB15278",TRUE,FALSE
"Coprobacter_secundus",TRUE,FALSE
"GGB3034_SGB4030",TRUE,FALSE
"Oxalobacter_formigenes",TRUE,FALSE
"Clostridium_paraputrificum",TRUE,FALSE
"GGB9563_SGB14975",TRUE,FALSE
"Colidextribacter_sp_210702_DFI_3_9",FALSE,FALSE
"GGB9710_SGB15239",FALSE,TRUE
"GGB9261_SGB14209",FALSE,TRUE
"Phocaeicola_coprophilus",FALSE,FALSE
"Methanomassiliicoccaceae_unclassified_SGB380",FALSE,TRUE
"Phascolarctobacterium_sp_ET69",FALSE,TRUE
"GGB9349_SGB14316",FALSE,TRUE
"GGB4567_SGB6308",FALSE,TRUE
"GGB9715_SGB15265",FALSE,FALSE
"GGB9302_SGB14263",FALSE,TRUE
"GGB9712_SGB15241",FALSE,TRUE
"Clostridium_SGB6179",FALSE,FALSE
"GGB9637_SGB15111",FALSE,TRUE
"GGB9590_SGB15012",FALSE,TRUE
"GGB3321_SGB4394",FALSE,TRUE
"GGB6568_SGB9279",FALSE,TRUE
"Prevotella_lascolaii",FALSE,TRUE
"GGB9289_SGB14244",FALSE,TRUE
"Dysosmobacter_SGB15074",FALSE,TRUE
"GGB9634_SGB15100",FALSE,TRUE
"GGB9786_SGB15409",FALSE,TRUE
"Clostridium_SGB6173",FALSE,TRUE
"GGB9636_SGB15107",FALSE,TRUE
"Bacteroides_nordii",FALSE,FALSE
"GGB9634_SGB15097",FALSE,TRUE
"GGB34228_SGB53814",FALSE,TRUE
"GGB33512_SGB15202",FALSE,TRUE
"GGB9701_SGB15218",FALSE,TRUE
"GGB3328_SGB4406",FALSE,TRUE
"GGB3325_SGB4402",FALSE,TRUE
"GGB2848_SGB3813",FALSE,FALSE
"GGB9060_SGB13977",FALSE,TRUE
"GGB2658_SGB3579",FALSE,TRUE
"GGB4552_SGB6276",FALSE,FALSE
"GGB13532_SGB14832",FALSE,TRUE
"GGB9237_SGB14179",FALSE,TRUE
"GGB4716_SGB6531",FALSE,TRUE
"Clostridium_sp_1001270J_160509_D11",FALSE,FALSE
"GGB71580_SGB98325",FALSE,TRUE
"GGB9551_SGB14958",FALSE,FALSE
"GGB9199_SGB14138",FALSE,TRUE
"GGB9640_SGB15115",FALSE,TRUE
"Collinsella_SGB63083",FALSE,TRUE
"GGB9623_SGB15075",FALSE,TRUE
"Clostridiales_bacterium_Marseille_P2846",FALSE,FALSE
"GGB3033_SGB4028",FALSE,FALSE
"GGB9348_SGB14315",FALSE,TRUE
"GGB9696_SGB15212",FALSE,TRUE
"Lactobacillus_crispatus",TRUE,FALSE
"Limosilactobacillus_fermentum",TRUE,FALSE
"Weissella_confusa",TRUE,FALSE
"Lactobacillus_gasseri",TRUE,FALSE
"GGB4605_SGB6376",TRUE,FALSE
"Clostridiaceae_bacterium_Marseille_Q4143",FALSE,FALSE
"GGB4578_SGB6328",TRUE,FALSE
"Limosilactobacillus_oris",TRUE,FALSE
"Haemophilus_parainfluenzae",FALSE,FALSE
"Parolsenella_catena",TRUE,FALSE
"Pediococcus_acidilactici",TRUE,FALSE
"Pseudoruminococcus_massiliensis",TRUE,FALSE
"Enterococcus_faecalis",FALSE,FALSE
"Pseudomonas_fragi",TRUE,FALSE
"GGB9580_SGB14998",FALSE,FALSE
"GGB3816_SGB5181",TRUE,FALSE
"GGB34231_SGB47113",TRUE,FALSE
"Blautia_argi",TRUE,FALSE
"Drancourtella_massiliensis",FALSE,FALSE
"Firmicutes_unclassified_SGB47659",TRUE,FALSE
"Oscillibacter_ruminantium",TRUE,FALSE
"Caproicibacterium_amylolyticum",TRUE,FALSE
"GGB9480_SGB14876",TRUE,FALSE
"Lachnoclostridium_phytofermentans",TRUE,FALSE
"Clostridium_sporosphaeroides",TRUE,FALSE
"Lachnospiraceae_bacterium_MD329",TRUE,FALSE
"Leuconostoc_lactis",TRUE,FALSE
"Candidatus_Galacturonibacter_soehngenii",TRUE,FALSE
"Lacticaseibacillus_paracasei",TRUE,FALSE
"Lacticaseibacillus_rhamnosus",FALSE,FALSE
"Terrisporobacter_mayombei",TRUE,FALSE
"Streptococcus_anginosus",TRUE,FALSE
"Clostridium_cuniculi",TRUE,FALSE
"Luxibacter_massiliensis",TRUE,FALSE
"Faecalicatena_contorta",FALSE,FALSE
"Luoshenia_tenuis",TRUE,FALSE
"GGB9715_SGB15266",TRUE,FALSE
"GGB1154_SGB1482",TRUE,FALSE
"Megamonas_funiformis",TRUE,FALSE
"Acidaminococcus_timonensis",TRUE,FALSE
"Paraprevotella_xylaniphila",FALSE,FALSE
"GGB9817_SGB58382",TRUE,FALSE
"Enterobacter_cloacae",TRUE,FALSE
"Slackia_piriformis",TRUE,FALSE
"GGB9621_SGB15073",FALSE,FALSE
"Amedibacterium_intestinale",TRUE,FALSE
"GGB3600_SGB47662",TRUE,FALSE
"GGB9813_SGB15447",TRUE,FALSE
"Streptococcus_mitis",TRUE,FALSE
"Pseudoflavonifractor_gallinarum",TRUE,FALSE
"Parasutterella_secunda",FALSE,TRUE
"GGB9239_SGB14181",FALSE,TRUE
"GGB9359_SGB14334",FALSE,TRUE
"GGB9537_SGB14940",FALSE,FALSE
"Faecalitalea_cylindroides",FALSE,FALSE
"GGB3033_SGB4029",FALSE,FALSE
"Merdimonas_faecis",FALSE,TRUE
"GGB74802_SGB47402",FALSE,TRUE
"GGB2987_SGB3969",FALSE,TRUE
"GGB3363_SGB4448",FALSE,FALSE
"Tropheryma_whipplei",FALSE,TRUE
"Massilimicrobiota_timonensis",FALSE,TRUE
"Angelakisella_massiliensis",FALSE,TRUE
"GGB3534_SGB4722",FALSE,TRUE
"GGB4386_SGB6036",TRUE,FALSE
"GGB6572_SGB9284",TRUE,FALSE
"GGB4249_SGB5749",TRUE,FALSE
"GGB9309_SGB14270",TRUE,FALSE
"GGB3496_SGB4671",TRUE,FALSE
"Blautia_faecicola",TRUE,FALSE
"Veillonella_atypica",FALSE,FALSE
"Veillonella_rogosae",FALSE,TRUE
"Fusobacterium_periodonticum",FALSE,TRUE
"Aeromonas_dhakensis",FALSE,TRUE
"GGB9743_SGB15349",FALSE,TRUE
"GGB9616_SGB15052",FALSE,TRUE
"Catenibacterium_mitsuokai",FALSE,TRUE
"GGB3740_SGB5077",FALSE,FALSE
"Streptococcus_australis",FALSE,FALSE
"GGB9614_SGB15049",FALSE,FALSE
"GGB58485_SGB80143",FALSE,FALSE
"Alistipes_montrealensis",FALSE,TRUE
"GGB4585_SGB6340",FALSE,TRUE
"GGB3340_SGB4419",FALSE,TRUE
"GGB4456_SGB6141",FALSE,FALSE
"Dialister_hominis",FALSE,TRUE
"GGB9760_SGB15374",FALSE,FALSE
"Enteroscipio_rubneri",FALSE,FALSE
"GGB2982_SGB3964",FALSE,FALSE
"Paratractidigestivibacter_faecalis",FALSE,TRUE
"Intestinimonas_sp_MSJ_38",FALSE,FALSE
"Anaerotignum_sp_MSJ_24",FALSE,TRUE
"GGB9559_SGB14969",FALSE,TRUE
"GGB3352_SGB62935",FALSE,FALSE
"GGB9059_SGB13976",TRUE,FALSE
"GGB9716_SGB15269",TRUE,FALSE
"Eubacterium_coprostanoligenes",TRUE,FALSE
"GGB9613_SGB15048",TRUE,FALSE
"GGB4567_SGB6307",TRUE,FALSE
"Desulfovibrio_sp_86",TRUE,FALSE
"GGB47150_SGB65079",TRUE,FALSE
"GGB29668_SGB42476",TRUE,FALSE
"GGB3818_SGB5183",TRUE,FALSE
"GGB29535_SGB36365",TRUE,FALSE
"GGB84235_SGB119956",TRUE,FALSE
"GGB9769_SGB15388",TRUE,FALSE
"Eubacteriaceae_bacterium_CHKCI004",TRUE,FALSE
"GGB9303_SGB14264",TRUE,FALSE
"Klebsiella_variicola",FALSE,FALSE
"GGB3175_SGB4191",TRUE,FALSE
"GGB9454_SGB14846",TRUE,FALSE
"Clostridium_methylpentosum",TRUE,FALSE
"GGB9532_SGB14933",TRUE,FALSE
"GGB3353_SGB4437",FALSE,FALSE
"Bariatricus_massiliensis",FALSE,FALSE
"GGB3277_SGB4327",FALSE,FALSE
"Clostridiaceae_bacterium_Marseille_Q4145",FALSE,FALSE
"GGB81342_SGB47944",FALSE,TRUE
"Clostridiaceae_unclassified_SGB4771",FALSE,FALSE
"GGB74505_SGB47518",FALSE,FALSE
"GGB3001_SGB3992",TRUE,FALSE
"Peptacetobacter_hiranonis",FALSE,FALSE
"GGB51959_SGB72479",TRUE,FALSE
"GGB9641_SGB15117",TRUE,FALSE
"Lentihominibacter_SGB71368",TRUE,FALSE
"GGB9423_SGB14792",TRUE,FALSE
"Gordonibacter_urolithinfaciens",TRUE,FALSE
"GGB9474_SGB14868",TRUE,FALSE
"Clostridium_hylemonae",FALSE,FALSE
"Anaerovorax_odorimutans",FALSE,FALSE
"Guopingia_tenuis",FALSE,FALSE
"GGB45432_SGB63101",TRUE,FALSE
"Lactococcus_cremoris",TRUE,FALSE
"GGB34900_SGB14891",TRUE,FALSE
"Companilactobacillus_paralimentarius",TRUE,FALSE
"GGB1630_SGB2238",TRUE,FALSE
"Bacteroides_fluxus",TRUE,FALSE
"Duodenibacillus_massiliensis",TRUE,FALSE
"GGB3637_SGB4930",TRUE,FALSE
"Sutterella_SGB9281",TRUE,FALSE
"GGB4768_SGB6601",TRUE,FALSE
"Jingyaoa_shaoxingensis",TRUE,FALSE
"GGB34797_SGB14323",TRUE,FALSE
"GGB51884_SGB49168",TRUE,FALSE
"GGB3612_SGB4882",TRUE,FALSE
"GGB3593_SGB4817",TRUE,FALSE
"GGB34540_SGB54300",TRUE,FALSE
"Ruminococcus_sp_AF41_9",TRUE,FALSE
"GGB6518_SGB9205",TRUE,FALSE
"Qingrenia_yutianensis",TRUE,FALSE
"Oscillospiraceae_bacterium_Marseille_Q3528",FALSE,FALSE
"GGB4749_SGB6578",TRUE,FALSE
"GGB9529_SGB53518",TRUE,FALSE
"GGB6613_SGB9347",FALSE,FALSE
"Propionibacterium_freudenreichii",TRUE,FALSE
"GGB4604_SGB6369",TRUE,FALSE
"GGB6002_SGB8625",TRUE,FALSE
"GGB4723_SGB6540",TRUE,FALSE
"Desulfovibrio_desulfuricans",TRUE,FALSE
"Clostridium_sp_AF12_28",TRUE,FALSE
"GGB9545_SGB14951",TRUE,FALSE
"Lachnospiraceae_bacterium_CLA_AA_H215",TRUE,FALSE
"Streptococcus_sobrinus",TRUE,FALSE
"Youxingia_wuxianensis",TRUE,FALSE
"Streptococcus_gordonii",TRUE,FALSE
"Lachnospiraceae_bacterium_OF09_6",TRUE,FALSE
"GGB4257_SGB5789",FALSE,TRUE
"GGB3267_SGB4317",FALSE,TRUE
"GGB3649_SGB4958",FALSE,TRUE
"Parabacteroides_johnsonii",FALSE,TRUE
"Schaalia_odontolytica",FALSE,TRUE
"bacterium_210917_SL_2_15",FALSE,TRUE
"Streptococcus_sanguinis",FALSE,TRUE
"Klebsiella_michiganensis",FALSE,TRUE
"Collinsella_SGB14745",FALSE,TRUE
"Alloscardovia_omnicolens",FALSE,TRUE
"Slackia_SGB14778",FALSE,TRUE
"GGB3740_SGB5076",TRUE,FALSE
"GGB9608_SGB15041",TRUE,FALSE
"GGB1420_SGB1957",TRUE,FALSE
"Blautia_SGB4833",TRUE,FALSE
"GGB9561_SGB14972",TRUE,FALSE
"Alistipes_sp_AF17_16",TRUE,FALSE
"GGB6470_SGB9153",TRUE,FALSE
"Hafnia_paralvei",TRUE,FALSE
"GGB51441_SGB71759",FALSE,FALSE
"GGB3321_SGB4395",FALSE,FALSE
"Senegalimassilia_anaerobia",TRUE,FALSE
"GGB9766_SGB15383",TRUE,FALSE
"Clostridium_SGB48024",FALSE,FALSE
"Lactiplantibacillus_plantarum",TRUE,FALSE
"GGB45497_SGB63169",TRUE,FALSE
"Ligaoa_zhengdingensis",TRUE,FALSE
"GGB3510_SGB4687",TRUE,FALSE
"Massiliimalia_timonensis",TRUE,FALSE
"GGB3444_SGB4594",TRUE,FALSE
"Lachnoclostridium_edouardi",FALSE,FALSE
"Bianquea_renquensis",TRUE,FALSE
"GGB79395_SGB105947",TRUE,FALSE
"Cuneatibacter_caecimuris",FALSE,FALSE
"Bittarella_massiliensis",TRUE,FALSE
"Clostridium_sp_Marseille_P2538",TRUE,FALSE
"Diplocloster_agilis",TRUE,FALSE
"Lactonifactor_longoviformis",FALSE,FALSE
"GGB79420_SGB105987",FALSE,TRUE
"Eubacterium_sp_AF34_35BH",FALSE,TRUE
"GGB5998_SGB8621",FALSE,TRUE
"Clostridium_sp_chh4_2",FALSE,TRUE
"Clostridium_sp_C5_48",FALSE,TRUE
"Dielma_fastidiosa",FALSE,TRUE
"Klebsiella_aerogenes",TRUE,FALSE
"Ruminococcus_bovis",TRUE,FALSE
"Lactobacillus_acidophilus",FALSE,FALSE
"Ligilactobacillus_animalis",TRUE,FALSE
"Bifidobacterium_animalis",FALSE,FALSE
"Jutongia_hominis",TRUE,FALSE
"GGB9189_SGB14128",TRUE,FALSE
"Bianquea_SGB71281",TRUE,FALSE
"GGB9545_SGB14952",TRUE,FALSE
"Flavonifractor_sp_An100",TRUE,FALSE
"Schaalia_SGB17168",TRUE,FALSE
"GGB9091_SGB14020",TRUE,FALSE
"Bifidobacterium_angulatum",FALSE,TRUE
"Firmicutes_unclassified_SGB4554",FALSE,TRUE
"GGB3004_SGB106198",FALSE,TRUE
"Mediterraneibacter_sp_NSJ_151",FALSE,TRUE
"GGB55957_SGB77276",FALSE,TRUE
"Pseudoflavonifractor_sp_MSJ_37",FALSE,TRUE
"Phocaeicola_sartorii",FALSE,TRUE
"GGB1494_SGB2069",FALSE,TRUE
"GGB3585_SGB4803",FALSE,TRUE
"Faecalicatena_orotica",FALSE,TRUE
"GGB31234_SGB14869",FALSE,TRUE
"Velocimicrobium_porci",FALSE,TRUE
"GGB9525_SGB14925",FALSE,TRUE
"GGB3602_SGB4865",TRUE,FALSE
"GGB41473_SGB58537",TRUE,FALSE
"Roseburia_sp_BX1005",TRUE,FALSE
"GGB45613_SGB63326",FALSE,FALSE
"GGB4605_SGB6378",FALSE,TRUE
"Clostridium_SGB4751",FALSE,TRUE
"GGB9062_SGB13981",FALSE,TRUE
"Turicibacter_bilis",FALSE,TRUE
"Faecalibacillus_SGB6753",FALSE,TRUE
"GGB2983_SGB3965",FALSE,TRUE
"Bacteroides_sp_ET71",FALSE,TRUE
"GGB1496_SGB2073",FALSE,TRUE
"Lactobacillus_delbrueckii",FALSE,TRUE
"Eubacterium_sp_c_25",FALSE,TRUE
"Faecalicoccus_pleomorphus",FALSE,TRUE
"GGB42689_SGB59892",FALSE,TRUE
"Streptococcus_agalactiae",FALSE,TRUE
"GGB3583_SGB4799",FALSE,TRUE
"Lachnoclostridium_sp_An131",FALSE,TRUE
"Megasphaera_sp_DJF_B143",TRUE,FALSE
"GGB9361_SGB14336",TRUE,FALSE
"Streptococcus_mutans",TRUE,FALSE
"Allisonella_histaminiformans",TRUE,FALSE
"GGB3828_SGB5197",TRUE,FALSE
"Actinomyces_sp_ICM47",TRUE,FALSE
"Streptococcus_oralis",TRUE,FALSE
"Anaerobutyricum",FALSE,FALSE
"Blautia",FALSE,FALSE
"Bifidobacterium",FALSE,FALSE
"Firmicutes_unclassified",FALSE,FALSE
"Collinsella",FALSE,FALSE
"Gemmiger",FALSE,FALSE
"Evtepia",FALSE,FALSE
"Dorea",FALSE,FALSE
"Fusicatenibacter",FALSE,FALSE
"Clostridium",FALSE,FALSE
"GGB3493",FALSE,FALSE
"Eggerthella",FALSE,FALSE
"GGB3600",FALSE,FALSE
"Streptococcus",FALSE,FALSE
"Anaerostipes",FALSE,FALSE
"Mediterraneibacter",FALSE,FALSE
"Turicibacter",FALSE,FALSE
"Intestinibacter",FALSE,FALSE
"Coprococcus",FALSE,FALSE
"Lachnoclostridium",FALSE,FALSE
"Romboutsia",FALSE,FALSE
"GGB3433",FALSE,FALSE
"Erysipelatoclostridium",FALSE,FALSE
"Lentihominibacter",TRUE,FALSE
"Tyzzerella",FALSE,FALSE
"Slackia",FALSE,FALSE
"GGB3537",FALSE,FALSE
"GGB9365",TRUE,FALSE
"Vescimonas",FALSE,FALSE
"Lachnospiraceae_unclassified",FALSE,FALSE
"Wansuia",FALSE,FALSE
"GGB9480",FALSE,FALSE
"Emergencia",TRUE,FALSE
"Sellimonas",FALSE,FALSE
"Frisingicoccus",FALSE,FALSE
"Clostridiaceae_unclassified",FALSE,FALSE
"GGB45491",FALSE,FALSE
"Rothia",FALSE,FALSE
"Faecalibacterium",FALSE,FALSE
"Gordonibacter",FALSE,FALSE
"GGB3005",FALSE,FALSE
"Phocaeicola",FALSE,FALSE
"Phascolarctobacterium",FALSE,FALSE
"Amedibacillus",TRUE,FALSE
"Anaeromassilibacillus",FALSE,FALSE
"GGB2980",FALSE,FALSE
"Ruthenibacterium",FALSE,FALSE
"Christensenella",TRUE,FALSE
"Zhenpiania",FALSE,FALSE
"Coprobacillus",FALSE,FALSE
"Faecalimonas",FALSE,FALSE
"GGB32900",FALSE,FALSE
"Schaalia",FALSE,FALSE
"GGB9719",FALSE,FALSE
"Actinomyces",TRUE,FALSE
"Bacteroides",FALSE,FALSE
"GGB9534",FALSE,FALSE
"GGB9781",FALSE,FALSE
"Enterocloster",FALSE,FALSE
"GGB9469",FALSE,FALSE
"GGB50802",TRUE,FALSE
"Parabacteroides",FALSE,FALSE
"Alistipes",FALSE,FALSE
"GGB3247",TRUE,FALSE
"Dysosmobacter",FALSE,FALSE
"Oscillospiraceae_unclassified",FALSE,FALSE
"GGB3576",FALSE,FALSE
"Flavonifractor",FALSE,FALSE
"GGB33512",FALSE,FALSE
"GGB3550",FALSE,FALSE
"Eubacteriales_unclassified",FALSE,FALSE
"Bilophila",FALSE,FALSE
"Anaerotignum",FALSE,FALSE
"Parasutterella",FALSE,FALSE
"Roseburia",FALSE,FALSE
"Oliverpabstia",FALSE,FALSE
"GGB9715",FALSE,FALSE
"GGB9699",FALSE,FALSE
"GGB9343",TRUE,FALSE
"GGB2653",FALSE,FALSE
"GGB40351",FALSE,FALSE
"Lachnospira",FALSE,FALSE
"Neglectibacter",FALSE,FALSE
"GGB9453",FALSE,FALSE
"Odoribacter",FALSE,FALSE
"GGB9531",FALSE,FALSE
"Lawsonibacter",FALSE,FALSE
"GGB9512",FALSE,FALSE
"GGB9210",TRUE,FALSE
"Longicatena",FALSE,FALSE
"GGB38744",FALSE,FALSE
"GGB9782",FALSE,FALSE
"Akkermansia",FALSE,FALSE
"GGB4802",FALSE,FALSE
"Escherichia",FALSE,FALSE
"Oscillibacter",FALSE,FALSE
"GGB9547",FALSE,FALSE
"GGB9502",FALSE,FALSE
"GGB9770",FALSE,FALSE
"Eisenbergiella",FALSE,FALSE
"Brotolimicola",FALSE,FALSE
"Eubacterium",FALSE,FALSE
"Butyricimonas",FALSE,FALSE
"GGB3819",FALSE,FALSE
"Yanshouia",TRUE,FALSE
"GGB9818",TRUE,FALSE
"Anaerotruncus",FALSE,FALSE
"Intestinimonas",FALSE,FALSE
"Bacteria_unclassified",FALSE,FALSE
"GGB9524",FALSE,FALSE
"GGB3002",TRUE,FALSE
"Adlercreutzia",FALSE,FALSE
"Holdemania",FALSE,FALSE
"Clostridia_unclassified",FALSE,FALSE
"Provencibacterium",FALSE,FALSE
"GGB3000",FALSE,FALSE
"Massilistercora",FALSE,FALSE
"GGB3441",FALSE,FALSE
"Faecalibacillus",FALSE,FALSE
"Hydrogenoanaerobacterium",FALSE,FALSE
"GGB3109",FALSE,FALSE
"Agathobaculum",FALSE,FALSE
"GGB58071",TRUE,FALSE
"Monoglobus",FALSE,FALSE
"GGB58158",FALSE,FALSE
"GGB3167",FALSE,FALSE
"GGB33586",FALSE,FALSE
"Anaerofilum",FALSE,FALSE
"GGB1153",TRUE,FALSE
"GGB6612",FALSE,FALSE
"Paraprevotella",FALSE,FALSE
"GGB1492",TRUE,FALSE
"Catenibacterium",FALSE,FALSE
"Coprobacter",FALSE,FALSE
"Desulfovibrio",FALSE,FALSE
"Candidatus_Cibionibacter",FALSE,FALSE
"GGB51139",TRUE,FALSE
"Dialister",FALSE,FALSE
"GGB79097",FALSE,FALSE
"Veillonella",FALSE,FALSE
"GGB47740",TRUE,FALSE
"GGB9355",TRUE,FALSE
"GGB9627",FALSE,FALSE
"Phocea",FALSE,FALSE
"GGB4729",TRUE,FALSE
"GGB51647",FALSE,FALSE
"GGB9758",FALSE,FALSE
"Prevotella",FALSE,FALSE
"Sutterella",FALSE,FALSE
"Ruminococcus",FALSE,FALSE
"GGB4566",FALSE,FALSE
"Kineothrix",FALSE,FALSE
"GGB4599",TRUE,FALSE
"GGB4571",FALSE,FALSE
"GGB5997",TRUE,FALSE
"GGB1663",TRUE,FALSE
"Barnesiella",FALSE,FALSE
"GGB6007",FALSE,FALSE
"Pseudoflavonifractor",FALSE,FALSE
"GGB5980",FALSE,FALSE
"GGB9501",FALSE,FALSE
"GGB9523",TRUE,FALSE
"GGB9198",FALSE,FALSE
"GGB9619",FALSE,FALSE
"GGB3548",FALSE,FALSE
"GGB9694",FALSE,FALSE
"GGB9186",TRUE,FALSE
"GGB9775",FALSE,FALSE
"GGB4593",TRUE,FALSE
"GGB2970",FALSE,FALSE
"GGB9667",FALSE,FALSE
"GGB3478",FALSE,FALSE
"Lacrimispora",FALSE,FALSE
"GGB9509",FALSE,FALSE
"GGB52130",FALSE,FALSE
"GGB4617",TRUE,FALSE
"GGB9064",FALSE,FALSE
"Candidatus_Gastranaerophilales_unclassified",FALSE,FALSE
"Segatella",FALSE,FALSE
"GGB6608",TRUE,FALSE
"GGB3304",FALSE,FALSE
"GGB9602",FALSE,FALSE
"Rikenellaceae_unclassified",FALSE,FALSE
"Enterobacter",FALSE,FALSE
"GGB1627",FALSE,FALSE
"Wujia",FALSE,FALSE
"GGB9635",FALSE,FALSE
"GGB1550",TRUE,FALSE
"GGB9342",FALSE,FALSE
"Holdemanella",FALSE,FALSE
"Faecalicatena",FALSE,FALSE
"GGB3733",TRUE,FALSE
"GGB9708",FALSE,FALSE
"GGB6006",TRUE,FALSE
"GGB9759",FALSE,FALSE
"GGB9730",FALSE,FALSE
"GGB33469",FALSE,FALSE
"Simiaoa",FALSE,FALSE
"GGB9712",FALSE,FALSE
"GGB9061",FALSE,FALSE
"Puniceicoccaceae_unclassified",TRUE,FALSE
"GGB9495",FALSE,FALSE
"GGB3475",FALSE,FALSE
"Victivallis",FALSE,FALSE
"Jilunia",TRUE,FALSE
"Enterococcus",FALSE,FALSE
"GGB4745",FALSE,FALSE
"GGB47687",FALSE,FALSE
"GGB2998",FALSE,FALSE
"GGB6518",TRUE,FALSE
"Candidatus_Borkfalkia",FALSE,FALSE
"GGB9412",TRUE,FALSE
"GGB9760",FALSE,FALSE
"GGB13489",FALSE,FALSE
"GGB9092",FALSE,FALSE
"GGB9707",FALSE,FALSE
"GGB9296",FALSE,FALSE
"Fournierella",TRUE,FALSE
"GGB781",FALSE,TRUE
"GGB1146",FALSE,TRUE
"GGB1458",FALSE,TRUE
"GGB1266",FALSE,FALSE
"GGB9747",FALSE,FALSE
"GGB3653",FALSE,FALSE
"GGB3256",FALSE,FALSE
"Jutongia",FALSE,FALSE
"GGB1116",FALSE,TRUE
"GGB3722",FALSE,FALSE
"GGB9616",FALSE,TRUE
"GGB3480",FALSE,FALSE
"GGB9634",FALSE,FALSE
"GGB9691",FALSE,FALSE
"GGB9597",FALSE,TRUE
"GGB4603",FALSE,TRUE
"GGB4596",FALSE,FALSE
"GGB3278",FALSE,TRUE
"GGB9291",FALSE,TRUE
"GGB3474",FALSE,TRUE
"GGB13727",FALSE,TRUE
"GGB13493",FALSE,FALSE
"GGB3345",FALSE,FALSE
"GGB27848",FALSE,FALSE
"GGB9603",FALSE,TRUE
"GGB4588",FALSE,TRUE
"GGB9618",FALSE,TRUE
"GGB3052",FALSE,TRUE
"GGB3730",FALSE,FALSE
"GGB9737",FALSE,TRUE
"GGB9697",FALSE,TRUE
"GGB51960",FALSE,FALSE
"GGB35068",FALSE,TRUE
"Klebsiella",FALSE,FALSE
"GGB9574",FALSE,FALSE
"Aeromonas",FALSE,TRUE
"Cloacibacillus",TRUE,FALSE
"GGB9176",FALSE,FALSE
"Methanobrevibacter",FALSE,FALSE
"GGB36331",FALSE,FALSE
"GGB9063",FALSE,FALSE
"Hungatella",FALSE,FALSE
"Marvinbryantia",FALSE,FALSE
"GGB52106",FALSE,FALSE
"Lachnotalea",FALSE,FALSE
"Campylobacter",TRUE,FALSE
"GGB1495",FALSE,TRUE
"Acidaminococcus",FALSE,FALSE
"Megasphaera",FALSE,FALSE
"GGB74511",FALSE,FALSE
"GGB3606",FALSE,FALSE
"GGB79118",FALSE,FALSE
"GGB9575",FALSE,FALSE
"GGB3511",FALSE,FALSE
"GGB9464",TRUE,FALSE
"Turicimonas",TRUE,FALSE
"GGB9739",TRUE,FALSE
"GGB9240",TRUE,FALSE
"GGB9765",TRUE,FALSE
"GGB9522",FALSE,FALSE
"GGB3032",TRUE,FALSE
"GGB3057",FALSE,FALSE
"GGB24148",TRUE,FALSE
"GGB27851",TRUE,FALSE
"Paramuribaculum",TRUE,FALSE
"Heminiphilus",TRUE,FALSE
"Muribaculaceae_unclassified",TRUE,FALSE
"GGB14001",TRUE,FALSE
"GGB27876",TRUE,FALSE
"Bacteroidales_unclassified",FALSE,FALSE
"Muribaculum",TRUE,FALSE
"Duncaniella",TRUE,FALSE
"GGB1503",TRUE,FALSE
"GGB24132",TRUE,FALSE
"GGB29472",TRUE,FALSE
"Ligilactobacillus",FALSE,FALSE
"GGB28833",TRUE,FALSE
"GGB27929",TRUE,FALSE
"Faecalibaculum",TRUE,FALSE
"Burkholderiaceae_unclassified",TRUE,FALSE
"GGB24127",TRUE,FALSE
"Limosilactobacillus",FALSE,FALSE
"GGB27849",TRUE,FALSE
"GGB28828",TRUE,FALSE
"GGB24146",TRUE,FALSE
"GGB27861",TRUE,FALSE
"GGB73359",TRUE,FALSE
"GGB27893",TRUE,FALSE
"GGB27866",TRUE,FALSE
"GGB28885",TRUE,FALSE
"GGB27778",TRUE,FALSE
"GGB31232",TRUE,FALSE
"GGB28893",TRUE,FALSE
"GGB25041",TRUE,FALSE
"GGB28682",TRUE,FALSE
"GGB3171",TRUE,FALSE
"GGB28415",TRUE,FALSE
"GGB27792",TRUE,FALSE
"GGB42333",TRUE,FALSE
"GGB27914",TRUE,FALSE
"GGB3793",TRUE,FALSE
"GGB28835",TRUE,FALSE
"GGB28310",TRUE,FALSE
"GGB27892",TRUE,FALSE
"GGB28895",TRUE,FALSE
"GGB14013",TRUE,FALSE
"GGB27885",TRUE,FALSE
"GGB75725",TRUE,FALSE
"GGB75959",TRUE,FALSE
"GGB1690",TRUE,FALSE
"GGB29549",TRUE,FALSE
"Lactobacillus",FALSE,FALSE
"GGB31841",TRUE,FALSE
"GGB28761",TRUE,FALSE
"GGB28875",TRUE,FALSE
"GGB29551",TRUE,FALSE
"GGB30454",TRUE,FALSE
"GGB42696",TRUE,FALSE
"GGB23844",TRUE,FALSE
"GGB28927",TRUE,FALSE
"GGB29685",TRUE,FALSE
"GGB24134",TRUE,FALSE
"GGB28787",TRUE,FALSE
"GGB70448",TRUE,FALSE
"GGB29006",TRUE,FALSE
"GGB27480",TRUE,FALSE
"GGB28248",TRUE,FALSE
"GGB28996",TRUE,FALSE
"GGB31108",TRUE,FALSE
"GGB31438",TRUE,FALSE
"GGB30473",TRUE,FALSE
"GGB28864",TRUE,FALSE
"GGB27770",TRUE,FALSE
"GGB27697",TRUE,FALSE
"GGB28399",TRUE,FALSE
"GGB30461",TRUE,FALSE
"GGB28926",TRUE,FALSE
"GGB28904",TRUE,FALSE
"GGB74395",TRUE,FALSE
"GGB30450",TRUE,FALSE
"GGB30311",TRUE,FALSE
"GGB28987",TRUE,FALSE
"Eubacteriaceae_unclassified",FALSE,FALSE
"Granulimonas",TRUE,FALSE
"GGB30408",TRUE,FALSE
"GGB28793",TRUE,FALSE
"GGB28392",TRUE,FALSE
"GGB28964",TRUE,FALSE
"GGB28405",TRUE,FALSE
"GGB30456",TRUE,FALSE
"GGB24130",TRUE,FALSE
"GGB31823",TRUE,FALSE
"GGB28981",TRUE,FALSE
"GGB30290",TRUE,FALSE
"GGB33406",TRUE,FALSE
"GGB30471",TRUE,FALSE
"GGB29531",TRUE,FALSE
"GGB31701",TRUE,FALSE
"GGB9347",FALSE,TRUE
"GGB4613",FALSE,TRUE
"Butyrivibrio",FALSE,TRUE
"GGB9345",FALSE,FALSE
"GGB41366",FALSE,TRUE
"GGB9687",FALSE,TRUE
"GGB9677",FALSE,TRUE
"GGB33544",FALSE,TRUE
"GGB1246",FALSE,TRUE
"GGB9080",FALSE,TRUE
"GGB9211",FALSE,TRUE
"GGB1582",FALSE,TRUE
"GGB1239",FALSE,TRUE
"Mitsuokella",FALSE,TRUE
"Methanomassiliicoccus",FALSE,TRUE
"GGB4558",FALSE,TRUE
"GGB9271",FALSE,TRUE
"Mogibacterium",FALSE,TRUE
"GGB9350",FALSE,FALSE
"GGB9819",FALSE,FALSE
"GGB3619",FALSE,FALSE
"GGB9642",FALSE,TRUE
"GGB9249",FALSE,TRUE
"GGB1617",FALSE,TRUE
"GGB9209",FALSE,FALSE
"GGB1123",FALSE,TRUE
"GGB2958",FALSE,TRUE
"GGB9058",FALSE,TRUE
"GGB28474",FALSE,TRUE
"GGB34797",FALSE,FALSE
"GGB1661",FALSE,FALSE
"Sanguibacteroides",FALSE,FALSE
"GGB9334",FALSE,TRUE
"GGB9790",FALSE,FALSE
"GGB9767",FALSE,TRUE
"GGB3497",FALSE,FALSE
"GGB6512",FALSE,TRUE
"GGB24836",FALSE,TRUE
"GGB74220",FALSE,FALSE
"GGB87445",FALSE,TRUE
"Methanosphaera",FALSE,TRUE
"GGB1672",FALSE,TRUE
"GGB6610",FALSE,FALSE
"GGB2652",FALSE,TRUE
"GGB12893",FALSE,TRUE
"GGB4884",FALSE,TRUE
"GGB10708",FALSE,TRUE
"GGB9083",FALSE,TRUE
"GGB9267",FALSE,TRUE
"GGB3486",FALSE,FALSE
"GGB31790",FALSE,TRUE
"GGB1158",FALSE,TRUE
"Ellagibacter",FALSE,TRUE
"GGB9297",FALSE,TRUE
"GGB3142",FALSE,TRUE
"GGB9110",FALSE,FALSE
"GGB45495",FALSE,FALSE
"GGB3140",FALSE,TRUE
"Cuneatibacter",FALSE,FALSE
"GGB6519",FALSE,TRUE
"GGB6649",FALSE,TRUE
"GGB9293",FALSE,FALSE
"GGB3220",TRUE,FALSE
"GGB9695",TRUE,FALSE
"Negativibacillus",FALSE,FALSE
"GGB9668",TRUE,FALSE
"GGB28640",TRUE,FALSE
"GGB9580",FALSE,FALSE
"Paraeggerthella",TRUE,FALSE
"Mordavella",TRUE,FALSE
"GGB3569",FALSE,FALSE
"GGB9225",TRUE,FALSE
"GGB3532",FALSE,FALSE
"GGB3365",TRUE,FALSE
"GGB9117",FALSE,FALSE
"GGB3678",TRUE,FALSE
"GGB3451",TRUE,FALSE
"Longibaculum",TRUE,FALSE
"Massilicoli",TRUE,FALSE
"GGB3446",FALSE,FALSE
"GGB3677",TRUE,FALSE
"GGB74708",TRUE,FALSE
"GGB33516",TRUE,FALSE
"Lactococcus",TRUE,FALSE
"GGB9499",TRUE,FALSE
"GGB3003",TRUE,FALSE
"GGB9491",FALSE,FALSE
"Murimonas",TRUE,FALSE
"GGB4684",FALSE,TRUE
"GGB28369",FALSE,TRUE
"GGB6601",FALSE,TRUE
"GGB9290",FALSE,TRUE
"GGB13404",FALSE,TRUE
"GGB36267",FALSE,TRUE
"Pseudomonas",FALSE,FALSE
"GGB1332",FALSE,TRUE
"Hydrogeniiclostridium",FALSE,FALSE
"GGB1387",TRUE,FALSE
"GGB6606",TRUE,FALSE
"GGB9724",TRUE,FALSE
"GGB3034",TRUE,FALSE
"Oxalobacter",TRUE,FALSE
"GGB9563",TRUE,FALSE
"Colidextribacter",FALSE,FALSE
"GGB9710",FALSE,TRUE
"GGB9261",FALSE,TRUE
"Methanomassiliicoccaceae_unclassified",FALSE,TRUE
"GGB9349",FALSE,TRUE
"GGB4567",FALSE,FALSE
"GGB9302",FALSE,TRUE
"GGB9637",FALSE,TRUE
"GGB9590",FALSE,TRUE
"GGB3321",FALSE,FALSE
"GGB6568",FALSE,TRUE
"GGB9289",FALSE,TRUE
"GGB9786",FALSE,TRUE
"GGB9636",FALSE,TRUE
"GGB34228",FALSE,TRUE
"GGB9701",FALSE,TRUE
"GGB3328",FALSE,TRUE
"GGB3325",FALSE,TRUE
"GGB2848",FALSE,FALSE
"GGB9060",FALSE,TRUE
"GGB2658",FALSE,TRUE
"GGB4552",FALSE,FALSE
"GGB13532",FALSE,TRUE
"GGB9237",FALSE,TRUE
"GGB4716",FALSE,TRUE
"GGB71580",FALSE,TRUE
"GGB9551",FALSE,FALSE
"GGB9199",FALSE,TRUE
"GGB9640",FALSE,TRUE
"GGB9623",FALSE,TRUE
"GGB3033",FALSE,FALSE
"GGB9348",FALSE,TRUE
"GGB9696",FALSE,TRUE
"Weissella",TRUE,FALSE
"GGB4605",FALSE,FALSE
"GGB4578",TRUE,FALSE
"Haemophilus",FALSE,FALSE
"Parolsenella",TRUE,FALSE
"Pediococcus",TRUE,FALSE
"Pseudoruminococcus",TRUE,FALSE
"GGB3816",TRUE,FALSE
"GGB34231",TRUE,FALSE
"Drancourtella",FALSE,FALSE
"Caproicibacterium",TRUE,FALSE
"Leuconostoc",TRUE,FALSE
"Candidatus_Galacturonibacter",TRUE,FALSE
"Lacticaseibacillus",FALSE,FALSE
"Terrisporobacter",TRUE,FALSE
"Luxibacter",TRUE,FALSE
"Luoshenia",TRUE,FALSE
"GGB1154",TRUE,FALSE
"Megamonas",TRUE,FALSE
"GGB9817",TRUE,FALSE
"GGB9621",FALSE,FALSE
"Amedibacterium",TRUE,FALSE
"GGB9813",TRUE,FALSE
"GGB9239",FALSE,TRUE
"GGB9359",FALSE,TRUE
"GGB9537",FALSE,FALSE
"Faecalitalea",FALSE,FALSE
"Merdimonas",FALSE,TRUE
"GGB74802",FALSE,TRUE
"GGB2987",FALSE,TRUE
"GGB3363",FALSE,FALSE
"Tropheryma",FALSE,TRUE
"Massilimicrobiota",FALSE,TRUE
"Angelakisella",FALSE,TRUE
"GGB3534",FALSE,TRUE
"GGB4386",TRUE,FALSE
"GGB6572",TRUE,FALSE
"GGB4249",TRUE,FALSE
"GGB9309",TRUE,FALSE
"GGB3496",TRUE,FALSE
"Fusobacterium",FALSE,TRUE
"GGB9743",FALSE,TRUE
"GGB3740",FALSE,FALSE
"GGB9614",FALSE,FALSE
"GGB58485",FALSE,FALSE
"GGB4585",FALSE,TRUE
"GGB3340",FALSE,TRUE
"GGB4456",FALSE,FALSE
"Enteroscipio",FALSE,FALSE
"GGB2982",FALSE,FALSE
"Paratractidigestivibacter",FALSE,TRUE
"GGB9559",FALSE,TRUE
"GGB3352",FALSE,FALSE
"GGB9059",TRUE,FALSE
"GGB9716",TRUE,FALSE
"GGB9613",TRUE,FALSE
"GGB47150",TRUE,FALSE
"GGB29668",TRUE,FALSE
"GGB3818",TRUE,FALSE
"GGB29535",TRUE,FALSE
"GGB84235",TRUE,FALSE
"GGB9769",TRUE,FALSE
"GGB9303",TRUE,FALSE
"GGB3175",TRUE,FALSE
"GGB9454",TRUE,FALSE
"GGB9532",TRUE,FALSE
"GGB3353",FALSE,FALSE
"Bariatricus",FALSE,FALSE
"GGB3277",FALSE,FALSE
"GGB81342",FALSE,TRUE
"GGB74505",FALSE,FALSE
"GGB3001",TRUE,FALSE
"Peptacetobacter",FALSE,FALSE
"GGB51959",TRUE,FALSE
"GGB9641",TRUE,FALSE
"GGB9423",TRUE,FALSE
"GGB9474",TRUE,FALSE
"Anaerovorax",FALSE,FALSE
"Guopingia",FALSE,FALSE
"GGB45432",TRUE,FALSE
"GGB34900",TRUE,FALSE
"Companilactobacillus",TRUE,FALSE
"GGB1630",TRUE,FALSE
"Duodenibacillus",TRUE,FALSE
"GGB3637",TRUE,FALSE
"GGB4768",TRUE,FALSE
"Jingyaoa",TRUE,FALSE
"GGB51884",TRUE,FALSE
"GGB3612",TRUE,FALSE
"GGB3593",TRUE,FALSE
"GGB34540",TRUE,FALSE
"Qingrenia",TRUE,FALSE
"GGB4749",TRUE,FALSE
"GGB9529",TRUE,FALSE
"GGB6613",FALSE,FALSE
"Propionibacterium",TRUE,FALSE
"GGB4604",TRUE,FALSE
"GGB6002",TRUE,FALSE
"GGB4723",TRUE,FALSE
"GGB9545",TRUE,FALSE
"Youxingia",TRUE,FALSE
"GGB4257",FALSE,TRUE
"GGB3267",FALSE,TRUE
"GGB3649",FALSE,TRUE
"Alloscardovia",FALSE,TRUE
"GGB9608",TRUE,FALSE
"GGB1420",TRUE,FALSE
"GGB9561",TRUE,FALSE
"GGB6470",TRUE,FALSE
"Hafnia",TRUE,FALSE
"GGB51441",FALSE,FALSE
"Senegalimassilia",TRUE,FALSE
"GGB9766",TRUE,FALSE
"Lactiplantibacillus",TRUE,FALSE
"GGB45497",TRUE,FALSE
"Ligaoa",TRUE,FALSE
"GGB3510",TRUE,FALSE
"Massiliimalia",TRUE,FALSE
"GGB3444",TRUE,FALSE
"Bianquea",TRUE,FALSE
"GGB79395",TRUE,FALSE
"Bittarella",TRUE,FALSE
"Diplocloster",TRUE,FALSE
"Lactonifactor",FALSE,FALSE
"GGB79420",FALSE,TRUE
"GGB5998",FALSE,TRUE
"Dielma",FALSE,TRUE
"GGB9189",TRUE,FALSE
"GGB9091",TRUE,FALSE
"GGB3004",FALSE,TRUE
"GGB55957",FALSE,TRUE
"GGB1494",FALSE,TRUE
"GGB3585",FALSE,TRUE
"GGB31234",FALSE,TRUE
"Velocimicrobium",FALSE,TRUE
"GGB9525",FALSE,TRUE
"GGB3602",TRUE,FALSE
"GGB41473",TRUE,FALSE
"GGB45613",FALSE,FALSE
"GGB9062",FALSE,TRUE
"GGB2983",FALSE,TRUE
"GGB1496",FALSE,TRUE
"Faecalicoccus",FALSE,TRUE
"GGB42689",FALSE,TRUE
"GGB3583",FALSE,TRUE
"GGB9361",TRUE,FALSE
"Allisonella",TRUE,FALSE
"GGB3828",TRUE,FALSE
"Lachnospiraceae",FALSE,FALSE
"Bifidobacteriaceae",FALSE,FALSE
"Firmicutes_unclassified",FALSE,FALSE
"Coriobacteriaceae",FALSE,FALSE
"Eubacteriales_unclassified",FALSE,FALSE
"Clostridiaceae",FALSE,FALSE
"FGB79266",FALSE,FALSE
"Eggerthellaceae",FALSE,FALSE
"Streptococcaceae",FALSE,FALSE
"Turicibacteraceae",FALSE,FALSE
"Peptostreptococcaceae",FALSE,FALSE
"Erysipelotrichaceae",FALSE,FALSE
"Eubacteriales_Family_XIII_Incertae_Sedis",FALSE,FALSE
"Oscillospiraceae",FALSE,FALSE
"FGB3012",FALSE,FALSE
"FGB3072",FALSE,FALSE
"Micrococcaceae",FALSE,FALSE
"FGB1227",FALSE,FALSE
"Bacteroidaceae",FALSE,FALSE
"Acidaminococcaceae",FALSE,FALSE
"Christensenellaceae",FALSE,FALSE
"Coprobacillaceae",FALSE,FALSE
"Actinomycetaceae",FALSE,FALSE
"FGB3057",FALSE,FALSE
"FGB3038",FALSE,FALSE
"Tannerellaceae",FALSE,FALSE
"Rikenellaceae",FALSE,FALSE
"FGB3054",FALSE,FALSE
"Desulfovibrionaceae",FALSE,FALSE
"Sutterellaceae",FALSE,FALSE
"FGB2983",TRUE,FALSE
"FGB1011",FALSE,FALSE
"FGB2979",FALSE,FALSE
"Odoribacteraceae",FALSE,FALSE
"FGB2898",FALSE,FALSE
"Akkermansiaceae",FALSE,FALSE
"FGB1814",FALSE,FALSE
"Enterobacteriaceae",FALSE,FALSE
"FGB3041",FALSE,FALSE
"FGB3023",FALSE,FALSE
"FGB3069",FALSE,FALSE
"Eubacteriaceae",FALSE,FALSE
"Bacteria_unclassified",FALSE,FALSE
"FGB75721",FALSE,FALSE
"Clostridia_unclassified",FALSE,FALSE
"FGB1292",FALSE,FALSE
"FGB3004",FALSE,FALSE
"Prevotellaceae",FALSE,FALSE
"FGB2404",FALSE,FALSE
"FGB628",TRUE,FALSE
"Barnesiellaceae",FALSE,FALSE
"Eubacteriales_incertae_sedis",FALSE,FALSE
"FGB77566",TRUE,FALSE
"Veillonellaceae",FALSE,FALSE
"FGB77988",FALSE,FALSE
"FGB9119",TRUE,FALSE
"FGB4806",FALSE,FALSE
"FGB38642",FALSE,FALSE
"FGB1765",FALSE,FALSE
"FGB2107",FALSE,FALSE
"FGB668",TRUE,FALSE
"FGB2106",FALSE,FALSE
"FGB2890",FALSE,FALSE
"FGB3070",FALSE,FALSE
"FGB1211",FALSE,FALSE
"FGB3047",FALSE,FALSE
"FGB9115",TRUE,FALSE
"FGB2834",FALSE,FALSE
"Candidatus_Gastranaerophilales_unclassified",FALSE,FALSE
"FGB1354",FALSE,FALSE
"FGB658",FALSE,FALSE
"Muribaculaceae",FALSE,FALSE
"FGB2982",FALSE,FALSE
"FGB9989",FALSE,FALSE
"FGB79237",FALSE,FALSE
"Puniceicoccaceae",TRUE,FALSE
"Victivallaceae",FALSE,FALSE
"Enterococcaceae",FALSE,FALSE
"FGB1787",FALSE,FALSE
"FGB1670",FALSE,FALSE
"FGB1226",FALSE,FALSE
"FGB2378",FALSE,FALSE
"Candidatus_Borkfalkiaceae",FALSE,FALSE
"FGB2992",TRUE,FALSE
"FGB2840",FALSE,FALSE
"FGB9272",FALSE,FALSE
"FGB343",FALSE,TRUE
"FGB1458",FALSE,TRUE
"FGB4405",FALSE,FALSE
"FGB3062",FALSE,FALSE
"FGB14936",FALSE,FALSE
"FGB2950",FALSE,TRUE
"FGB1258",FALSE,FALSE
"FGB1473",FALSE,FALSE
"FGB45555",FALSE,TRUE
"Aeromonadaceae",FALSE,TRUE
"Synergistaceae",TRUE,FALSE
"FGB2875",FALSE,FALSE
"Methanobacteriaceae",FALSE,FALSE
"FGB30328",FALSE,FALSE
"Campylobacteraceae",TRUE,FALSE
"FGB629",FALSE,TRUE
"FGB72939",FALSE,FALSE
"FGB28775",FALSE,FALSE
"FGB3002",TRUE,FALSE
"FGB2918",FALSE,FALSE
"FGB79291",FALSE,FALSE
"FGB1249",FALSE,FALSE
"FGB1260",FALSE,FALSE
"Bacteroidales_unclassified",FALSE,FALSE
"Lactobacillaceae",FALSE,FALSE
"FGB9395",TRUE,FALSE
"Burkholderiaceae",TRUE,FALSE
"FGB77305",TRUE,FALSE
"FGB37573",TRUE,FALSE
"FGB9318",TRUE,FALSE
"FGB9388",TRUE,FALSE
"FGB9633",TRUE,FALSE
"FGB28682",TRUE,FALSE
"FGB2838",TRUE,FALSE
"FGB28310",TRUE,FALSE
"FGB78137",TRUE,FALSE
"FGB40333",TRUE,FALSE
"FGB50354",TRUE,FALSE
"FGB77359",TRUE,FALSE
"FGB8118",TRUE,FALSE
"FGB9656",TRUE,FALSE
"FGB10197",TRUE,FALSE
"FGB10290",TRUE,FALSE
"FGB9375",TRUE,FALSE
"Atopobiaceae",FALSE,FALSE
"FGB77250",TRUE,FALSE
"FGB9512",TRUE,FALSE
"FGB10667",TRUE,FALSE
"FGB9827",TRUE,FALSE
"FGB2984",FALSE,TRUE
"FGB72899",FALSE,TRUE
"FGB10477",FALSE,FALSE
"FGB79294",FALSE,TRUE
"FGB2837",FALSE,TRUE
"Selenomonadaceae",FALSE,FALSE
"Methanomassiliicoccaceae",FALSE,TRUE
"FGB2937",FALSE,TRUE
"FGB2985",FALSE,FALSE
"FGB73223",FALSE,TRUE
"FGB4448",FALSE,TRUE
"FGB2897",FALSE,FALSE
"FGB544",FALSE,TRUE
"FGB1201",FALSE,TRUE
"FGB79253",FALSE,TRUE
"FGB9536",FALSE,TRUE
"FGB12107",FALSE,FALSE
"FGB667",FALSE,FALSE
"Porphyromonadaceae",FALSE,FALSE
"FGB74971",FALSE,TRUE
"FGB45503",FALSE,FALSE
"FGB77857",FALSE,TRUE
"FGB1838",FALSE,TRUE
"FGB3176",FALSE,TRUE
"FGB28372",FALSE,TRUE
"FGB79211",FALSE,TRUE
"FGB7511",FALSE,TRUE
"FGB2954",FALSE,TRUE
"FGB1311",FALSE,TRUE
"FGB2844",FALSE,FALSE
"Oxalobacteraceae",FALSE,FALSE
"FGB2952",FALSE,FALSE
"FGB9718",FALSE,FALSE
"FGB2906",TRUE,FALSE
"FGB1380",FALSE,FALSE
"FGB2846",FALSE,FALSE
"FGB3022",TRUE,FALSE
"FGB9491",FALSE,FALSE
"FGB1776",FALSE,TRUE
"FGB28369",FALSE,TRUE
"FGB2403",FALSE,TRUE
"FGB2949",FALSE,TRUE
"FGB4605",FALSE,TRUE
"FGB2915",FALSE,TRUE
"Pseudomonadaceae",FALSE,FALSE
"FGB10055",TRUE,FALSE
"FGB2932",FALSE,TRUE
"FGB2960",FALSE,FALSE
"FGB1359",FALSE,FALSE
"FGB83839",FALSE,TRUE
"FGB79244",FALSE,TRUE
"FGB1126",FALSE,FALSE
"FGB36753",FALSE,TRUE
"FGB13532",FALSE,TRUE
"FGB1677",FALSE,TRUE
"FGB10021",FALSE,TRUE
"FGB3043",FALSE,FALSE
"Pasteurellaceae",FALSE,FALSE
"FGB11739",TRUE,FALSE
"FGB11257",FALSE,TRUE
"Tropherymataceae",FALSE,TRUE
"Fusobacteriaceae",FALSE,FALSE
"FGB2964",TRUE,FALSE
"FGB1217",FALSE,FALSE
"FGB3048",FALSE,FALSE
"FGB1374",FALSE,FALSE
"FGB73062",TRUE,FALSE
"FGB72904",TRUE,FALSE
"FGB3297",TRUE,FALSE
"FGB1325",TRUE,FALSE
"FGB3009",FALSE,FALSE
"FGB77202",TRUE,FALSE
"FGB11479",TRUE,FALSE
"FGB1798",TRUE,FALSE
"FGB32970",TRUE,FALSE
"FGB72924",TRUE,FALSE
"FGB11916",TRUE,FALSE
"Propionibacteriaceae",TRUE,FALSE
"FGB1780",TRUE,FALSE
"FGB82363",TRUE,FALSE
"FGB602",TRUE,FALSE
"FGB2345",TRUE,FALSE
"Hafniaceae",TRUE,FALSE
"FGB77241",TRUE,FALSE
"FGB79245",TRUE,FALSE
"Bianqueaceae",TRUE,FALSE
"FGB75783",FALSE,TRUE
"FGB2881",TRUE,FALSE
"FGB4623",FALSE,TRUE
"FGB45628",FALSE,FALSE
"FGB4559",FALSE,TRUE
"Eubacteriales",FALSE,FALSE
"Bifidobacteriales",FALSE,FALSE
"Firmicutes_unclassified",FALSE,FALSE
"Coriobacteriales",FALSE,FALSE
"OFGB79266",FALSE,FALSE
"Eggerthellales",FALSE,FALSE
"Lactobacillales",FALSE,FALSE
"Erysipelotrichales",FALSE,FALSE
"OFGB3012",FALSE,FALSE
"OFGB3072",FALSE,FALSE
"Micrococcales",FALSE,FALSE
"OFGB1227",FALSE,FALSE
"Bacteroidales",FALSE,FALSE
"Acidaminococcales",FALSE,FALSE
"Actinomycetales",FALSE,FALSE
"OFGB3057",FALSE,FALSE
"OFGB3038",FALSE,FALSE
"OFGB3054",FALSE,FALSE
"Desulfovibrionales",FALSE,FALSE
"Burkholderiales",FALSE,FALSE
"OFGB2983",TRUE,FALSE
"OFGB1011",FALSE,FALSE
"OFGB2979",FALSE,FALSE
"OFGB2898",FALSE,FALSE
"Verrucomicrobiales",FALSE,FALSE
"OFGB1814",FALSE,FALSE
"Enterobacterales",FALSE,FALSE
"OFGB3041",FALSE,FALSE
"OFGB3023",FALSE,FALSE
"OFGB3069",FALSE,FALSE
"Bacteria_unclassified",FALSE,FALSE
"OFGB75721",FALSE,FALSE
"Clostridia_unclassified",FALSE,FALSE
"OFGB1292",FALSE,FALSE
"OFGB3004",FALSE,FALSE
"OFGB2404",FALSE,FALSE
"OFGB628",TRUE,FALSE
"OFGB77566",TRUE,FALSE
"Veillonellales",FALSE,FALSE
"OFGB77988",FALSE,FALSE
"OFGB9119",TRUE,FALSE
"OFGB4806",FALSE,FALSE
"OFGB38642",FALSE,FALSE
"OFGB1765",FALSE,FALSE
"OFGB2107",FALSE,FALSE
"OFGB668",TRUE,FALSE
"OFGB2106",FALSE,FALSE
"OFGB2890",FALSE,FALSE
"OFGB3070",FALSE,FALSE
"OFGB1211",FALSE,FALSE
"OFGB3047",FALSE,FALSE
"OFGB9115",TRUE,FALSE
"OFGB2834",FALSE,FALSE
"Candidatus_Gastranaerophilales",FALSE,FALSE
"OFGB1354",FALSE,FALSE
"OFGB658",FALSE,FALSE
"OFGB2982",FALSE,FALSE
"OFGB9989",FALSE,FALSE
"OFGB79237",FALSE,FALSE
"Puniceicoccales",TRUE,FALSE
"Victivallales",FALSE,FALSE
"OFGB1787",FALSE,FALSE
"OFGB1670",FALSE,FALSE
"OFGB1226",FALSE,FALSE
"OFGB2378",FALSE,FALSE
"Candidatus_Borkfalkiales",FALSE,FALSE
"OFGB2992",TRUE,FALSE
"OFGB2840",FALSE,FALSE
"OFGB9272",FALSE,FALSE
"OFGB343",FALSE,TRUE
"OFGB1458",FALSE,TRUE
"OFGB4405",FALSE,FALSE
"OFGB3062",FALSE,FALSE
"OFGB14936",FALSE,FALSE
"OFGB2950",FALSE,TRUE
"OFGB1258",FALSE,FALSE
"OFGB1473",FALSE,FALSE
"OFGB45555",FALSE,TRUE
"Aeromonadales",FALSE,TRUE
"Synergistales",TRUE,FALSE
"OFGB2875",FALSE,FALSE
"Methanobacteriales",FALSE,FALSE
"OFGB30328",FALSE,FALSE
"Campylobacterales",TRUE,FALSE
"OFGB629",FALSE,TRUE
"OFGB72939",FALSE,FALSE
"OFGB28775",FALSE,FALSE
"OFGB3002",TRUE,FALSE
"OFGB2918",FALSE,FALSE
"OFGB79291",FALSE,FALSE
"OFGB1249",FALSE,FALSE
"OFGB1260",FALSE,FALSE
"OFGB9395",TRUE,FALSE
"OFGB77305",TRUE,FALSE
"OFGB37573",TRUE,FALSE
"OFGB9318",TRUE,FALSE
"OFGB9388",TRUE,FALSE
"OFGB9633",TRUE,FALSE
"OFGB28682",TRUE,FALSE
"OFGB2838",TRUE,FALSE
"OFGB28310",TRUE,FALSE
"OFGB78137",TRUE,FALSE
"OFGB40333",TRUE,FALSE
"OFGB50354",TRUE,FALSE
"OFGB77359",TRUE,FALSE
"OFGB8118",TRUE,FALSE
"OFGB9656",TRUE,FALSE
"OFGB10197",TRUE,FALSE
"OFGB10290",TRUE,FALSE
"OFGB9375",TRUE,FALSE
"OFGB77250",TRUE,FALSE
"OFGB9512",TRUE,FALSE
"OFGB10667",TRUE,FALSE
"OFGB9827",TRUE,FALSE
"OFGB2984",FALSE,TRUE
"OFGB72899",FALSE,TRUE
"OFGB10477",FALSE,FALSE
"OFGB79294",FALSE,TRUE
"OFGB2837",FALSE,TRUE
"Selenomonadales",FALSE,FALSE
"Methanomassiliicoccales",FALSE,TRUE
"OFGB2937",FALSE,TRUE
"OFGB2985",FALSE,FALSE
"OFGB73223",FALSE,TRUE
"OFGB4448",FALSE,TRUE
"OFGB2897",FALSE,FALSE
"OFGB544",FALSE,TRUE
"OFGB1201",FALSE,TRUE
"OFGB79253",FALSE,TRUE
"OFGB9536",FALSE,TRUE
"OFGB12107",FALSE,FALSE
"OFGB667",FALSE,FALSE
"OFGB74971",FALSE,TRUE
"OFGB45503",FALSE,FALSE
"OFGB77857",FALSE,TRUE
"OFGB1838",FALSE,TRUE
"OFGB3176",FALSE,TRUE
"OFGB28372",FALSE,TRUE
"OFGB79211",FALSE,TRUE
"OFGB7511",FALSE,TRUE
"OFGB2954",FALSE,TRUE
"OFGB1311",FALSE,TRUE
"OFGB2844",FALSE,FALSE
"OFGB2952",FALSE,FALSE
"OFGB9718",FALSE,FALSE
"OFGB2906",TRUE,FALSE
"OFGB1380",FALSE,FALSE
"OFGB2846",FALSE,FALSE
"OFGB3022",TRUE,FALSE
"OFGB9491",FALSE,FALSE
"OFGB1776",FALSE,TRUE
"OFGB28369",FALSE,TRUE
"OFGB2403",FALSE,TRUE
"OFGB2949",FALSE,TRUE
"OFGB4605",FALSE,TRUE
"OFGB2915",FALSE,TRUE
"Pseudomonadales",FALSE,FALSE
"OFGB10055",TRUE,FALSE
"OFGB2932",FALSE,TRUE
"OFGB2960",FALSE,FALSE
"OFGB1359",FALSE,FALSE
"OFGB83839",FALSE,TRUE
"OFGB79244",FALSE,TRUE
"OFGB1126",FALSE,FALSE
"OFGB36753",FALSE,TRUE
"OFGB13532",FALSE,TRUE
"OFGB1677",FALSE,TRUE
"OFGB10021",FALSE,TRUE
"OFGB3043",FALSE,FALSE
"Pasteurellales",FALSE,FALSE
"OFGB11739",TRUE,FALSE
"OFGB11257",FALSE,TRUE
"Fusobacteriales",FALSE,FALSE
"OFGB2964",TRUE,FALSE
"OFGB1217",FALSE,FALSE
"OFGB3048",FALSE,FALSE
"OFGB1374",FALSE,FALSE
"OFGB73062",TRUE,FALSE
"OFGB72904",TRUE,FALSE
"OFGB3297",TRUE,FALSE
"OFGB1325",TRUE,FALSE
"OFGB3009",FALSE,FALSE
"OFGB77202",TRUE,FALSE
"OFGB11479",TRUE,FALSE
"OFGB1798",TRUE,FALSE
"OFGB32970",TRUE,FALSE
"OFGB72924",TRUE,FALSE
"OFGB11916",TRUE,FALSE
"Propionibacteriales",TRUE,FALSE
"OFGB1780",TRUE,FALSE
"OFGB82363",TRUE,FALSE
"OFGB602",TRUE,FALSE
"OFGB2345",TRUE,FALSE
"OFGB77241",TRUE,FALSE
"OFGB79245",TRUE,FALSE
"OFGB75783",FALSE,TRUE
"OFGB2881",TRUE,FALSE
"OFGB4623",FALSE,TRUE
"OFGB45628",FALSE,FALSE
"OFGB4559",FALSE,TRUE
"Clostridia",FALSE,FALSE
"Actinomycetia",FALSE,FALSE
"Firmicutes_unclassified",FALSE,FALSE
"Coriobacteriia",FALSE,FALSE
"CFGB79266",FALSE,FALSE
"Bacilli",FALSE,FALSE
"Erysipelotrichia",FALSE,FALSE
"CFGB3012",FALSE,FALSE
"CFGB3072",FALSE,FALSE
"CFGB1227",FALSE,FALSE
"Bacteroidia",FALSE,FALSE
"Negativicutes",FALSE,FALSE
"CFGB3057",FALSE,FALSE
"CFGB3038",FALSE,FALSE
"CFGB3054",FALSE,FALSE
"Deltaproteobacteria",FALSE,FALSE
"Betaproteobacteria",FALSE,FALSE
"CFGB2983",TRUE,FALSE
"CFGB1011",FALSE,FALSE
"CFGB2979",FALSE,FALSE
"CFGB2898",FALSE,FALSE
"Verrucomicrobiae",FALSE,FALSE
"CFGB1814",FALSE,FALSE
"Gammaproteobacteria",FALSE,FALSE
"CFGB3041",FALSE,FALSE
"CFGB3023",FALSE,FALSE
"CFGB3069",FALSE,FALSE
"Bacteria_unclassified",FALSE,FALSE
"CFGB75721",FALSE,FALSE
"CFGB1292",FALSE,FALSE
"CFGB3004",FALSE,FALSE
"CFGB2404",FALSE,FALSE
"CFGB628",TRUE,FALSE
"CFGB77566",TRUE,FALSE
"CFGB77988",FALSE,FALSE
"CFGB9119",TRUE,FALSE
"CFGB4806",FALSE,FALSE
"CFGB38642",FALSE,FALSE
"CFGB1765",FALSE,FALSE
"CFGB2107",FALSE,FALSE
"CFGB668",TRUE,FALSE
"CFGB2106",FALSE,FALSE
"CFGB2890",FALSE,FALSE
"CFGB3070",FALSE,FALSE
"CFGB1211",FALSE,FALSE
"CFGB3047",FALSE,FALSE
"CFGB9115",TRUE,FALSE
"CFGB2834",FALSE,FALSE
"Candidatus_Melainabacteria_unclassified",FALSE,FALSE
"CFGB1354",FALSE,FALSE
"CFGB658",FALSE,FALSE
"CFGB2982",FALSE,FALSE
"CFGB9989",FALSE,FALSE
"CFGB79237",FALSE,FALSE
"Opitutae",TRUE,FALSE
"Lentisphaeria",FALSE,FALSE
"CFGB1787",FALSE,FALSE
"CFGB1670",FALSE,FALSE
"CFGB1226",FALSE,FALSE
"CFGB2378",FALSE,FALSE
"CFGB2992",TRUE,FALSE
"CFGB2840",FALSE,FALSE
"CFGB9272",FALSE,FALSE
"CFGB343",FALSE,TRUE
"CFGB1458",FALSE,TRUE
"CFGB4405",FALSE,FALSE
"CFGB3062",FALSE,FALSE
"CFGB14936",FALSE,FALSE
"CFGB2950",FALSE,TRUE
"CFGB1258",FALSE,FALSE
"CFGB1473",FALSE,FALSE
"CFGB45555",FALSE,TRUE
"Synergistia",TRUE,FALSE
"CFGB2875",FALSE,FALSE
"Methanobacteria",FALSE,FALSE
"CFGB30328",FALSE,FALSE
"Epsilonproteobacteria",TRUE,FALSE
"CFGB629",FALSE,TRUE
"CFGB72939",FALSE,FALSE
"CFGB28775",FALSE,FALSE
"CFGB3002",TRUE,FALSE
"CFGB2918",FALSE,FALSE
"CFGB79291",FALSE,FALSE
"CFGB1249",FALSE,FALSE
"CFGB1260",FALSE,FALSE
"CFGB9395",TRUE,FALSE
"CFGB77305",TRUE,FALSE
"CFGB37573",TRUE,FALSE
"CFGB9318",TRUE,FALSE
"CFGB9388",TRUE,FALSE
"CFGB9633",TRUE,FALSE
"CFGB28682",TRUE,FALSE
"CFGB2838",TRUE,FALSE
"CFGB28310",TRUE,FALSE
"CFGB78137",TRUE,FALSE
"CFGB40333",TRUE,FALSE
"CFGB50354",TRUE,FALSE
"CFGB77359",TRUE,FALSE
"CFGB8118",TRUE,FALSE
"CFGB9656",TRUE,FALSE
"CFGB10197",TRUE,FALSE
"CFGB10290",TRUE,FALSE
"CFGB9375",TRUE,FALSE
"CFGB77250",TRUE,FALSE
"CFGB9512",TRUE,FALSE
"CFGB10667",TRUE,FALSE
"CFGB9827",TRUE,FALSE
"CFGB2984",FALSE,TRUE
"CFGB72899",FALSE,TRUE
"CFGB10477",FALSE,FALSE
"CFGB79294",FALSE,TRUE
"CFGB2837",FALSE,TRUE
"Thermoplasmata",FALSE,TRUE
"CFGB2937",FALSE,TRUE
"CFGB2985",FALSE,FALSE
"CFGB73223",FALSE,TRUE
"CFGB4448",FALSE,TRUE
"CFGB2897",FALSE,FALSE
"CFGB544",FALSE,TRUE
"CFGB1201",FALSE,TRUE
"CFGB79253",FALSE,TRUE
"CFGB9536",FALSE,TRUE
"CFGB12107",FALSE,FALSE
"CFGB667",FALSE,FALSE
"CFGB74971",FALSE,TRUE
"CFGB45503",FALSE,FALSE
"CFGB77857",FALSE,TRUE
"CFGB1838",FALSE,TRUE
"CFGB3176",FALSE,TRUE
"CFGB28372",FALSE,TRUE
"CFGB79211",FALSE,TRUE
"CFGB7511",FALSE,TRUE
"CFGB2954",FALSE,TRUE
"CFGB1311",FALSE,TRUE
"CFGB2844",FALSE,FALSE
"CFGB2952",FALSE,FALSE
"CFGB9718",FALSE,FALSE
"CFGB2906",TRUE,FALSE
"CFGB1380",FALSE,FALSE
"CFGB2846",FALSE,FALSE
"CFGB3022",TRUE,FALSE
"CFGB9491",FALSE,FALSE
"CFGB1776",FALSE,TRUE
"CFGB28369",FALSE,TRUE
"CFGB2403",FALSE,TRUE
"CFGB2949",FALSE,TRUE
"CFGB4605",FALSE,TRUE
"CFGB2915",FALSE,TRUE
"CFGB10055",TRUE,FALSE
"CFGB2932",FALSE,TRUE
"CFGB2960",FALSE,FALSE
"CFGB1359",FALSE,FALSE
"CFGB83839",FALSE,TRUE
"CFGB79244",FALSE,TRUE
"CFGB1126",FALSE,FALSE
"CFGB36753",FALSE,TRUE
"CFGB13532",FALSE,TRUE
"CFGB1677",FALSE,TRUE
"CFGB10021",FALSE,TRUE
"CFGB3043",FALSE,FALSE
"CFGB11739",TRUE,FALSE
"CFGB11257",FALSE,TRUE
"Fusobacteriia",FALSE,FALSE
"CFGB2964",TRUE,FALSE
"CFGB1217",FALSE,FALSE
"CFGB3048",FALSE,FALSE
"CFGB1374",FALSE,FALSE
"CFGB73062",TRUE,FALSE
"CFGB72904",TRUE,FALSE
"CFGB3297",TRUE,FALSE
"CFGB1325",TRUE,FALSE
"CFGB3009",FALSE,FALSE
"CFGB77202",TRUE,FALSE
"CFGB11479",TRUE,FALSE
"CFGB1798",TRUE,FALSE
"CFGB32970",TRUE,FALSE
"CFGB72924",TRUE,FALSE
"CFGB11916",TRUE,FALSE
"CFGB1780",TRUE,FALSE
"CFGB82363",TRUE,FALSE
"CFGB602",TRUE,FALSE
"CFGB2345",TRUE,FALSE
"CFGB77241",TRUE,FALSE
"CFGB79245",TRUE,FALSE
"CFGB75783",FALSE,TRUE
"CFGB2881",TRUE,FALSE
"CFGB4623",FALSE,TRUE
"CFGB45628",FALSE,FALSE
"CFGB4559",FALSE,TRUE
"Firmicutes",FALSE,FALSE
"Actinobacteria",FALSE,FALSE
"Bacteroidota",FALSE,FALSE
"Proteobacteria",FALSE,FALSE
"Verrucomicrobia",FALSE,FALSE
"Bacteria_unclassified",FALSE,FALSE
"Candidatus_Melainabacteria",FALSE,FALSE
"Lentisphaerae",FALSE,FALSE
"Tenericutes",FALSE,FALSE
"Synergistetes",TRUE,FALSE
"Euryarchaeota",FALSE,FALSE
"Candidatus_Saccharibacteria",TRUE,FALSE
"Candidatus_Thermoplasmatota",FALSE,TRUE
"Fusobacteria",FALSE,FALSE
"Bacteria",FALSE,FALSE
"Archaea",FALSE,FALSE
