Taxonomy,baseMean,log2FoldChange,lfcSE,stat,pvalue,padj,threshold,level
p__Actinobacteria,30.41581926,-0.980564815,0.418709534,-2.341873626,0.019187211,0.103048885,FALSE,phylum
p__Bacteroidetes,696.7646786,-0.185791579,0.295854172,-0.627983637,0.530014659,0.942271694,FALSE,phylum
p__Candidatus_Melainabacteria,0.167508352,1.396979271,3.447142861,0.405257144,0.685288505,0.942271694,FALSE,phylum
p__Euryarchaeota,1.130234021,1.031994961,1.211668398,0.851714019,0.394372838,0.867620243,FALSE,phylum
p__Firmicutes,319.2363116,1.51E-09,0.027035498,5.59E-08,0.999999955,0.999999955,FALSE,phylum
p__Fusobacteria,0.085962042,0.969127203,3.4533236,0.280636082,0.778989539,0.952098325,FALSE,phylum
p__Lentisphaerae,0.019537106,-0.313807398,3.455748815,-0.090807352,0.927645668,0.999999955,FALSE,phylum
p__Proteobacteria,29.54539544,-1.20161806,0.521500067,-2.304157056,0.021213829,0.103048885,FALSE,phylum
p__Synergistetes,0.931132955,-2.512175278,2.699707501,-0.930536096,0.352093584,0.867620243,FALSE,phylum
p__Verrucomicrobia,15.1297635,0.589299718,1.136746119,0.518409263,0.604172753,0.942271694,FALSE,phylum
p__Viruses_unclassified,9.428153504,-1.275919407,0.581065221,-2.195828215,0.028104241,0.103048885,FALSE,phylum
c__Actinobacteria,16.30026858,-1.951012781,0.761551629,-2.561891679,0.010410378,0.05725708,FALSE,class
c__Alphaproteobacteria,0.055847553,-0.017023035,3.455652647,-0.004926142,0.996069523,0.99999996,FALSE,class
c__Bacilli,28.73575133,-2.688137006,0.684591241,-3.926630735,8.61E-05,0.000947585,TRUE,class
c__Bacteroidia,714.6312178,-0.338616024,0.306887614,-1.103387716,0.269858829,0.593689424,FALSE,class
c__Betaproteobacteria,3.847944001,-1.087188329,0.848727614,-1.280962598,0.200206804,0.492262381,FALSE,class
c__Candidatus_Melainabacteria_unclassified,0.151474068,1.174374298,3.23430463,0.36309947,0.71653058,0.982006224,FALSE,class
c__Clostridia,268.0004452,1.13E-09,0.022701565,4.98E-08,0.99999996,0.99999996,FALSE,class
c__Coriobacteriia,16.18463951,-0.772222039,0.421756116,-1.830968206,0.067105289,0.210902336,FALSE,class
c__Deltaproteobacteria,1.567575851,0.338085567,0.745201568,0.453683381,0.65005673,0.953416537,FALSE,class
c__Epsilonproteobacteria,0.017201569,-0.465996037,3.455741788,-0.134846891,0.892732931,0.982006224,FALSE,class
c__Erysipelotrichia,2.336251237,0.52084797,0.716002655,0.727438602,0.466957315,0.747534252,FALSE,class
c__Firmicutes_unclassified,11.2885942,0.764188146,0.598129659,1.277629582,0.201380065,0.492262381,FALSE,class
c__Fusobacteriia,0.076114131,0.777966374,3.453136815,0.225292659,0.82175161,0.982006224,FALSE,class
c__Gammaproteobacteria,12.82140413,-1.865198169,1.018594357,-1.831149129,0.067078287,0.210902336,FALSE,class
c__Lentisphaeria,0.017201569,-0.465996037,3.455741788,-0.134846891,0.892732931,0.982006224,FALSE,class
c__Methanobacteria,1.029452355,0.742671846,1.041279996,0.713229726,0.475703615,0.747534252,FALSE,class
c__Negativicutes,16.83503543,-2.649033879,0.566536864,-4.675836735,2.93E-06,6.44E-05,TRUE,class
c__Proteobacteria_unclassified,5.904697069,-2.967551235,1.227462897,-2.41763009,0.015621949,0.068736575,FALSE,class
c__Synergistia,0.918670548,-2.618252879,2.630209318,-0.995454187,0.319515415,0.63903083,FALSE,class
c__Thermoplasmata,0.03903403,0.501507853,3.454848484,0.145160593,0.884584079,0.982006224,FALSE,class
c__Verrucomicrobiae,11.16190124,0.95106265,1.086196811,0.875589617,0.381253172,0.698964148,FALSE,class
c__Viruses_unclassified,10.03499178,-1.502584846,0.579290239,-2.593837672,0.009491129,0.05725708,FALSE,class
o__Acidaminococcales,10.32525197,-2.582104723,0.675609728,-3.821888014,0.000132434,0.002118941,TRUE,order
o__Actinomycetales,0.013711113,-0.506061048,3.455739256,-0.14644075,0.88357346,0.952248459,FALSE,order
o__Aeromonadales,0.015005624,-0.465996037,3.455741788,-0.134846891,0.892732931,0.952248459,FALSE,order
o__Bacteroidales,714.6312178,-0.338620311,0.30651359,-1.104748117,0.269268747,0.783327265,FALSE,order
o__Bifidobacteriales,16.20047575,-1.93969962,0.776416223,-2.498272914,0.012480007,0.128517236,FALSE,order
o__Burkholderiales,3.847944001,-1.087151137,0.849334002,-1.280004255,0.200543639,0.644596367,FALSE,order
o__Campylobacterales,0.017201569,-0.465996037,3.455741788,-0.134846891,0.892732931,0.952248459,FALSE,order
o__Candidatus_Gastranaerophilales,0.151474068,1.174401746,3.254962,0.36080352,0.718246332,0.952248459,FALSE,order
o__Caudovirales,8.488106807,-1.263195932,0.597554245,-2.113943533,0.03452009,0.184107149,FALSE,order
o__Clostridiales,268.0004452,1.10E-09,0.022323485,4.92E-08,0.999999961,0.999999961,FALSE,order
o__Coriobacteriales,13.47666708,-0.819549434,0.571481466,-1.434078763,0.151549787,0.60619915,FALSE,order
o__Desulfovibrionales,1.567575851,0.338523513,0.74373018,0.455169794,0.64898709,0.952248459,FALSE,order
o__Eggerthellales,2.707972431,-0.488115928,0.571319258,-0.854366313,0.392902055,0.89806184,FALSE,order
o__Enterobacterales,12.74050523,-1.866681743,1.072553304,-1.740409299,0.081787174,0.373884224,FALSE,order
o__Erysipelotrichales,2.336251237,0.520729753,0.715265274,0.728023255,0.466599351,0.950153088,FALSE,order
o__Firmicutes_unclassified,11.2885942,0.764189178,0.598205185,1.277470001,0.201436365,0.644596367,FALSE,order
o__Fusobacteriales,0.076114131,0.777966374,3.453136815,0.225292659,0.82175161,0.952248459,FALSE,order
o__Herpesvirales,0.008153345,-0.465996037,3.455741788,-0.134846891,0.892732931,0.952248459,FALSE,order
o__Lactobacillales,28.73575133,-2.688083432,0.685103959,-3.923613923,8.72E-05,0.002118941,TRUE,order
o__Methanobacteriales,1.029452355,0.742761419,1.039927261,0.714243627,0.475076544,0.950153088,FALSE,order
o__Methanomassiliicoccales,0.03903403,0.501507853,3.454848484,0.145160593,0.884584079,0.952248459,FALSE,order
o__Micrococcales,0,NA,NA,NA,NA,NA,NA,order
o__Ortervirales,0.221311342,-0.673448942,2.007923711,-0.335395682,0.737326625,0.952248459,FALSE,order
o__Pasteurellales,0.080898897,-0.535170959,3.455729781,-0.154864817,0.876927891,0.952248459,FALSE,order
o__Propionibacteriales,0.086081715,-0.869601768,3.455702852,-0.251642518,0.801317391,0.952248459,FALSE,order
o__Proteobacteria_unclassified,5.904697069,-2.967530824,1.232648249,-2.407443345,0.016064655,0.128517236,FALSE,order
o__Pseudomonadales,0,NA,NA,NA,NA,NA,NA,order
o__Rhodospirillales,0.055847553,-0.017023035,3.455652647,-0.004926142,0.996069523,0.999999961,FALSE,order
o__Selenomonadales,0.032240655,-0.506061048,3.455739256,-0.14644075,0.88357346,0.952248459,FALSE,order
o__Synergistales,0.918670548,-2.618483605,2.680683844,-0.976796876,0.328669723,0.876452595,FALSE,order
o__Veillonellales,4.563081682,-2.186417879,0.961313608,-2.27440646,0.022941559,0.14682598,FALSE,order
o__Verrucomicrobiales,11.16190124,0.951030165,1.08997597,0.872523974,0.382922595,0.89806184,FALSE,order
o__Victivallales,0.017201569,-0.465996037,3.455741788,-0.134846891,0.892732931,0.952248459,FALSE,order
o__Viruses_unclassified,0.011375231,-0.465996037,3.455741788,-0.134846891,0.892732931,0.952248459,FALSE,order
f__Acidaminococcaceae,14.74209595,-3.168837303,0.7355102,-4.308352628,1.64E-05,0.000296055,TRUE,family
f__Ackermannviridae,0.0350386,0.348109835,3.454594104,0.100767217,0.919735251,NA,NA,family
f__Actinomycetaceae,0.06317198,-0.586561419,3.455717833,-0.169736491,0.865217375,NA,NA,family
f__Aeromonadaceae,0.013194866,-0.546494268,3.455719779,-0.158141951,0.874344944,NA,NA,family
f__Akkermansiaceae,11.29070898,0.992052432,1.110212973,0.893569483,0.37155228,0.636946766,FALSE,family
f__Alloherpesviridae,0.006907953,-0.546494268,3.455719779,-0.158141951,0.874344944,NA,NA,family
f__Atopobiaceae,0.07739259,-0.62662876,3.455715938,-0.181331096,0.856107699,NA,NA,family
f__Bacteroidaceae,553.3384654,-0.163178343,0.364183086,-0.44806678,0.654105002,0.824533118,FALSE,family
f__Baculoviridae,0.015237528,-0.546494268,3.455719779,-0.158141951,0.874344944,NA,NA,family
f__Barnesiellaceae,8.809218187,-1.75241368,0.795280329,-2.203516944,0.027558334,0.099017517,FALSE,family
f__Bifidobacteriaceae,16.19961096,-1.726145008,0.809631841,-2.132012257,0.033005839,0.099017517,FALSE,family
f__Campylobacteraceae,0.016107534,-0.546494268,3.455719779,-0.158141951,0.874344944,NA,NA,family
f__Candidatus_Gastranaerophilales_unclassified,0.142753468,1.104296735,3.061454766,0.3607098,0.718316398,0.834173882,FALSE,family
f__Caudovirales_unclassified,0.196085249,-0.871852694,3.455679123,-0.252295616,0.800812576,0.847919198,FALSE,family
f__Christensenellaceae,0.01732146,-0.586561419,3.455717833,-0.169736491,0.865217375,NA,NA,family
f__Clostridiaceae,13.06376404,-0.853510218,0.449835787,-1.897381764,0.057777571,0.159999427,FALSE,family
f__Clostridiales_Family_XIII_Incertae_Sedis,0.006013918,-0.546494268,3.455719779,-0.158141951,0.874344944,NA,NA,family
f__Clostridiales_unclassified,7.125036302,-0.257955813,0.531518727,-0.485318391,0.627450512,0.824533118,FALSE,family
f__Coriobacteriaceae,15.44666889,-2.143346912,0.614716591,-3.486723709,0.000488976,0.005867715,TRUE,family
f__Desulfovibrionaceae,1.552538945,0.377712806,0.739039991,0.511085747,0.609291016,0.824533118,FALSE,family
f__Eggerthellaceae,3.022531689,-0.647803651,0.601609052,-1.07678508,0.281576293,0.628815843,FALSE,family
f__Enterobacteriaceae,11.32492288,-1.60090286,1.083458842,-1.477585302,0.139518811,0.334845146,FALSE,family
f__Enterococcaceae,0.863952021,-2.068429093,2.131645056,-0.970344048,0.331875028,0.628815843,FALSE,family
f__Erysipelotrichaceae,2.804770737,0.518541949,0.755633593,0.686234643,0.492565155,0.738847733,FALSE,family
f__Eubacteriaceae,22.60591422,-0.139157327,0.430307275,-0.323390597,0.74639945,0.839699381,FALSE,family
f__Firmicutes_unclassified,9.870693633,0.593729244,0.59728106,0.994053359,0.320196891,0.628815843,FALSE,family
f__Fusobacteriaceae,0.075900527,0.750704805,3.452156404,0.217459674,0.827850131,NA,NA,family
f__Hafniaceae,0.007493621,-0.546494268,3.455719779,-0.158141951,0.874344944,NA,NA,family
f__Herpesviridae,0,NA,NA,NA,NA,NA,NA,family
f__Lachnospiraceae,142.8794761,-0.606307831,0.26463233,-2.291132874,0.02195573,0.099017517,FALSE,family
f__Lactobacillaceae,2.052150479,-3.313640176,1.48308569,-2.234287741,0.025464146,0.099017517,FALSE,family
f__Leuconostocaceae,0.099939298,-0.658055998,3.455695847,-0.19042648,0.848974949,NA,NA,family
f__Methanobacteriaceae,0.912326232,0.637107234,1.024395232,0.621934985,0.533984619,0.768937852,FALSE,family
f__Methanomassiliicoccaceae,0.034148791,0.385416738,3.454494913,0.111569635,0.911164649,NA,NA,family
f__Micrococcaceae,0,NA,NA,NA,NA,NA,NA,family
f__Myoviridae,1.4453098,-0.996268339,1.207673071,-0.824948707,0.409400712,0.640801114,FALSE,family
f__Odoribacteraceae,12.82525244,-0.239424918,0.593668542,-0.403297297,0.68672953,0.824533118,FALSE,family
f__Oscillospiraceae,4.77459398,1.233931699,0.771727712,1.59892107,0.109838142,0.282440936,FALSE,family
f__Oxalobacteraceae,0.01298237,-0.415341745,3.455719779,-0.120189648,0.904332918,NA,NA,family
f__Pasteurellaceae,0.088301136,-0.616822343,3.158297491,-0.195302167,0.845156401,NA,NA,family
f__Peptostreptococcaceae,1.445481575,-2.563268025,1.200951422,-2.134364453,0.032812959,0.099017517,FALSE,family
f__Podoviridae,0.314492527,-0.21965432,2.75266068,-0.079797093,0.936398636,0.936398636,FALSE,family
f__Porphyromonadaceae,0.011062461,-0.136232599,3.455568188,-0.039424081,0.968552281,NA,NA,family
f__Prevotellaceae,52.69315553,0.133531838,1.27462288,0.10476184,0.916564791,0.936398636,FALSE,family
f__Propionibacteriaceae,0.077546373,-0.956766785,3.455650589,-0.276870233,0.78187975,NA,NA,family
f__Proteobacteria_unclassified,8.018552327,-3.409346789,1.303582072,-2.615367964,0.008913138,0.053478825,FALSE,family
f__Pseudomonadaceae,0,NA,NA,NA,NA,NA,NA,family
f__Retroviridae,0.256795985,-0.762130249,1.892180473,-0.402778836,0.687110931,0.824533118,FALSE,family
f__Rhodospirillaceae,0.052224363,-0.085953238,3.455439898,-0.02487476,0.98015486,NA,NA,family
f__Rikenellaceae,75.16002775,-0.45593237,0.50131344,-0.909475656,0.363099102,0.636946766,FALSE,family
f__Ruminococcaceae,95.34683329,0.393855031,0.18346456,2.146763553,0.03181211,0.099017517,FALSE,family
f__Selenomonadaceae,0.027832959,-0.586561419,3.455717833,-0.169736491,0.865217375,NA,NA,family
f__Siphoviridae,4.55784541,-1.758560419,0.580349097,-3.030176884,0.002444106,0.02199695,TRUE,family
f__Streptococcaceae,11.56702486,-3.19985855,0.682987568,-4.685090476,2.80E-06,0.000100741,TRUE,family
f__Sutterellaceae,4.822522784,-0.75941978,0.918778026,-0.826554139,0.408489821,0.640801114,FALSE,family
f__Synergistaceae,0.837879647,-2.629682371,2.690331289,-0.97745671,0.328343099,0.628815843,FALSE,family
f__Tannerellaceae,55.74439385,-0.112391947,0.444979776,-0.252577653,0.800594601,0.847919198,FALSE,family
f__Veillonellaceae,6.909843294,-2.867688503,1.036999307,-2.765371669,0.005685797,0.04093774,TRUE,family
f__Victivallaceae,0.016107534,-0.546494268,3.455719779,-0.158141951,0.874344944,NA,NA,family
f__Victivallales_unclassified,0,NA,NA,NA,NA,NA,NA,family
g__Absiella,0,NA,NA,NA,NA,NA,NA,genus
g__Acidaminococcus,4.627876964,-3.71638534,1.847568747,-2.011500436,0.044272624,0.579162795,FALSE,genus
g__Actinomyces,0.015363635,-0.108670446,3.454559552,-0.031457106,0.974905,0.999999943,FALSE,genus
g__Adlercreutzia,0.605680271,0.798696653,1.313196192,0.60820817,0.543049417,0.999999943,FALSE,genus
g__Aeromonas,0.006118262,-0.083283755,3.454570349,-0.024108282,0.980766237,0.999999943,FALSE,genus
g__Agathobaculum,1.906139378,-1.16704077,0.728167044,-1.602710229,0.108998644,0.724840984,FALSE,genus
g__Akkermansia,21.75550627,-0.142323445,1.246411674,-0.114186546,0.909089916,0.999999943,FALSE,genus
g__Alistipes,133.8769349,0.180843142,0.60901957,0.296941429,0.766511226,0.999999943,FALSE,genus
g__Allisonella,0,NA,NA,NA,NA,NA,NA,genus
g__Alloscardovia,0,NA,NA,NA,NA,NA,NA,genus
g__Anaerofustis,0,NA,NA,NA,NA,NA,NA,genus
g__Anaeromassilibacillus,0.213684699,-0.157567359,1.836975312,-0.085775436,0.931644933,0.999999943,FALSE,genus
g__Anaerostipes,4.758692781,-0.413160096,0.591591698,-0.698387245,0.484935051,0.999999943,FALSE,genus
g__Anaerotignum,0.197008219,0.340279276,2.075934416,0.163916198,0.869797116,0.999999943,FALSE,genus
g__Anaerotruncus,1.578010014,-0.293625215,1.098527204,-0.267289889,0.789245971,0.999999943,FALSE,genus
g__Asaccharobacter,1.089349095,-0.027702223,0.857042958,-0.032323027,0.974214446,0.999999943,FALSE,genus
g__Azospirillum,0.069748184,-0.173919862,3.45452643,-0.0503455,0.959847066,0.999999943,FALSE,genus
g__Bacteroides,552.4463928,-0.863875863,0.373099828,-2.315401396,0.020590975,0.391228529,FALSE,genus
g__Barnesiella,22.8759834,-4.981850431,1.251072151,-3.982064845,6.83E-05,0.004543222,TRUE,genus
g__Betabaculovirus,0.002214228,-0.062495288,3.454578399,-0.018090569,0.985566602,0.999999943,FALSE,genus
g__Bifidobacterium,23.93472647,-2.848736665,0.861011808,-3.308591867,0.000937664,0.033964865,TRUE,genus
g__Bilophila,1.280576454,-0.242830347,0.82854617,-0.293080042,0.769460971,0.999999943,FALSE,genus
g__Blautia,22.08692489,5.10E-09,0.071628682,7.11E-08,0.999999943,0.999999943,FALSE,genus
g__Butyricimonas,2.199566147,1.212163263,0.829687474,1.460987782,0.144018794,0.912119031,FALSE,genus
g__Butyrivibrio,1.799734672,5.305246337,2.78299132,1.906310774,0.056609897,0.579162795,FALSE,genus
g__C2virus,0.403664364,0.540944979,2.093696748,0.258368352,0.796122639,0.999999943,FALSE,genus
g__C5virus,0,NA,NA,NA,NA,NA,NA,genus
g__Campylobacter,0.023249395,-0.083283756,3.454570349,-0.024108282,0.980766237,0.999999943,FALSE,genus
g__Candidatus_Gastranaerophilales_unclassified,0.136156279,-0.013852435,3.369676802,-0.004110909,0.996719978,0.999999943,FALSE,genus
g__Candidatus_Stoquefichus,0.095622721,-0.243541951,2.723516092,-0.089421888,0.928746629,0.999999943,FALSE,genus
g__Catenibacterium,0.277099735,-0.177156117,3.378876465,-0.052430481,0.958185688,0.999999943,FALSE,genus
g__Caudovirales_unclassified,0.015766831,-0.128220103,3.454550165,-0.037116295,0.970392279,0.999999943,FALSE,genus
g__Cba120virus,0.12681488,0.996437462,3.451287476,0.28871471,0.772799705,0.999999943,FALSE,genus
g__Cd119virus,0.021096673,-0.075560868,3.454287039,-0.021874519,0.982548051,0.999999943,FALSE,genus
g__Christensenella,0.015584759,-0.128220103,3.454550165,-0.037116295,0.970392279,0.999999943,FALSE,genus
g__Citrobacter,0,0,0,0,1,NA,NA,genus
g__Cloacibacillus,2.55634952,-2.405969887,3.28425928,-0.73257611,0.463817006,0.999999943,FALSE,genus
g__Clostridiales_Family_XIII_Incertae_Sedis_unclassified,0.008017033,-0.083283755,3.454570349,-0.024108282,0.980766237,0.999999943,FALSE,genus
g__Clostridiales_unclassified,0.242532586,2.438496668,3.297848056,0.739420564,0.459651659,0.999999943,FALSE,genus
g__Clostridioides,0,NA,NA,NA,NA,NA,NA,genus
g__Clostridium,15.04281568,-1.056378049,0.53597844,-1.970933846,0.048731443,0.579162795,FALSE,genus
g__Collinsella,26.21377248,-1.560560485,0.691817739,-2.255739335,0.024086961,0.40044572,FALSE,genus
g__Coprobacillus,0.044710374,-0.267240815,3.454470778,-0.077360856,0.93833648,0.999999943,FALSE,genus
g__Coprobacter,1.65084411,0.806726796,1.31742427,0.612351552,0.540305189,0.999999943,FALSE,genus
g__Coprococcus,10.79778766,-0.553882727,0.735469788,-0.753100584,0.451389473,0.999999943,FALSE,genus
g__Cyprinivirus,0.008017033,-0.083283755,3.454570349,-0.024108282,0.980766237,0.999999943,FALSE,genus
g__Desulfovibrio,3.698871844,2.311478659,2.212266213,1.044846522,0.296093909,0.999999943,FALSE,genus
g__Desulfovibrionaceae_unclassified,0.173855385,1.905209969,2.256427579,0.844347936,0.398475007,0.999999943,FALSE,genus
g__Dialister,3.11960513,-1.758636389,1.563071148,-1.12511602,0.260539874,0.999999943,FALSE,genus
g__Dielma,0.873613616,0.414005,3.293192861,0.125715382,0.899957225,0.999999943,FALSE,genus
g__Dorea,12.26517192,-1.696027343,0.526199746,-3.223162602,0.001267836,0.033964865,TRUE,genus
g__Eggerthella,1.133613874,-0.701671363,0.733359888,-0.956789939,0.338673291,0.999999943,FALSE,genus
g__Eisenbergiella,1.245800637,-0.983573743,1.764547981,-0.55740833,0.577248475,0.999999943,FALSE,genus
g__Enorma,0.012236523,0.11037318,3.454333113,0.031952095,0.974510254,0.999999943,FALSE,genus
g__Enterobacter,1.591976822,-3.528980824,2.700072652,-1.306994766,0.191214489,0.974982056,FALSE,genus
g__Enterococcus,0.504731071,-0.809018665,1.962762359,-0.412183707,0.680204778,0.999999943,FALSE,genus
g__Enterorhabdus,0,NA,NA,NA,NA,NA,NA,genus
g__Epsilon15virus,0.026570737,-0.22029789,3.454499725,-0.063771286,0.949152342,0.999999943,FALSE,genus
g__Erysipelatoclostridium,0.335409752,0.201185656,1.058859979,0.190002134,0.849307458,0.999999943,FALSE,genus
g__Escherichia,5.756945404,-2.56377838,1.302574174,-1.968239837,0.049040449,0.579162795,FALSE,genus
g__Eubacterium,35.19313621,0.381001908,0.51817383,0.735278174,0.462170098,0.999999943,FALSE,genus
g__Faecalibacterium,105.29299,0.99936127,0.741590353,1.347592058,0.177789626,0.974982056,FALSE,genus
g__Faecalicatena,0.020758388,0.512589403,3.453393625,0.148430633,0.882002926,0.999999943,FALSE,genus
g__Faecalicoccus,0,NA,NA,NA,NA,NA,NA,genus
g__Faecalitalea,3.567067829,-1.349703274,3.453061691,-0.390871463,0.695892249,0.999999943,FALSE,genus
g__Felixo1virus,0.08323241,-0.673712775,3.454099417,-0.195047303,0.845355916,0.999999943,FALSE,genus
g__Firmicutes_unclassified,19.68580622,0.166013664,0.711476961,0.233336668,0.815499987,0.999999943,FALSE,genus
g__Flavonifractor,7.075171616,-0.860892988,0.608710979,-1.414288584,0.157277188,0.950812089,FALSE,genus
g__Fusicatenibacter,15.3451615,-0.553396211,0.566869237,-0.976232567,0.328949228,0.999999943,FALSE,genus
g__Fusobacterium,0.057807586,0.98305265,3.451118468,0.28485045,0.775758719,0.999999943,FALSE,genus
g__Gammaretrovirus,0.035768299,-0.128220103,3.454550165,-0.037116295,0.97039228,0.999999943,FALSE,genus
g__Gemmiger,0.955953664,-0.551852311,1.049517995,-0.525815006,0.599016747,0.999999943,FALSE,genus
g__Gordonibacter,0.375990005,-0.404637008,1.651658873,-0.244988245,0.806465533,0.999999943,FALSE,genus
g__Haemophilus,0.049935205,-0.110537443,3.190119218,-0.034649941,0.972358878,0.999999943,FALSE,genus
g__Hafnia,0.010567907,-0.083283755,3.454570349,-0.024108282,0.980766237,0.999999943,FALSE,genus
g__Harryflintia,0.018323166,-0.173919862,3.45452643,-0.050345501,0.959847066,0.999999943,FALSE,genus
g__Hk97virus,0.082714192,0.287466714,3.45360591,0.083236687,0.933663342,0.999999943,FALSE,genus
g__Holdemanella,0.055497939,0.378102745,3.453649843,0.109479178,0.912822436,0.999999943,FALSE,genus
g__Holdemania,0.356508547,0.541634861,1.458508611,0.371362127,0.71036783,0.999999943,FALSE,genus
g__Hungatella,0.533258096,1.151913749,1.721443813,0.669155589,0.503396233,0.999999943,FALSE,genus
g__Intestinibacter,1.890737155,-2.088209898,1.28601316,-1.623785792,0.104421533,0.724840984,FALSE,genus
g__Intestinimonas,4.059709398,-1.094685258,1.293480402,-0.846309891,0.397379891,0.999999943,FALSE,genus
g__Jerseyvirus,1.002155278,-2.932754307,3.449979619,-0.850078734,0.395281314,0.999999943,FALSE,genus
g__Klebsiella,2.967603296,0.144072775,1.829413406,0.078753536,0.937228662,0.999999943,FALSE,genus
g__Kosakonia,0.006642684,-0.083283755,3.454570349,-0.024108282,0.980766237,0.999999943,FALSE,genus
g__Kp36virus,0.019374496,-0.173919861,3.45452643,-0.0503455,0.959847066,0.999999943,FALSE,genus
g__Lachnoclostridium,5.771254474,-1.375754743,0.797387681,-1.72532731,0.084468503,0.667677375,FALSE,genus
g__Lachnospira,4.051825401,-1.315313659,1.226390511,-1.072508021,0.283491913,0.999999943,FALSE,genus
g__Lachnospiraceae_unclassified,27.71051673,-0.334657761,0.763329849,-0.438418282,0.661083096,0.999999943,FALSE,genus
g__Lactobacillus,4.735334854,-3.155922567,1.697081824,-1.85961721,0.062939703,0.597927175,FALSE,genus
g__Lactococcus,0.018665364,-0.154691829,3.454536328,-0.044779332,0.964283199,0.999999943,FALSE,genus
g__Lactonifactor,0,NA,NA,NA,NA,NA,NA,genus
g__Lawsonibacter,2.718891251,-0.243850665,0.770134646,-0.316633807,0.75152148,0.999999943,FALSE,genus
g__Leuconostoc,0.120121872,0.002871964,3.454329646,0.00083141,0.999336631,0.999999943,FALSE,genus
g__Lymphocryptovirus,0,NA,NA,NA,NA,NA,NA,genus
g__Macavirus,0,NA,NA,NA,NA,NA,NA,genus
g__Massiliomicrobiota,0,NA,NA,NA,NA,NA,NA,genus
g__Megamonas,0.035768299,-0.128220103,3.454550165,-0.037116295,0.97039228,0.999999943,FALSE,genus
g__Megasphaera,1.288926026,-3.036133982,1.754886014,-1.730103242,0.083611831,0.667677375,FALSE,genus
g__Methanobrevibacter,4.124259201,0.94949597,1.292451432,0.734647312,0.462554316,0.999999943,FALSE,genus
g__Methanomassiliicoccus,0.097627328,1.514244782,3.448912549,0.439049921,0.660625365,0.999999943,FALSE,genus
g__Methanosphaera,0.032206954,0.422422367,3.453667149,0.122311256,0.902652518,0.999999943,FALSE,genus
g__Monoglobus,3.09617376,-1.213354373,0.942429274,-1.287475258,0.197928688,0.974982056,FALSE,genus
g__Muvirus,0.024473047,-0.128220103,3.454550165,-0.037116295,0.97039228,0.999999943,FALSE,genus
g__Myoviridae_unclassified,0.423790045,-0.035150054,1.43249655,-0.024537619,0.980423777,0.999999943,FALSE,genus
g__N15virus,0.008773356,-0.127815791,3.454550378,-0.036999255,0.9704856,0.999999943,FALSE,genus
g__Nona33virus,0,NA,NA,NA,NA,NA,NA,genus
g__Odoribacter,17.12118976,-0.121066913,0.730533253,-0.165724027,0.868374136,0.999999943,FALSE,genus
g__Olsenella,0.348740919,-0.173919863,3.45452643,-0.050345501,0.959847065,0.999999943,FALSE,genus
g__Oscillibacter,17.29299753,1.063736438,1.045158543,1.017775193,0.308784803,0.999999943,FALSE,genus
g__Oxalobacter,0.037780266,0.066053265,3.454315812,0.019121953,0.984743818,0.999999943,FALSE,genus
g__P1virus,0.180182808,-0.070909137,3.277694596,-0.021633845,0.982740035,0.999999943,FALSE,genus
g__P22virus,0.025832661,-0.083283756,3.454570349,-0.024108282,0.980766237,0.999999943,FALSE,genus
g__P2virus,0.09211383,1.17219362,3.450257274,0.339740932,0.734051634,0.999999943,FALSE,genus
g__Paeniclostridium,0.092997578,-0.173919864,3.45452643,-0.050345501,0.959847065,0.999999943,FALSE,genus
g__Parabacteroides,80.8938276,-1.650793042,0.512489244,-3.221127197,0.001276875,0.033964865,TRUE,genus
g__Paraprevotella,1.542418349,-0.031280465,1.225430743,-0.025526098,0.979635332,0.999999943,FALSE,genus
g__Parasutterella,7.294586535,-0.79203677,1.147869353,-0.690006026,0.490190398,0.999999943,FALSE,genus
g__Pediococcus,0.022678673,-0.220297891,3.454499725,-0.063771286,0.949152342,0.999999943,FALSE,genus
g__Peptostreptococcaceae_unclassified,0,NA,NA,NA,NA,NA,NA,genus
g__Phascolarctobacterium,7.962835384,-0.546397378,0.725768859,-0.752853158,0.451538159,0.999999943,FALSE,genus
g__Podoviridae_unclassified,0.034543674,-0.267240604,3.454470778,-0.077360794,0.938336529,0.999999943,FALSE,genus
g__Prevotella,37.15385201,-0.648522641,1.515330712,-0.427974326,0.668669812,0.999999943,FALSE,genus
g__Propionibacterium,0.149116807,-0.56867814,3.454214944,-0.164633107,0.869232771,0.999999943,FALSE,genus
g__Proteobacteria_unclassified,4.514833647,-0.793137611,1.243437154,-0.637859025,0.523565453,0.999999943,FALSE,genus
g__Pseudoflavonifractor,0.166343696,-0.629226156,2.268024493,-0.277433581,0.7814472,0.999999943,FALSE,genus
g__Pseudomonas,0,NA,NA,NA,NA,NA,NA,genus
g__Pyramidobacter,0,NA,NA,NA,NA,NA,NA,genus
g__Rb49virus,0.136913102,-0.568678139,3.454214944,-0.164633107,0.869232771,0.999999943,FALSE,genus
g__Retroviridae_unclassified,0.14673099,-0.12806134,1.907873402,-0.067122556,0.946484137,0.999999943,FALSE,genus
g__Romboutsia,0,NA,NA,NA,NA,NA,NA,genus
g__Roseburia,39.26641715,-1.584322419,0.549096484,-2.885326105,0.003910084,0.08667353,FALSE,genus
g__Rothia,0,NA,NA,NA,NA,NA,NA,genus
g__Ruminococcaceae_unclassified,29.17820771,-1.556348738,0.812046225,-1.916576532,0.055291752,0.579162795,FALSE,genus
g__Ruminococcus,53.61295528,1.126607437,0.866439452,1.300272552,0.193507572,0.974982056,FALSE,genus
g__Ruthenibacterium,12.83891171,-1.175792688,0.694301771,-1.693489397,0.090362351,0.667677375,FALSE,genus
g__Sanguibacteroides,0.032710187,0.422422367,3.453667149,0.122311256,0.902652518,0.999999943,FALSE,genus
g__Sellimonas,0.746367011,0.377679329,1.359677178,0.277771323,0.781187906,0.999999943,FALSE,genus
g__Senegalimassilia,0,NA,NA,NA,NA,NA,NA,genus
g__Sfi11virus,0.077497982,-0.083283757,3.454570349,-0.024108282,0.980766237,0.999999943,FALSE,genus
g__Sfi21dt1virus,0.580471178,-0.097050897,1.569504706,-0.061835365,0.95069394,0.999999943,FALSE,genus
g__Siphoviridae_unclassified,3.651964645,-0.850940822,0.644163191,-1.321001935,0.186500719,0.974982056,FALSE,genus
g__Sk1virus,0.079728985,0.172641367,3.454028658,0.04998261,0.960136246,0.999999943,FALSE,genus
g__Slackia,0.44801466,2.728733177,1.600280729,1.705159055,0.088164764,0.667677375,FALSE,genus
g__Streptococcus,15.12153046,-2.986261385,0.734673895,-4.064744104,4.81E-05,0.004543222,TRUE,genus
g__Subdoligranulum,1.323832513,-1.964757528,1.820528511,-1.079223707,0.280488014,0.999999943,FALSE,genus
g__Sutterella,0.732696175,-2.529240195,2.773609713,-0.911894771,0.361824114,0.999999943,FALSE,genus
g__T5virus,0,NA,NA,NA,NA,NA,NA,genus
g__Terrisporobacter,0,NA,NA,NA,NA,NA,NA,genus
g__Turicibacter,0.049930128,0.154932984,3.179610213,0.048727037,0.961136829,0.999999943,FALSE,genus
g__Turicimonas,0.284823097,-1.25307159,1.60334053,-0.781538024,0.434486122,0.999999943,FALSE,genus
g__Tyzzerella,0.469938676,-1.700213562,2.027000472,-0.838783012,0.401591085,0.999999943,FALSE,genus
g__Veillonella,0.500153646,-0.260446064,1.673231422,-0.155654538,0.876305334,0.999999943,FALSE,genus
g__Victivallales_unclassified,0,NA,NA,NA,NA,NA,NA,genus
g__Victivallis,0.023249395,-0.083283756,3.454570349,-0.024108282,0.980766237,0.999999943,FALSE,genus
g__Weissella,0.072654358,-0.267240815,3.454470778,-0.077360856,0.93833648,0.999999943,FALSE,genus
s__Abelson_murine_leukemia_virus,1.044084491,-0.040030116,0.350123811,-0.114331317,0.908975158,NA,NA,species
s__Absiella_dolichum,1.022631025,-0.001036257,0.35113652,-0.002951151,0.997645326,NA,NA,species
s__Acidaminococcus_intestini,5.005539158,-2.18146197,0.532217797,-4.098814401,4.15E-05,0.001133099,TRUE,species
s__Actinomyces_graevenitzii,1.022631025,-0.001036257,0.35113652,-0.002951151,0.997645326,NA,NA,species
s__Actinomyces_naeslundii,1.022631025,-0.001036257,0.35113652,-0.002951151,0.997645326,NA,NA,species
s__Actinomyces_odontolyticus,1.022631025,-0.001036257,0.35113652,-0.002951151,0.997645326,NA,NA,species
s__Actinomyces_oris,1.022631025,-0.001036257,0.35113652,-0.002951151,0.997645326,NA,NA,species
s__Actinomyces_sp_HMSC035G02,1.03346908,-0.020665275,0.350621517,-0.058938982,0.953000709,NA,NA,species
s__Actinomyces_sp_ICM47,1.033357758,-0.020664943,0.350621155,-0.058938095,0.953001415,NA,NA,species
s__Actinomyces_sp_oral_taxon_181,1.022631025,-0.001036257,0.35113652,-0.002951151,0.997645326,NA,NA,species
s__Actinomyces_viscosus,1.022631025,-0.001036257,0.35113652,-0.002951151,0.997645326,NA,NA,species
s__Adlercreutzia_equolifaciens,1.281014551,0.16050493,0.308312811,0.520591179,0.602651596,0.701868627,FALSE,species
s__Adoxophyes_orana_granulovirus,1.03339029,-0.020665041,0.35062126,-0.058938356,0.953001207,NA,NA,species
s__Aeromonas_caviae,1.022631025,-0.001036257,0.35113652,-0.002951151,0.997645326,NA,NA,species
s__Aeromonas_dhakensis,1.03339029,-0.020665041,0.35062126,-0.058938356,0.953001207,NA,NA,species
s__Agathobaculum_butyriciproducens,2.259433873,-0.44890341,0.320239817,-1.401772628,0.160983155,0.338898807,FALSE,species
s__Akkermansia_muciniphila,16.35884903,1.113164968,0.563650751,1.974919692,0.048277262,0.151163231,FALSE,species
s__Alcelaphine_gammaherpesvirus_1,1.022631025,-0.001036257,0.35113652,-0.002951151,0.997645326,NA,NA,species
s__Alistipes_finegoldii,18.8356301,-0.454070399,0.492961966,-0.921106353,0.356994904,0.493734684,FALSE,species
s__Alistipes_indistinctus,1.226698019,0.041310934,0.32014785,0.12903705,0.897328332,NA,NA,species
s__Alistipes_inops,1.334226101,0.439616465,0.31324311,1.403435387,0.160487047,0.338898807,FALSE,species
s__Alistipes_obesi,1.3865475,-0.474821695,0.34116046,-1.391784074,0.163987794,0.339528773,FALSE,species
s__Alistipes_onderdonkii,1.345978966,-0.497856309,0.390996718,-1.27330048,0.202911436,0.375621922,FALSE,species
s__Alistipes_putredinis,43.20577423,0.62361307,0.504065624,1.237166433,0.2160253,0.375621922,FALSE,species
s__Alistipes_shahii,4.183934292,0.898839554,0.388314431,2.314720965,0.020628208,0.09162762,FALSE,species
s__Alistipes_timonensis,1.022631025,-0.001036257,0.35113652,-0.002951151,0.997645326,NA,NA,species
s__Allisonella_histaminiformans,1.022631025,-0.001036257,0.35113652,-0.002951151,0.997645326,NA,NA,species
s__Alloscardovia_omnicolens,1.022631025,-0.001036257,0.35113652,-0.002951151,0.997645326,NA,NA,species
s__Anaerofustis_stercorihominis,1.022631025,-0.001036257,0.35113652,-0.002951151,0.997645326,NA,NA,species
s__Anaeromassilibacillus_sp_An172,1.054863483,-0.059138952,0.349644707,-0.169140133,0.865686418,NA,NA,species
s__Anaeromassilibacillus_sp_An250,1.151900344,0.015657551,0.330691128,0.047347961,0.962235904,NA,NA,species
s__Anaerostipes_caccae,1.15214313,0.162316073,0.322252392,0.503692377,0.614477566,NA,NA,species
s__Anaerostipes_hadrus,6.74336893,0.046997449,0.395732619,0.118760614,0.905465013,0.924833249,FALSE,species
s__Anaerotignum_lactatifermentans,1.506840957,-0.145078292,0.362678516,-0.400018986,0.689142533,0.749757056,FALSE,species
s__Anaerotruncus_colihominis,1.94893255,0.680650133,0.315898146,2.154650608,0.031189186,0.121574172,FALSE,species
s__Anaerotruncus_sp_CAG_528,1.23814147,-0.350376299,0.345108289,-1.015264805,0.309979617,NA,NA,species
s__Asaccharobacter_celatus,1.603620511,-0.199158116,0.314657673,-0.632935832,0.526775548,0.649123417,FALSE,species
s__Azospirillum_sp_47_25,1.033375178,0.063093931,0.345263902,0.182741174,0.855001107,NA,NA,species
s__Azospirillum_sp_CAG_260,1.086906627,0.125285973,0.333179875,0.376031035,0.706893824,NA,NA,species
s__Bacteroides_caccae,15.77864203,0.429841737,0.49046281,0.876400267,0.380812473,0.515852358,FALSE,species
s__Bacteroides_cellulosilyticus,5.997587489,-0.611011958,0.507758564,-1.203351359,0.228840382,0.375621922,FALSE,species
s__Bacteroides_clarus,1.302374861,0.314246316,0.299480208,1.049305787,0.294037403,0.428711023,FALSE,species
s__Bacteroides_coprocola,4.694085068,-2.50440445,0.54872189,-4.564068784,5.02E-06,0.00023957,TRUE,species
s__Bacteroides_coprophilus,2.303658454,1.069987003,0.393783086,2.717198991,0.006583701,0.038749134,TRUE,species
s__Bacteroides_dorei,26.28156155,-2.400542693,0.613284044,-3.914242863,9.07E-05,0.002165184,TRUE,species
s__Bacteroides_eggerthii,23.94974809,-0.068969368,0.580727363,-0.118763765,0.905462517,0.924833249,FALSE,species
s__Bacteroides_faecis,2.874302641,-0.570600229,0.452300613,-1.261550863,0.207110447,0.375621922,FALSE,species
s__Bacteroides_faecis_CAG_32,1.54949365,-0.592078342,0.391361061,-1.512869832,0.130312726,0.303533302,FALSE,species
s__Bacteroides_finegoldii,8.140564728,-0.249519874,0.484750965,-0.514738273,0.606735925,0.702342798,FALSE,species
s__Bacteroides_fluxus,1.696692479,-0.896534033,0.424324343,-2.112850816,0.034613539,0.124739356,FALSE,species
s__Bacteroides_fragilis,4.302731939,0.183292302,0.467167575,0.392348082,0.694801041,0.749757056,FALSE,species
s__Bacteroides_intestinalis,4.955278998,0.677546948,0.473222201,1.431773373,0.15220869,0.338044881,FALSE,species
s__Bacteroides_massiliensis,2.578947027,-1.373145954,0.445331697,-3.083422902,0.002046341,0.021148069,TRUE,species
s__Bacteroides_nordii,1.022631025,-0.001036257,0.35113652,-0.002951151,0.997645326,NA,NA,species
s__Bacteroides_ovatus,17.6845508,-0.475380229,0.505029692,-0.941291643,0.346555424,0.4883618,FALSE,species
s__Bacteroides_pectinophilus,1.15138435,0.626982137,0.300793478,2.084427299,0.037121317,NA,NA,species
s__Bacteroides_phage_B124_14,1.022631025,-0.001036257,0.35113652,-0.002951151,0.997645326,NA,NA,species
s__Bacteroides_phage_B40_8,1.022631025,-0.001036257,0.35113652,-0.002951151,0.997645326,NA,NA,species
s__Bacteroides_plebeius,24.2708986,-0.764779964,0.627200916,-1.21935403,0.22270985,0.375621922,FALSE,species
s__Bacteroides_salyersiae,2.430309832,1.500989415,0.34488168,4.352186563,1.35E-05,0.000514884,TRUE,species
s__Bacteroides_sartorii,1.227057061,0.897096582,0.317232961,2.827879484,0.004685744,NA,NA,species
s__Bacteroides_sp_CAG_144,1.054811223,-0.059138751,0.349644495,-0.169139661,0.86568679,NA,NA,species
s__Bacteroides_sp_CAG_443,1.022631025,-0.001036257,0.35113652,-0.002951151,0.997645326,NA,NA,species
s__Bacteroides_sp_CAG_770,1.022631025,-0.001036257,0.35113652,-0.002951151,0.997645326,NA,NA,species
s__Bacteroides_stercorirosoris,1.086991422,-0.11499113,0.348316697,-0.330133842,0.741298833,NA,NA,species
s__Bacteroides_stercoris,25.88529234,-0.898906899,0.593982265,-1.513356462,0.130189138,0.303533302,FALSE,species
s__Bacteroides_thetaiotaomicron,17.95929442,-1.962067306,0.464616173,-4.222985378,2.41E-05,0.000767462,TRUE,species
s__Bacteroides_uniformis,99.5674338,-0.100989504,0.370734102,-0.272404141,0.785311289,0.833302535,FALSE,species
s__Bacteroides_vulgatus,93.16072742,-0.281508703,0.402058245,-0.700168959,0.483821795,0.620201092,FALSE,species
s__Bacteroides_xylanisolvens,5.293816589,-0.224882194,0.452669493,-0.496791141,0.619336343,0.708342764,FALSE,species
s__Barnesiella_intestinihominis,9.678277039,-1.861430127,0.510945459,-3.643109247,0.000269364,0.004287384,TRUE,species
s__Bifidobacterium_adolescentis,4.39171645,-0.983403698,0.46475335,-2.115969038,0.034347441,0.124739356,FALSE,species
s__Bifidobacterium_angulatum,1.011825741,0.018863389,0.351669797,0.053639491,0.957222392,NA,NA,species
s__Bifidobacterium_animalis,1.345376443,-0.419470697,0.392602151,-1.068437083,0.285323397,0.419205914,FALSE,species
s__Bifidobacterium_bifidum,1.776397965,-0.216923695,0.35851637,-0.605059387,0.545139538,0.663195234,FALSE,species
s__Bifidobacterium_catenulatum,1.098135772,-0.133140651,0.347906446,-0.382690957,0.70194892,NA,NA,species
s__Bifidobacterium_dentium,1.334070714,-0.483589671,0.345381281,-1.400161785,0.161464877,0.338898807,FALSE,species
s__Bifidobacterium_kashiwanohense,1.022631025,-0.001036257,0.35113652,-0.002951151,0.997645326,NA,NA,species
s__Bifidobacterium_longum,4.451999668,-1.038457896,0.452019993,-2.2973716,0.02159758,0.093753133,FALSE,species
s__Bifidobacterium_pseudocatenulatum,2.075765511,0.751131262,0.372117103,2.018534638,0.043535611,0.143367269,FALSE,species
s__Bifidobacterium_pullorum,1.033426417,-0.020665149,0.350621378,-0.058938644,0.953000978,NA,NA,species
s__Bilophila_wadsworthia,1.549764782,-0.02069322,0.299882436,-0.06900444,0.944986085,0.956989907,FALSE,species
s__Blautia_coccoides,1.152654912,0.015662811,0.330730545,0.047358225,0.962227724,NA,NA,species
s__Blautia_hansenii,1.324858982,-0.170088945,0.32383078,-0.525240206,0.599416219,0.701868627,FALSE,species
s__Blautia_hydrogenotrophica,1.843565093,-0.751327364,0.39082166,-1.922430204,0.054551648,0.160641903,FALSE,species
s__Blautia_obeum,9.001751148,-0.780111635,0.405990976,-1.921499937,0.05466871,0.160641903,FALSE,species
s__Blautia_producta,1.238855895,0.53674891,0.29533499,1.817424035,0.06915221,NA,NA,species
s__Blautia_sp,1.065492271,0.163758494,0.334172594,0.490041664,0.624104416,NA,NA,species
s__Blautia_sp_CAG_257,6.70092257,0.608327305,0.484663816,1.255153131,0.209423176,0.375621922,FALSE,species
s__Blautia_sp_CAG_52,2.38652436,-0.892897561,0.419393181,-2.129022602,0.03325239,0.124533462,FALSE,species
s__Blautia_sp_N6H1_15,1.325158268,-0.469850157,0.391502875,-1.200119304,0.23009301,0.375621922,FALSE,species
s__Blautia_wexlerae,7.574708265,-0.15724065,0.450452345,-0.349072775,0.727034675,0.77577443,FALSE,species
s__Butyribacterium_methylotrophicum,1.022631025,-0.001036257,0.35113652,-0.002951151,0.997645326,NA,NA,species
s__Butyricimonas_sp,1.033357758,-0.020664943,0.350621155,-0.058938095,0.953001415,NA,NA,species
s__Butyricimonas_synergistica,1.205298182,0.003532708,0.324731527,0.010878858,0.991320099,NA,NA,species
s__Butyricimonas_virosa,2.216857788,0.643427796,0.321063114,2.004053929,0.045064284,0.145886071,FALSE,species
s__Butyrivibrio_crossotus,1.022631025,-0.001036257,0.35113652,-0.002951151,0.997645326,NA,NA,species
s__Butyrivibrio_sp_CAG_318,1.130259818,0.539533346,0.306819948,1.758468928,0.078667754,NA,NA,species
s__Callitrichine_gammaherpesvirus_3,1.022631025,-0.001036257,0.35113652,-0.002951151,0.997645326,NA,NA,species
s__Campylobacter_concisus,1.022631025,-0.001036257,0.35113652,-0.002951151,0.997645326,NA,NA,species
s__Campylobacter_gracilis,1.033436309,-0.020665178,0.35062141,-0.058938723,0.953000915,NA,NA,species
s__Candidatus_Gastranaerophilales_bacterium,1.04411933,0.12449429,0.339798507,0.3663768,0.714083929,NA,NA,species
s__Candidatus_Gastranaerophilales_bacterium_HUM_10,1.086906627,0.125285973,0.333179875,0.376031035,0.706893824,NA,NA,species
s__Candidatus_Gastranaerophilales_bacterium_HUM_11,1.086969731,0.20097759,0.328895694,0.611067865,0.541154653,NA,NA,species
s__Candidatus_Gastranaerophilales_bacterium_HUM_21,1.033312073,-0.020664805,0.350621006,-0.058937726,0.953001709,NA,NA,species
s__Candidatus_Gastranaerophilales_bacterium_HUM_4,1.065607635,0.239970996,0.329932332,0.727333981,0.467021386,NA,NA,species
s__Candidatus_Methanomassiliicoccus_intestinalis,1.11946441,0.493728587,0.31012403,1.592035891,0.11137664,NA,NA,species
s__Candidatus_Stoquefichus_sp_KLE1796,1.400622783,-0.135365996,0.364373781,-0.371503118,0.710262834,0.762135962,FALSE,species
s__Catenibacterium_mitsuokai,1.31324174,0.048197554,0.315546661,0.152743033,0.878600924,0.912086159,FALSE,species
s__Christensenella_minuta,1.044185682,-0.04003046,0.350124025,-0.114332227,0.908974436,NA,NA,species
s__Citrobacter_braakii,1.11917162,0.493720884,0.310139855,1.59192982,0.111400474,NA,NA,species
s__Citrobacter_freundii,1.022631025,-0.001036257,0.35113652,-0.002951151,0.997645326,NA,NA,species
s__Citrobacter_portucalensis,1.065537956,0.239969993,0.329932071,0.727331514,0.467022897,NA,NA,species
s__Citrobacter_youngae,1.086991422,0.346883529,0.321273932,1.079712653,0.280270158,NA,NA,species
s__Cloacibacillus_evryensis,1.281600663,-0.181404465,0.329731918,-0.550157432,0.582211398,0.690697993,FALSE,species
s__Cloacibacillus_porcorum,1.442242361,-0.618435262,0.411045416,-1.504542412,0.132441762,0.30477562,FALSE,species
s__Clostridiales_bacterium_1_7_47FAA,1.03346908,-0.020665275,0.350621517,-0.058938982,0.953000709,NA,NA,species
s__Clostridiales_bacterium_KLE1615,1.022631025,-0.001036257,0.35113652,-0.002951151,0.997645326,NA,NA,species
s__Clostridiales_Family_XIII_bacterium,1.033312073,-0.020664805,0.350621006,-0.058937726,0.953001709,NA,NA,species
s__Clostridioides_difficile,1.022631025,-0.001036257,0.35113652,-0.002951151,0.997645326,NA,NA,species
s__Clostridium_aldenense,1.044274364,0.043466026,0.344744334,0.126081916,0.899667082,NA,NA,species
s__Clostridium_asparagiforme,1.604367503,-0.800056043,0.402080177,-1.989792307,0.046613819,0.148387325,FALSE,species
s__Clostridium_bolteae,1.7123067,-0.149205722,0.312242506,-0.47785205,0.632755512,0.713211857,FALSE,species
s__Clostridium_bolteae_CAG_59,1.184262494,-0.270645328,0.345336168,-0.783715559,0.433207031,NA,NA,species
s__Clostridium_citroniae,1.097978617,-0.133139685,0.34790349,-0.382691431,0.701948569,NA,NA,species
s__Clostridium_clostridioforme,2.704554525,0.057868051,0.402307495,0.14384035,0.885626539,0.914349562,FALSE,species
s__Clostridium_disporicum,1.678191123,-0.401237356,0.349258691,-1.14882569,0.250627864,0.39237641,FALSE,species
s__Clostridium_hiranonis,1.022631025,-0.001036257,0.35113652,-0.002951151,0.997645326,NA,NA,species
s__Clostridium_hylemonae,1.03339029,-0.020665041,0.35062126,-0.058938356,0.953001207,NA,NA,species
s__Clostridium_innocuum,1.217419144,0.326040622,0.306429526,1.063998716,0.287329281,NA,NA,species
s__Clostridium_lavalense,1.36790548,0.555457449,0.28556772,1.945098869,0.05176308,0.156932512,FALSE,species
s__Clostridium_leptum,1.689627024,-0.412614085,0.334624946,-1.233064331,0.217551764,0.375621922,FALSE,species
s__Clostridium_methylpentosum,1.022631025,-0.001036257,0.35113652,-0.002951151,0.997645326,NA,NA,species
s__Clostridium_paraputrificum,1.033357758,0.063093757,0.345263859,0.182740694,0.855001484,NA,NA,species
s__Clostridium_perfringens,1.324121701,-0.241511379,0.331366568,-0.728834475,0.466102921,0.601524715,FALSE,species
s__Clostridium_phage_phi24R,1.054776941,-0.059138621,0.349645138,-0.169138979,0.865687326,NA,NA,species
s__Clostridium_phage_phiCP39_O,1.022631025,-0.001036257,0.35113652,-0.002951151,0.997645326,NA,NA,species
s__Clostridium_phage_phiMMP02,1.044307135,-0.040030869,0.350124621,-0.114333202,0.908973664,NA,NA,species
s__Clostridium_phage_PhiS63,1.044174857,0.043465585,0.344744015,0.126080753,0.899668003,NA,NA,species
s__Clostridium_phage_vB_CpeS_CP51,1.087171503,-0.114992126,0.348315728,-0.330137621,0.741295978,NA,NA,species
s__Clostridium_saccharolyticum,1.141012595,-0.203528665,0.346457484,-0.587456398,0.556897226,NA,NA,species
s__Clostridium_scindens,1.087350083,0.125284612,0.333180762,0.376025949,0.706897605,NA,NA,species
s__Clostridium_sp_44_14,1.022631025,-0.001036257,0.35113652,-0.002951151,0.997645326,NA,NA,species
s__Clostridium_sp_AF36_4,1.022631025,-0.001036257,0.35113652,-0.002951151,0.997645326,NA,NA,species
s__Clostridium_sp_AM22_11AC,1.334062043,-0.048234742,0.315942235,-0.152669496,0.878658917,0.912086159,FALSE,species
s__Clostridium_sp_CAG_122,1.257906395,-0.224683756,0.343388114,-0.654314307,0.512909331,0.647261121,FALSE,species
s__Clostridium_sp_CAG_12237_41,1.097448597,-0.133136418,0.347903639,-0.382681878,0.701955653,NA,NA,species
s__Clostridium_sp_CAG_138,1.236663148,-0.350174022,0.358261386,-0.977426079,0.328358257,NA,NA,species
s__Clostridium_sp_CAG_167,1.473685691,0.451440499,0.290451541,1.554271314,0.120119713,0.286785815,FALSE,species
s__Clostridium_sp_CAG_169,1.763608235,-0.814244931,0.402916238,-2.020878916,0.043292301,0.143367269,FALSE,species
s__Clostridium_sp_CAG_217,1.910567153,-1.093837844,0.429206471,-2.548512004,0.010818356,0.059037316,FALSE,species
s__Clostridium_sp_CAG_221,1.065405453,-0.077996974,0.349181497,-0.223370867,0.823246876,NA,NA,species
s__Clostridium_sp_CAG_230,1.033357758,0.063093757,0.345263859,0.182740694,0.855001484,NA,NA,species
s__Clostridium_sp_CAG_242,1.441537489,-0.618356131,0.361760314,-1.70929786,0.087395789,0.231841608,FALSE,species
s__Clostridium_sp_CAG_245,1.076161855,-0.096612442,0.348738809,-0.277033813,0.781754143,NA,NA,species
s__Clostridium_sp_CAG_253,1.527609683,0.170928961,0.355782494,0.480431059,0.630920913,0.713211857,FALSE,species
s__Clostridium_sp_CAG_265,1.065355217,-0.077996751,0.349182501,-0.223369588,0.823247872,NA,NA,species
s__Clostridium_sp_CAG_273,1.097448597,-0.133136418,0.347903639,-0.382681878,0.701955653,NA,NA,species
s__Clostridium_sp_CAG_277,1.033357758,-0.020664943,0.350621155,-0.058938095,0.953001415,NA,NA,species
s__Clostridium_sp_CAG_299,2.154403538,0.02596338,0.390347971,0.066513424,0.946969071,0.956989907,FALSE,species
s__Clostridium_sp_CAG_306,1.033312073,-0.020664805,0.350621006,-0.058937726,0.953001709,NA,NA,species
s__Clostridium_sp_CAG_389,1.108079409,-0.151056962,0.347516375,-0.434675812,0.663797758,NA,NA,species
s__Clostridium_sp_CAG_440,1.300338274,-0.439829893,0.380988994,-1.154442516,0.248318793,0.391974293,FALSE,species
s__Clostridium_sp_CAG_451,1.043993121,-0.040029804,0.350123326,-0.114330584,0.908975739,NA,NA,species
s__Clostridium_sp_CAG_505,1.04410191,0.124494093,0.339798458,0.366376275,0.714084321,NA,NA,species
s__Clostridium_sp_CAG_58,3.744898818,-0.563119546,0.326831565,-1.722965606,0.084894745,0.228378821,FALSE,species
s__Clostridium_sp_CAG_75,2.059845922,-0.817660255,0.433406541,-1.88658956,0.059215552,0.168808514,FALSE,species
s__Clostridium_sp_chh4_2,1.022631025,-0.001036257,0.35113652,-0.002951151,0.997645326,NA,NA,species
s__Clostridium_spiroforme,1.141072204,0.251310084,0.318848515,0.788180192,0.430591314,NA,NA,species
s__Clostridium_symbiosum,2.04723594,0.205908181,0.335742753,0.613291515,0.539683603,0.660766463,FALSE,species
s__Clostridium_virus_phiC2,1.055158635,0.024100573,0.344243666,0.070010215,0.94418553,NA,NA,species
s__Collinsella_aerofaciens,11.86684632,-0.375361732,0.410428454,-0.914560696,0.3604223,0.493734684,FALSE,species
s__Collinsella_intestinalis,1.259506414,-0.38106793,0.344442189,-1.106333494,0.2685822,0.409512203,FALSE,species
s__Collinsella_massiliensis,1.03339029,0.063094081,0.34526394,0.18274159,0.855000781,NA,NA,species
s__Collinsella_stercoris,1.238236698,-0.350377531,0.344509827,-1.017032036,0.309138189,NA,NA,species
s__Collinsella_tanakaei,1.054811223,0.183387083,0.334699679,0.547915323,0.583750047,NA,NA,species
s__Coprobacillus_cateniformis,1.076607986,-0.096614622,0.348742337,-0.277037261,0.781751495,NA,NA,species
s__Coprobacter_fastidiosus,1.70093231,0.355705848,0.324279845,1.096910131,0.272680679,0.410094565,FALSE,species
s__Coprobacter_secundus,1.033357758,0.063093757,0.345263859,0.182740694,0.855001484,NA,NA,species
s__Coprobacter_sp,1.248268683,0.008514099,0.320419417,0.026571733,0.978801319,0.983952905,FALSE,species
s__Coprococcus_catus,1.947351573,-0.544997513,0.336701062,-1.618639128,0.105524931,0.265200814,FALSE,species
s__Coprococcus_comes,3.526395664,0.144934928,0.327552771,0.4424781,0.658143275,0.72662061,FALSE,species
s__Coprococcus_eutactus,3.400537416,-0.194123279,0.459800182,-0.422190523,0.672885959,0.73862769,FALSE,species
s__Cyprinid_herpesvirus_3,1.033375178,-0.020664995,0.350621211,-0.058938235,0.953001304,NA,NA,species
s__Desulfovibrio_desulfuricans,1.043993121,-0.040029804,0.350123479,-0.114330533,0.908975779,NA,NA,species
s__Desulfovibrio_fairfieldensis,1.044163042,-0.040030382,0.350123943,-0.114332033,0.90897459,NA,NA,species
s__Desulfovibrio_legallii,1.044084491,-0.040030116,0.350123811,-0.114331317,0.908975158,NA,NA,species
s__Desulfovibrio_piger,1.905113234,1.048469378,0.354253566,2.959657932,0.003079808,0.02594265,TRUE,species
s__Desulfovibrio_sp_MES5,1.022631025,-0.001036257,0.35113652,-0.002951151,0.997645326,NA,NA,species
s__Desulfovibrionaceae_bacterium,1.162465409,0.607366839,0.300242342,2.022921999,0.04308119,NA,NA,species
s__Dialister_invisus,1.475253317,0.241096293,0.30029153,0.802874103,0.422047506,0.555938439,FALSE,species
s__Dialister_sp_CAG_357,1.302306136,-0.440554037,0.346030367,-1.273165822,0.202959206,0.375621922,FALSE,species
s__Dielma_fastidiosa,1.227162586,-0.029623756,0.324650562,-0.091248128,0.927295433,NA,NA,species
s__Dorea_formicigenerans,2.291668937,-0.253727132,0.300340683,-0.844797746,0.398223773,0.534148716,FALSE,species
s__Dorea_longicatena,5.561450393,-0.945125418,0.378799758,-2.495052854,0.012593837,0.066817302,FALSE,species
s__Dorea_sp_CAG_317,2.401492378,-1.071447714,0.398928601,-2.685813228,0.007235352,0.040645655,TRUE,species
s__Dorea_sp_OM02_2LB,1.022631025,-0.001036257,0.35113652,-0.002951151,0.997645326,NA,NA,species
s__Eggerthella_lenta,2.954412804,-0.862838094,0.423087769,-2.039383214,0.041411796,0.143367269,FALSE,species
s__Eggerthella_sp_CAG_209,1.022631025,-0.001036257,0.35113652,-0.002951151,0.997645326,NA,NA,species
s__Eggerthella_sp_CAG_298,1.022631025,-0.001036257,0.35113652,-0.002951151,0.997645326,NA,NA,species
s__Eggerthella_sp_CAG_368,1.033357758,-0.020664943,0.350621155,-0.058938095,0.953001415,NA,NA,species
s__Eisenbergiella_massiliensis,1.453817868,-0.40826557,0.338089909,-1.207565086,0.227214596,0.375621922,FALSE,species
s__Eisenbergiella_tayi,1.303049416,-0.140357437,0.353332045,-0.397239477,0.691190874,0.749757056,FALSE,species
s__Enorma_massiliensis,1.022631025,-0.001036257,0.35113652,-0.002951151,0.997645326,NA,NA,species
s__Enterobacter_cloacae_complex,2.467714082,-0.894920908,0.45553682,-1.964541326,0.049467349,0.152391348,FALSE,species
s__Enterobacter_mori,1.022631025,-0.001036257,0.35113652,-0.002951151,0.997645326,NA,NA,species
s__Enterobacteria_phage_ES18,1.11959092,0.493731846,0.310124921,1.592041828,0.111375306,NA,NA,species
s__Enterobacteria_phage_HK225,1.044149555,0.12449463,0.339798751,0.366377538,0.714083379,NA,NA,species
s__Enterobacteria_phage_mEp237,1.044180462,-0.040030442,0.350124006,-0.114332182,0.908974472,NA,NA,species
s__Enterobacteria_phage_mEp460,1.065770313,-0.077998552,0.349183148,-0.223374331,0.823244181,NA,NA,species
s__Enterobacteria_phage_P4,1.119411495,-0.168762787,0.347156113,-0.486129382,0.626875436,NA,NA,species
s__Enterobacteria_phage_phiP27,1.065769293,-0.07799855,0.349184386,-0.223373532,0.823244802,NA,NA,species
s__Enterobacterial_phage_mEp390,1.086991422,0.125284263,0.333180447,0.376025255,0.706898121,NA,NA,species
s__Enterococcus_faecalis,1.679010835,-0.729985346,0.395093725,-1.847625766,0.0646565,0.181608698,FALSE,species
s__Enterococcus_faecium,1.152112082,0.162306488,0.322257709,0.50365432,0.614504314,NA,NA,species
s__Enterococcus_phage_EF62phi,1.033426417,-0.020665149,0.350621378,-0.058938644,0.953000978,NA,NA,species
s__Enterococcus_phage_EFRM31,1.011835633,0.018863366,0.351669822,0.053639423,0.957222447,NA,NA,species
s__Enterorhabdus_caecimuris,1.022631025,-0.001036257,0.35113652,-0.002951151,0.997645326,NA,NA,species
s__Erysipelatoclostridium_ramosum,1.303586261,-0.00240643,0.315599958,-0.007624938,0.993916238,0.993916238,FALSE,species
s__Escherichia_coli,3.981036737,-1.354495721,0.463199001,-2.924219865,0.003453207,0.026382505,TRUE,species
s__Escherichia_phage_D108,1.044241594,-0.040030649,0.350124382,-0.11433265,0.908974101,NA,NA,species
s__Escherichia_phage_HK639,1.345811495,1.192821812,0.312305181,3.819410902,0.000133771,0.002555022,TRUE,species
s__Escherichia_phage_TL_2011b,1.098045051,0.10642472,0.33271766,0.319864957,0.749070704,NA,NA,species
s__Escherichia_virus_HK544,1.022631025,-0.001036257,0.35113652,-0.002951151,0.997645326,NA,NA,species
s__Escherichia_virus_Min27,1.022631025,-0.001036257,0.35113652,-0.002951151,0.997645326,NA,NA,species
s__Escherichia_virus_N15,1.044149555,-0.040030337,0.350124047,-0.114331871,0.908974719,NA,NA,species
s__Escherichia_virus_P1,1.076190739,-0.013866917,0.343294292,-0.040393672,0.967779275,NA,NA,species
s__Escherichia_virus_P2,1.022631025,-0.001036257,0.35113652,-0.002951151,0.997645326,NA,NA,species
s__Escherichia_virus_phi1,1.291295288,-0.425892272,0.346484181,-1.229182442,0.21900341,0.375621922,FALSE,species
s__Escherichia_virus_phiV10,1.04411933,0.12449429,0.339798665,0.366376629,0.714084056,NA,NA,species
s__Escherichia_virus_RB49,1.022631025,-0.001036257,0.35113652,-0.002951151,0.997645326,NA,NA,species
s__Escherichia_virus_T5,1.022631025,-0.001036257,0.35113652,-0.002951151,0.997645326,NA,NA,species
s__Escherichia_virus_wV8,1.183896161,-0.27063975,0.34541496,-0.783520637,0.43332144,NA,NA,species
s__Eubacterium_callanderi,1.022631025,-0.001036257,0.35113652,-0.002951151,0.997645326,NA,NA,species
s__Eubacterium_coprostanoligenes,1.303709828,-0.440951812,0.380967534,-1.157452465,0.247087549,0.391974293,FALSE,species
s__Eubacterium_dolichum_CAG_375,1.022631025,-0.001036257,0.35113652,-0.002951151,0.997645326,NA,NA,species
s__Eubacterium_eligens,5.072815372,0.381017666,0.39380456,0.96752985,0.333279226,0.475047256,FALSE,species
s__Eubacterium_hallii,6.840598426,-0.217708207,0.363837739,-0.598366205,0.54959561,0.664130948,FALSE,species
s__Eubacterium_limosum,1.022631025,-0.001036257,0.35113652,-0.002951151,0.997645326,NA,NA,species
s__Eubacterium_ramulus,1.677672,-0.462987636,0.337905979,-1.37016704,0.170634764,0.342165835,FALSE,species
s__Eubacterium_rectale,23.00384614,0.406255622,0.484964857,0.837701158,0.402198563,0.534148716,FALSE,species
s__Eubacterium_siraeum,21.26547278,0.915575163,0.561568265,1.630389784,0.103019142,0.264457503,FALSE,species
s__Eubacterium_sp_36_13,1.461924536,-0.350873954,0.38483525,-0.911751079,0.361899768,0.493734684,FALSE,species
s__Eubacterium_sp_CAG_161,1.044018239,-0.04002989,0.350123417,-0.1143308,0.908975568,NA,NA,species
s__Eubacterium_sp_CAG_180,6.419251164,0.844227229,0.54163936,1.558651921,0.119078787,0.286785815,FALSE,species
s__Eubacterium_sp_CAG_192,1.04411933,0.12449429,0.339798665,0.366376629,0.714084056,NA,NA,species
s__Eubacterium_sp_CAG_251,2.541367202,-1.553003544,0.484546989,-3.20506283,0.00135033,0.016119565,TRUE,species
s__Eubacterium_sp_CAG_252,1.054811223,-0.059138751,0.349644495,-0.169139661,0.86568679,NA,NA,species
s__Eubacterium_sp_CAG_274,1.183706214,-0.270636783,0.345424599,-0.783490184,0.433339316,NA,NA,species
s__Eubacterium_sp_CAG_38,2.548877848,-0.949732435,0.397789905,-2.387522719,0.016962354,0.082931043,FALSE,species
s__Eubacterium_sp_CAG_581,1.086991422,0.346883529,0.321273932,1.079712653,0.280270158,NA,NA,species
s__Eubacterium_sp_OM08_24,1.022631025,-0.001036257,0.35113652,-0.002951151,0.997645326,NA,NA,species
s__Eubacterium_ventriosum,1.387794859,0.068884665,0.304896459,0.225928057,0.821257376,0.866630711,FALSE,species
s__Faecalibacterium_prausnitzii,59.42517986,0.575238089,0.487415276,1.180180673,0.237928364,0.385121335,FALSE,species
s__Faecalicatena_orotica,1.07642735,0.294419664,0.325466207,0.904609015,0.365672558,NA,NA,species
s__Faecalicoccus_pleomorphus,1.022631025,-0.001036257,0.35113652,-0.002951151,0.997645326,NA,NA,species
s__Faecalitalea_cylindroides,1.366899709,-0.525368632,0.384639275,-1.365873602,0.17197864,0.342165835,FALSE,species
s__Firmicutes_bacterium_AF16_15,1.065446587,0.004991578,0.343758638,0.01452059,0.988414652,NA,NA,species
s__Firmicutes_bacterium_AM10_47,1.076198437,-0.096612626,0.348737126,-0.277035677,0.781752712,NA,NA,species
s__Firmicutes_bacterium_CAG_102,1.033312073,-0.020664805,0.350621006,-0.058937726,0.953001709,NA,NA,species
s__Firmicutes_bacterium_CAG_103,1.686904021,0.503173366,0.339530408,1.481968491,0.138348679,0.313538582,FALSE,species
s__Firmicutes_bacterium_CAG_110,3.193906895,2.090479764,0.356222581,5.868465034,4.40E-09,4.20E-07,TRUE,species
s__Firmicutes_bacterium_CAG_114,1.50641419,-0.403041814,0.329069072,-1.224793966,0.220652859,0.375621922,FALSE,species
s__Firmicutes_bacterium_CAG_124,1.376227161,0.894835006,0.324560898,2.757063504,0.005832302,0.037132325,TRUE,species
s__Firmicutes_bacterium_CAG_129,1.354081512,-0.357728687,0.348985941,-1.025051856,0.30533872,0.438949161,FALSE,species
s__Firmicutes_bacterium_CAG_137,1.269309088,0.424602608,0.306700696,1.384420101,0.166229857,0.339528773,FALSE,species
s__Firmicutes_bacterium_CAG_145,1.582624608,-0.701327127,0.370074172,-1.895098823,0.058079311,0.168078005,FALSE,species
s__Firmicutes_bacterium_CAG_170,1.742749582,1.907196925,0.318687114,5.984543599,2.17E-09,4.14E-07,TRUE,species
s__Firmicutes_bacterium_CAG_176,1.311320738,-0.45489805,0.34854179,-1.305146366,0.191843013,0.366420155,FALSE,species
s__Firmicutes_bacterium_CAG_194,1.300868113,-0.440491032,0.344680222,-1.277970141,0.201259954,0.375621922,FALSE,species
s__Firmicutes_bacterium_CAG_238,1.04411933,-0.040030235,0.350123937,-0.114331614,0.908974922,NA,NA,species
s__Firmicutes_bacterium_CAG_24053_14,1.022631025,-0.001036257,0.35113652,-0.002951151,0.997645326,NA,NA,species
s__Firmicutes_bacterium_CAG_345,1.225847236,-0.334740767,0.344811458,-0.970793631,0.331651055,NA,NA,species
s__Firmicutes_bacterium_CAG_41,1.086896905,-0.032482144,0.342847975,-0.094742121,0.924519661,NA,NA,species
s__Firmicutes_bacterium_CAG_424,2.295397375,-1.389812536,0.470283212,-2.955267165,0.003123984,0.02594265,TRUE,species
s__Firmicutes_bacterium_CAG_56,2.028451639,-0.562934877,0.407454657,-1.381589011,0.16709793,0.339528773,FALSE,species
s__Firmicutes_bacterium_CAG_646,1.044180462,-0.040030442,0.350124006,-0.114332182,0.908974472,NA,NA,species
s__Firmicutes_bacterium_CAG_65_45_313,1.065355217,-0.077996755,0.349181516,-0.223370228,0.823247374,NA,NA,species
s__Firmicutes_bacterium_CAG_83,2.912862293,-1.022852679,0.422837213,-2.419022375,0.015562283,0.078220948,FALSE,species
s__Firmicutes_bacterium_CAG_94,1.345360177,-0.419500816,0.338684855,-1.238616992,0.215487373,0.375621922,FALSE,species
s__Firmicutes_bacterium_CAG_95,1.087118404,0.2009782,0.328894825,0.611071335,0.541152356,NA,NA,species
s__Flavonifractor_plautii,7.164487047,-0.364808598,0.391282119,-0.932341603,0.351160014,0.48957345,FALSE,species
s__Flavonifractor_sp_An10,1.119556451,-0.168763924,0.34714938,-0.486142087,0.626866429,NA,NA,species
s__Flavonifractor_sp_An100,1.03339029,-0.020665041,0.35062126,-0.058938356,0.953001207,NA,NA,species
s__Fusicatenibacter_saccharivorans,11.64294058,-0.233989056,0.36239171,-0.645679936,0.518486657,0.647261121,FALSE,species
s__Fusobacterium_sp_CAG_439,1.119206459,0.493721894,0.310127463,1.591996686,0.111385449,NA,NA,species
s__Fusobacterium_ulcerans,1.03339029,-0.020665041,0.35062126,-0.058938356,0.953001207,NA,NA,species
s__Gemmiger_formicilis,1.409630521,-0.149793767,0.315363608,-0.474987485,0.634795894,0.713211857,FALSE,species
s__Gordonibacter_pamelaeae,1.292527988,-0.347030269,0.338770943,-1.024380267,0.305655699,0.438949161,FALSE,species
s__Haemophilus_parainfluenzae,1.0763669,-0.013867777,0.343295827,-0.040395998,0.967777421,NA,NA,species
s__Haemophilus_sp_HMSC71H05,1.044071338,-0.040030071,0.35012361,-0.114331252,0.908975209,NA,NA,species
s__Hafnia_alvei,1.022631025,-0.001036257,0.35113652,-0.002951151,0.997645326,NA,NA,species
s__Hafnia_paralvei,1.033357758,-0.020664943,0.350621155,-0.058938095,0.953001415,NA,NA,species
s__Harryflintia_acetispora,1.054828643,-0.059138819,0.349644176,-0.169140008,0.865686517,NA,NA,species
s__Holdemanella_biformis,1.065645742,0.163759514,0.334172445,0.490044936,0.624102101,NA,NA,species
s__Holdemania_filiformis,1.162250441,0.214780832,0.318031147,0.675345272,0.499456427,NA,NA,species
s__Human_endogenous_retrovirus_K,1.22692787,-0.102516337,0.328964428,-0.311633504,0.755319069,NA,NA,species
s__Hungatella_hathewayi,1.476270769,0.885638228,0.284337687,3.114740916,0.001841065,0.020684911,TRUE,species
s__Intestinibacter_bartlettii,2.141751919,-0.822165965,0.385400386,-2.133277481,0.03290197,0.124533462,FALSE,species
s__Intestinimonas_butyriciproducens,4.069257145,0.069893196,0.446412641,0.156566347,0.875586626,0.912086159,FALSE,species
s__Klebsiella_aerogenes,1.022631025,-0.001036257,0.35113652,-0.002951151,0.997645326,NA,NA,species
s__Klebsiella_michiganensis,1.086991422,0.346883529,0.321273932,1.079712653,0.280270158,NA,NA,species
s__Klebsiella_oxytoca,1.0871974,-0.114992265,0.3483135,-0.330140133,0.74129408,NA,NA,species
s__Klebsiella_phage_phiKO2,1.303311221,-0.440872463,0.392036328,-1.124570433,0.260771109,0.402577897,FALSE,species
s__Klebsiella_pneumoniae,3.020166431,-0.777640153,0.478108167,-1.626494185,0.103844569,0.264457503,FALSE,species
s__Klebsiella_quasipneumoniae,1.441850145,-0.541302098,0.383818517,-1.410307409,0.158448932,0.338898807,FALSE,species
s__Klebsiella_variicola,2.627178577,-1.339016444,0.478826829,-2.796452421,0.005166702,0.034816722,TRUE,species
s__Klebsiella_virus_KP36,1.054811223,-0.059138751,0.349644495,-0.169139661,0.86568679,NA,NA,species
s__Kosakonia_cowanii,1.033426417,-0.020665149,0.350621378,-0.058938644,0.953000978,NA,NA,species
s__Lachnoclostridium_sp_An14,1.184214643,-0.27064471,0.345393285,-0.78358417,0.433284148,NA,NA,species
s__Lachnospira_pectinoschiza,4.335653166,-0.238825764,0.432112329,-0.552693705,0.580473165,0.690697993,FALSE,species
s__Lachnospiraceae_bacterium_OF09_33XD,1.033375178,-0.020664995,0.350621211,-0.058938235,0.953001304,NA,NA,species
s__Lachnospiraceae_bacterium_OF09_6,1.022631025,-0.001036257,0.35113652,-0.002951151,0.997645326,NA,NA,species
s__Lactobacillus_acidophilus,1.054811223,0.183387083,0.334699679,0.547915323,0.583750047,NA,NA,species
s__Lactobacillus_animalis,1.949807142,-0.913185114,0.440717618,-2.072041317,0.038261588,0.135332655,FALSE,species
s__Lactobacillus_casei_group,1.022631025,-0.001036257,0.35113652,-0.002951151,0.997645326,NA,NA,species
s__Lactobacillus_crispatus,1.237619863,0.161082569,0.313275717,0.514187854,0.607120659,NA,NA,species
s__Lactobacillus_delbrueckii,1.05490882,-0.059139126,0.349644892,-0.169140541,0.865686097,NA,NA,species
s__Lactobacillus_fermentum,1.162444661,-0.237474642,0.34588823,-0.686564682,0.492357091,NA,NA,species
s__Lactobacillus_gasseri,1.16214942,-0.237470972,0.345890666,-0.686549233,0.492366829,NA,NA,species
s__Lactobacillus_helveticus,1.033375178,-0.020664995,0.350621211,-0.058938235,0.953001304,NA,NA,species
s__Lactobacillus_johnsonii,0.990149631,0.059505603,0.352791326,0.168670823,0.86605557,NA,NA,species
s__Lactobacillus_oris,1.022631025,-0.001036257,0.35113652,-0.002951151,0.997645326,NA,NA,species
s__Lactobacillus_paragasseri,1.065607635,-0.07799785,0.349183649,-0.223371999,0.823245995,NA,NA,species
s__Lactobacillus_phage_A2,1.076474051,-0.096613966,0.348739765,-0.277037422,0.781751371,NA,NA,species
s__Lactobacillus_phage_J1,1.033357758,0.063093757,0.345263859,0.182740694,0.855001484,NA,NA,species
s__Lactobacillus_phage_Lc_Nu,1.054863483,-0.059138952,0.349644707,-0.169140133,0.865686418,NA,NA,species
s__Lactobacillus_phage_LF1,1.044195574,-0.040030493,0.350124061,-0.114332311,0.90897437,NA,NA,species
s__Lactobacillus_phage_Lrm1,1.03346172,-0.020665253,0.350621493,-0.058938924,0.953000755,NA,NA,species
s__Lactobacillus_phage_phiadh,1.098366525,-0.133142078,0.347911401,-0.382689609,0.70194992,NA,NA,species
s__Lactobacillus_phage_phiAQ113,1.129968032,-0.186248302,0.346796349,-0.537053815,0.591230442,NA,NA,species
s__Lactobacillus_phage_Sha1,1.087277402,-0.114992705,0.34831316,-0.330141717,0.741292883,NA,NA,species
s__Lactobacillus_plantarum,1.022631025,-0.001036257,0.35113652,-0.002951151,0.997645326,NA,NA,species
s__Lactobacillus_prophage_Lj771,1.087296876,-0.032483974,0.342851025,-0.094746615,0.924516091,NA,NA,species
s__Lactobacillus_prophage_Lj928,1.033375178,-0.020664995,0.350621211,-0.058938235,0.953001304,NA,NA,species
s__Lactobacillus_prophage_Lj965,1.03339029,0.063094081,0.34526394,0.18274159,0.855000781,NA,NA,species
s__Lactobacillus_reuteri,1.022427426,-0.001035722,0.351136491,-0.002949628,0.99764654,NA,NA,species
s__Lactobacillus_rhamnosus,1.055001056,0.024101172,0.344243015,0.070012087,0.944184039,NA,NA,species
s__Lactobacillus_rogosae,1.022631025,-0.001036257,0.35113652,-0.002951151,0.997645326,NA,NA,species
s__Lactobacillus_salivarius,1.602315971,-0.445557092,0.413300253,-1.078046988,0.281012788,0.418535291,FALSE,species
s__Lactobacillus_vaginalis,1.022631025,-0.001036257,0.35113652,-0.002951151,0.997645326,NA,NA,species
s__Lactobacillus_virus_c5,1.022631025,-0.001036257,0.35113652,-0.002951151,0.997645326,NA,NA,species
s__Lactococcus_lactis,1.217428113,-0.319030274,0.345121978,-0.9243986,0.355278823,NA,NA,species
s__Lactococcus_phage_340,1.033415592,0.063094332,0.345264003,0.182742283,0.855000237,NA,NA,species
s__Lactococcus_phage_bIL285,1.15184779,-0.060720896,0.335434381,-0.181021681,0.856350558,NA,NA,species
s__Lactococcus_phage_bIL286,1.119318739,-0.168762082,0.347139519,-0.486150592,0.626860399,NA,NA,species
s__Lactococcus_phage_bIL309,1.25937571,-0.150340651,0.328353169,-0.457862648,0.647051124,0.72146717,FALSE,species
s__Lactococcus_phage_bIL310,1.356614216,-0.145069784,0.319409264,-0.454181518,0.649698185,0.72146717,FALSE,species
s__Lactococcus_phage_bIL311,1.065622748,-0.077997916,0.349182974,-0.22337262,0.823245512,NA,NA,species
s__Lactococcus_phage_bIL312,1.259757717,-0.224851992,0.333351395,-0.674519425,0.49998114,0.636642652,FALSE,species
s__Lactococcus_phage_BK5_T,1.033357758,-0.020664943,0.350621155,-0.058938095,0.953001415,NA,NA,species
s__Lactococcus_phage_jm3,1.054990439,0.024100116,0.344242843,0.070009054,0.944186454,NA,NA,species
s__Lactococcus_phage_P335_sensu_lato,1.108796091,-0.151061924,0.34751367,-0.434693472,0.663784937,NA,NA,species
s__Lactococcus_phage_phiLC3,1.033312073,-0.020664805,0.350621006,-0.058937726,0.953001709,NA,NA,species
s__Lactococcus_phage_TP901_1,1.033312073,-0.020664805,0.350621006,-0.058937726,0.953001709,NA,NA,species
s__Lactococcus_phage_Tuc2009,1.022631025,-0.001036257,0.35113652,-0.002951151,0.997645326,NA,NA,species
s__Lactococcus_phage_ul36,1.108594743,0.163008039,0.327940146,0.497066435,0.619142203,NA,NA,species
s__Lactococcus_virus_bIL67,1.162660437,0.283558893,0.314527447,0.901539425,0.367301581,NA,NA,species
s__Lactococcus_virus_c2,1.119265293,-0.168761661,0.347148701,-0.486136518,0.626870377,NA,NA,species
s__Lactonifactor_longoviformis,1.022631025,-0.001036257,0.35113652,-0.002951151,0.997645326,NA,NA,species
s__Lawsonibacter_asaccharolyticus,2.80787975,-0.175848303,0.353829164,-0.496986458,0.619198601,0.708342764,FALSE,species
s__Leuconostoc_garlicum,1.033482526,0.063094991,0.34526417,0.182744102,0.85499881,NA,NA,species
s__Leuconostoc_lactis,1.022631025,-0.001036257,0.35113652,-0.002951151,0.997645326,NA,NA,species
s__Leuconostoc_mesenteroides,1.044149555,-0.040030337,0.350124047,-0.114331871,0.908974719,NA,NA,species
s__Massiliomicrobiota_timonensis,1.022631025,-0.001036257,0.35113652,-0.002951151,0.997645326,NA,NA,species
s__Megamonas_funiformis,1.10862466,-0.151060741,0.347525225,-0.434675615,0.663797901,NA,NA,species
s__Megamonas_funiformis_CAG_377,1.30197899,-0.440339939,0.392046225,-1.123183726,0.261359473,0.402577897,FALSE,species
s__Megamonas_hypermegale,1.054903897,-0.059139107,0.349644482,-0.169140685,0.865685984,NA,NA,species
s__Megasphaera_elsdenii,1.03339029,0.063094081,0.34526394,0.18274159,0.855000781,NA,NA,species
s__Megasphaera_sp_DISK_18,1.119304056,-0.168761974,0.347144089,-0.48614388,0.626865157,NA,NA,species
s__Megasphaera_sp_MJR8396C,2.596434688,-1.586904699,0.488815699,-3.246427443,0.001168632,0.014880585,TRUE,species
s__Methanobrevibacter_smithii,2.334099282,0.92455705,0.331495463,2.789048884,0.005286309,0.034816722,TRUE,species
s__Methanosphaera_stadtmanae,1.05490882,0.183388326,0.33469959,0.547919183,0.583747396,NA,NA,species
s__Monoglobus_pectinilyticus,2.918002519,-0.240842909,0.372544566,-0.6464808,0.517968028,0.647261121,FALSE,species
s__Odoribacter_laneus,2.434336618,-1.484312609,0.50550754,-2.93628184,0.003321724,0.026382505,TRUE,species
s__Odoribacter_splanchnicus,7.078702457,0.184265822,0.352360939,0.522946222,0.601011678,0.701868627,FALSE,species
s__Olsenella_scatoligenes,1.05490882,-0.059139126,0.349644892,-0.169140541,0.865686097,NA,NA,species
s__Oscillibacter_sp_57_20,5.428593277,1.168360791,0.409537006,2.852882091,0.004332469,0.030648209,TRUE,species
s__Oscillibacter_sp_CAG_241,3.571549599,1.938695845,0.381957915,5.075679204,3.86E-07,2.46E-05,TRUE,species
s__Oxalobacter_formigenes,1.044038806,0.043465202,0.344743567,0.126079804,0.899668754,NA,NA,species
s__Paeniclostridium_sordellii,1.054957385,-0.05913931,0.349644699,-0.16914116,0.86568561,NA,NA,species
s__Parabacteroides_distasonis,23.81326774,0.294093171,0.459976384,0.639365806,0.522584988,0.648141122,FALSE,species
s__Parabacteroides_goldsteinii,1.689616085,-0.412501544,0.383962361,-1.074328072,0.282675667,0.418535291,FALSE,species
s__Parabacteroides_gordonii,1.022631025,-0.001036257,0.35113652,-0.002951151,0.997645326,NA,NA,species
s__Parabacteroides_johnsonii,1.141022662,-0.122121865,0.340936648,-0.358195183,0.720197252,NA,NA,species
s__Parabacteroides_merdae,21.33513777,-0.433356227,0.358122531,-1.210078086,0.226248931,0.375621922,FALSE,species
s__Parabacteroides_sp_CAG_409,1.09794588,0.397513202,0.317330606,1.252678418,0.210322763,NA,NA,species
s__Paraprevotella_clara,1.033426417,-0.020665149,0.350621378,-0.058938644,0.953000978,NA,NA,species
s__Paraprevotella_xylaniphila,2.346726403,0.430240469,0.352762486,1.219632148,0.222604354,0.375621922,FALSE,species
s__Parasutterella_excrementihominis,3.412899392,0.235409156,0.396661923,0.593475557,0.552862936,0.664130948,FALSE,species
s__Pediococcus_acidilactici,1.065852162,-0.077998906,0.349184017,-0.22337479,0.823243824,NA,NA,species
s__Phascolarctobacterium_faecium,2.938127692,-0.6506183,0.364643641,-1.78425791,0.074381766,0.202955962,FALSE,species
s__Phascolarctobacterium_sp_CAG_266,1.313092132,1.055124224,0.27596234,3.823435556,0.000131605,0.002555022,TRUE,species
s__Phascolarctobacterium_succinatutens,2.483474089,-1.069722748,0.432190264,-2.475119957,0.013319143,0.068755577,FALSE,species
s__Prevotella_buccalis,1.03339029,-0.020665041,0.35062126,-0.058938356,0.953001207,NA,NA,species
s__Prevotella_copri,3.086253603,0.382268934,0.490162315,0.779882342,0.435460133,0.569677297,FALSE,species
s__Prevotella_sp_AM42_24,1.05490882,0.183388326,0.33469959,0.547919183,0.583747396,NA,NA,species
s__Prevotella_sp_CAG_1092,1.108705145,0.446422834,0.313619392,1.423454176,0.154604537,NA,NA,species
s__Prevotella_sp_CAG_279,2.778866575,-1.694472087,0.519765783,-3.260068557,0.001113853,0.014880585,TRUE,species
s__Prevotella_sp_CAG_520,1.108705145,0.446422835,0.313625657,1.423425747,0.154612773,NA,NA,species
s__Prevotella_sp_CAG_891,1.011825741,0.018863389,0.351669797,0.053639491,0.957222392,NA,NA,species
s__Prevotella_stercorea,2.419214071,1.036274024,0.435623693,2.378828426,0.017367758,0.082931043,FALSE,species
s__Propionibacterium_freudenreichii,1.140564285,-0.203524233,0.346479012,-0.587407104,0.556930324,NA,NA,species
s__Proteobacteria_bacterium_CAG_139,5.094412875,-1.451646471,0.472052067,-3.075182957,0.002103735,0.021148069,TRUE,species
s__Pseudoflavonifractor_sp_An184,1.16249415,-0.237475274,0.345864148,-0.686614314,0.492325806,NA,NA,species
s__Pseudomonas_fragi,1.022631025,-0.001036257,0.35113652,-0.002951151,0.997645326,NA,NA,species
s__Pseudomonas_phage_B3,1.022631025,-0.001036257,0.35113652,-0.002951151,0.997645326,NA,NA,species
s__Pseudomonas_phage_F10,1.033357758,-0.020664943,0.350621155,-0.058938095,0.953001415,NA,NA,species
s__Pseudomonas_phage_phi2,1.044241594,-0.040030649,0.350124382,-0.11433265,0.908974101,NA,NA,species
s__Pseudomonas_virus_phiCTX,1.033357758,-0.020664943,0.350621155,-0.058938095,0.953001415,NA,NA,species
s__Pyramidobacter_piscolens,1.022631025,-0.001036257,0.35113652,-0.002951151,0.997645326,NA,NA,species
s__Romboutsia_ilealis,1.022631025,-0.001036257,0.35113652,-0.002951151,0.997645326,NA,NA,species
s__Roseburia_faecis,13.90121682,-1.094958296,0.504274741,-2.171352653,0.029904525,0.120081529,FALSE,species
s__Roseburia_hominis,3.915473899,-0.823867215,0.354326493,-2.325164025,0.020063191,0.09123975,FALSE,species
s__Roseburia_intestinalis,4.730387512,-0.932292493,0.411946394,-2.263140316,0.023627041,0.098103583,FALSE,species
s__Roseburia_inulinivorans,4.053995855,0.279064722,0.333493169,0.836792916,0.40270898,0.534148716,FALSE,species
s__Roseburia_sp_CAG_100,1.311935206,0.47296096,0.297591631,1.589295231,0.111993755,0.277802691,FALSE,species
s__Roseburia_sp_CAG_10041_57,1.086909155,0.047532801,0.33782011,0.140704475,0.88810341,NA,NA,species
s__Roseburia_sp_CAG_182,1.04410191,-0.040030176,0.350123721,-0.114331516,0.908975,NA,NA,species
s__Roseburia_sp_CAG_197,1.022631025,-0.001036257,0.35113652,-0.002951151,0.997645326,NA,NA,species
s__Roseburia_sp_CAG_303,1.033375178,0.063093931,0.345263902,0.182741174,0.855001107,NA,NA,species
s__Roseburia_sp_CAG_309,1.044130371,-0.040030272,0.350123824,-0.114331757,0.908974809,NA,NA,species
s__Roseburia_sp_CAG_471,1.130683868,-0.186254648,0.34683521,-0.537011936,0.591259369,NA,NA,species
s__Rothia_dentocariosa,1.022631025,-0.001036257,0.35113652,-0.002951151,0.997645326,NA,NA,species
s__Rothia_mucilaginosa,1.022631025,-0.001036257,0.35113652,-0.002951151,0.997645326,NA,NA,species
s__Ruminococcaceae_bacterium_D16,1.087284794,-0.114992742,0.348312413,-0.330142531,0.741292268,NA,NA,species
s__Ruminococcaceae_bacterium_D5,1.345264277,0.899355176,0.302269405,2.975343062,0.002926611,0.02594265,TRUE,species
s__Ruminococcaceae_bacterium_KLE1738,1.893230089,-0.495987393,0.354019478,-1.401017243,0.161208917,0.338898807,FALSE,species
s__Ruminococcus_bicirculans,9.20022352,1.870981688,0.500807006,3.735933532,0.00018702,0.003247348,TRUE,species
s__Ruminococcus_bromii,23.48307488,1.588052273,0.534562491,2.970751406,0.002970721,0.02594265,TRUE,species
s__Ruminococcus_callidus,1.162348998,0.544928989,0.302713457,1.800147884,0.07183729,NA,NA,species
s__Ruminococcus_gnavus,4.037494787,-1.180552422,0.430201477,-2.744184959,0.006066135,0.037375218,TRUE,species
s__Ruminococcus_lactaris,2.797993886,0.451937044,0.390425157,1.157551034,0.247047302,0.391974293,FALSE,species
s__Ruminococcus_obeum_CAG_39,1.022631025,-0.001036257,0.35113652,-0.002951151,0.997645326,NA,NA,species
s__Ruminococcus_sp_37_24,1.086842903,-0.114990325,0.34831151,-0.330136447,0.741296865,NA,NA,species
s__Ruminococcus_sp_AF31_8BH,1.022631025,-0.001036257,0.35113652,-0.002951151,0.997645326,NA,NA,species
s__Ruminococcus_sp_CAG_177,1.773502318,0.883170359,0.372762024,2.369260554,0.017823692,0.083032321,FALSE,species
s__Ruminococcus_sp_CAG_254,1.257614082,-0.380989485,0.345500207,-1.102718543,0.270149412,0.409512203,FALSE,species
s__Ruminococcus_torques,6.079274562,0.690017587,0.380269214,1.814550225,0.069593058,0.192641653,FALSE,species
s__Ruthenibacterium_lactatiformans,4.802647235,0.433624171,0.329696416,1.315222582,0.188435108,0.366420155,FALSE,species
s__Salmonella_phage_epsilon34,1.022631025,-0.001036257,0.35113652,-0.002951151,0.997645326,NA,NA,species
s__Salmonella_phage_SPN3UB,1.087186615,0.346887104,0.321274885,1.079720578,0.280266628,NA,NA,species
s__Salmonella_phage_SSU5,1.044221809,-0.040030582,0.35012431,-0.114332483,0.908974233,NA,NA,species
s__Salmonella_phage_ST64B,1.097996484,0.397514237,0.317330885,1.25268058,0.210321976,NA,NA,species
s__Salmonella_virus_Epsilon15,1.022631025,-0.001036257,0.35113652,-0.002951151,0.997645326,NA,NA,species
s__Salmonella_virus_FelixO1,1.033357758,-0.020664943,0.350621155,-0.058938095,0.953001415,NA,NA,species
s__Salmonella_virus_HK620,1.03346172,-0.020665253,0.350621493,-0.058938924,0.953000755,NA,NA,species
s__Salmonella_virus_Jersey,1.839186614,-1.029450707,0.453430803,-2.270359008,0.02318581,0.098103583,FALSE,species
s__Salmonella_virus_PsP3,1.09794588,0.397513203,0.31733613,1.252656619,0.2103307,NA,NA,species
s__Salmonella_virus_SH19,1.086991422,0.346883529,0.321273932,1.079712653,0.280270158,NA,NA,species
s__Sanguibacteroides_justesenii,1.05490882,0.183388326,0.33469959,0.547919183,0.583747396,NA,NA,species
s__Sellimonas_intestinalis,2.143700716,-0.306824157,0.401063055,-0.765027226,0.444255332,0.577229718,FALSE,species
s__Senegalimassilia_anaerobia,1.022631025,-0.001036257,0.35113652,-0.002951151,0.997645326,NA,NA,species
s__Shigella_phage_SfII,1.044221809,-0.040030582,0.35012431,-0.114332483,0.908974233,NA,NA,species
s__Shigella_phage_SfIV,1.09819877,-0.133141057,0.347915413,-0.382682262,0.701955368,NA,NA,species
s__Slackia_isoflavoniconvertens,1.302400196,0.76495302,0.282098484,2.711652357,0.006694877,0.038749134,TRUE,species
s__Streptococcus_agalactiae,1.022631025,-0.001036257,0.35113652,-0.002951151,0.997645326,NA,NA,species
s__Streptococcus_anginosus_group,1.044149555,-0.040030337,0.350124047,-0.114331871,0.908974719,NA,NA,species
s__Streptococcus_australis,1.022631025,-0.001036257,0.35113652,-0.002951151,0.997645326,NA,NA,species
s__Streptococcus_gordonii,1.044149555,-0.040030337,0.350124047,-0.114331871,0.908974719,NA,NA,species
s__Streptococcus_infantis,1.033357758,-0.020664943,0.350621155,-0.058938095,0.953001415,NA,NA,species
s__Streptococcus_lutetiensis,1.505333999,-0.692906643,0.423974686,-1.634311355,0.102193491,0.264457503,FALSE,species
s__Streptococcus_mitis,1.022631025,-0.001036257,0.35113652,-0.002951151,0.997645326,NA,NA,species
s__Streptococcus_mutans,1.054811223,-0.059138752,0.349644105,-0.16913985,0.86568664,NA,NA,species
s__Streptococcus_oralis,1.022631025,-0.001036257,0.35113652,-0.002951151,0.997645326,NA,NA,species
s__Streptococcus_parasanguinis,2.958953752,-1.591295932,0.467078262,-3.406914993,0.000657016,0.009653079,TRUE,species
s__Streptococcus_phage_EJ_1,1.044134443,-0.040030286,0.350123839,-0.114331793,0.908974781,NA,NA,species
s__Streptococcus_phage_P7132,1.044071338,-0.040030071,0.35012361,-0.114331252,0.908975209,NA,NA,species
s__Streptococcus_phage_PH10,1.044221809,-0.040030582,0.35012431,-0.114332483,0.908974233,NA,NA,species
s__Streptococcus_phage_PH15,1.065587908,-0.077997765,0.349182075,-0.223372765,0.8232454,NA,NA,species
s__Streptococcus_phage_SM1,1.054889775,-0.059139052,0.349644424,-0.169140554,0.865686087,NA,NA,species
s__Streptococcus_phage_TP_778L,1.022631025,-0.001036257,0.35113652,-0.002951151,0.997645326,NA,NA,species
s__Streptococcus_phage_TP_J34,1.033357758,-0.020664943,0.350621155,-0.058938095,0.953001415,NA,NA,species
s__Streptococcus_salivarius,5.353321485,-1.219755976,0.424409996,-2.874003885,0.00405304,0.029774254,TRUE,species
s__Streptococcus_sanguinis,1.022631025,-0.001036257,0.35113652,-0.002951151,0.997645326,NA,NA,species
s__Streptococcus_sobrinus,1.022631025,-0.001036257,0.35113652,-0.002951151,0.997645326,NA,NA,species
s__Streptococcus_sp_A12,1.022631025,-0.001036257,0.35113652,-0.002951151,0.997645326,NA,NA,species
s__Streptococcus_thermophilus,3.78773744,-0.965971994,0.445610002,-2.167752047,0.030177557,0.120081529,FALSE,species
s__Streptococcus_vestibularis,1.324494398,0.282100364,0.300428437,0.938993549,0.347734056,0.4883618,FALSE,species
s__Streptococcus_virus_7201,1.065603021,-0.07799783,0.34918239,-0.223372749,0.823245412,NA,NA,species
s__Streptococcus_virus_DT1,1.033357758,-0.020664943,0.350621155,-0.058938095,0.953001415,NA,NA,species
s__Streptococcus_virus_phiAbc2,1.07638816,0.144395956,0.333665455,0.432756684,0.665191545,NA,NA,species
s__Streptococcus_virus_Sfi21,1.065588104,0.004991821,0.343759233,0.014521271,0.988414109,NA,NA,species
s__Stx2_converting_phage_1717,1.141165378,-0.122122469,0.340910392,-0.358224542,0.720175282,NA,NA,species
s__Subdoligranulum_sp,2.365323547,-0.878024206,0.434476659,-2.020877732,0.043292424,0.143367269,FALSE,species
s__Subdoligranulum_sp_APC924_74,1.044038806,-0.04002996,0.350123492,-0.114330975,0.908975429,NA,NA,species
s__Sutterella_parvirubra,1.022631025,-0.001036257,0.35113652,-0.002951151,0.997645326,NA,NA,species
s__Sutterella_sp_CAG_397,1.290008878,-0.425827097,0.345742471,-1.231630861,0.218087007,0.375621922,FALSE,species
s__Sutterella_wadsworthensis,1.34319952,-0.496913957,0.379916533,-1.307955601,0.190888369,0.366420155,FALSE,species
s__Terrisporobacter_othiniensis,1.022631025,-0.001036257,0.35113652,-0.002951151,0.997645326,NA,NA,species
s__Turicibacter_sanguinis,1.098127817,0.181873791,0.328409162,0.553802426,0.579714068,NA,NA,species
s__Turicimonas_muris,1.377746112,-0.461309136,0.343967124,-1.341143102,0.179873995,0.354184878,FALSE,species
s__Tyzzerella_nexilis,1.022631025,-0.001036257,0.35113652,-0.002951151,0.997645326,NA,NA,species
s__Tyzzerella_sp,1.355422521,-0.511580069,0.346239403,-1.477532784,0.139532877,0.313538582,FALSE,species
s__Veillonella_atypica,1.119431878,-0.168762959,0.347147629,-0.486141759,0.626866661,NA,NA,species
s__Veillonella_dispar,1.076499605,-0.096614091,0.348739895,-0.27703768,0.781751174,NA,NA,species
s__Veillonella_infantium,1.03339029,-0.020665041,0.35062126,-0.058938356,0.953001207,NA,NA,species
s__Veillonella_parvula,1.399663529,0.45389582,0.28916922,1.56965468,0.11649547,0.285264548,FALSE,species
s__Veillonella_sp_T11011_6,1.022631025,-0.001036257,0.35113652,-0.002951151,0.997645326,NA,NA,species
s__Victivallales_bacterium_CCUG_44730,1.022631025,-0.001036257,0.35113652,-0.002951151,0.997645326,NA,NA,species
s__Victivallis_vadensis,1.033436309,-0.020665178,0.35062141,-0.058938723,0.953000915,NA,NA,species
s__Weissella_confusa,1.076351788,-0.09661337,0.348741029,-0.277034709,0.781753455,NA,NA,species
s__Yersinia_phage_PY100,1.033357758,-0.020664943,0.350621155,-0.058938095,0.953001415,NA,NA,species
