"","baseMean","log2FoldChange","lfcSE","stat","pvalue","padj","threshold","level"
"p__Actinobacteria",38.3396185451741,-0.941636463946445,0.556587540378245,-1.69180298809156,0.0906835436862785,0.816151893176506,FALSE,"phylum"
"p__Bacteroidetes",687.428826933361,0.129668891705271,0.43557634508391,0.297694980842662,0.765935974553534,0.999999948936374,FALSE,"phylum"
"p__Candidatus_Melainabacteria",0.071537022791392,-0.517300465087885,3.62226741867038,-0.14281122990024,0.886439267817574,0.999999948936374,FALSE,"phylum"
"p__Euryarchaeota",0.965378428490125,1.52263007321394,1.43354327266568,1.06214447951935,0.288170100149198,0.999999948936374,FALSE,"phylum"
"p__Firmicutes",339.795943329717,2.25779548924181e-09,0.0352787353971733,6.39987648033073e-08,0.999999948936374,0.999999948936374,FALSE,"phylum"
"p__Fusobacteria",0.0222758583538559,-0.196908431617934,3.62231865253414,-0.0543597762941641,0.956648525311801,0.999999948936374,FALSE,"phylum"
"p__Lentisphaerae",0,NA,NA,NA,NA,NA,NA,"phylum"
"p__Proteobacteria",27.0736567083269,-0.483557921788428,0.624183955044019,-0.774704184368736,0.438514477888085,0.999999948936374,FALSE,"phylum"
"p__Synergistetes",0,NA,NA,NA,NA,NA,NA,"phylum"
"p__Verrucomicrobia",8.1948412967334,-0.109665171573126,1.38598129497198,-0.0791245682542516,0.936933542132173,0.999999948936374,FALSE,"phylum"
"p__Viruses_unclassified",6.07397089454627,0.346954063648815,0.629836650906,0.550863566211546,0.581727204838782,0.999999948936374,FALSE,"phylum"
"c__Actinobacteria",21.0170946837302,-2.2677720711124,1.08094097767726,-2.09796105240216,0.0359085860363215,0.215451516217929,FALSE,"class"
"c__Alphaproteobacteria",0.0384778885852522,-0.401534836420445,3.62228636896964,-0.110851212609858,0.911734333771453,0.999999953493092,FALSE,"class"
"c__Bacilli",12.7272955378428,-3.41515767966439,0.768099099715643,-4.44624616918404,8.73838084412953e-06,0.000157290855194331,TRUE,"class"
"c__Bacteroidia",698.954484443524,0.000333464590966013,0.454481733280078,0.000733724958667398,0.999414572236131,0.999999953493092,FALSE,"class"
"c__Betaproteobacteria",5.83886958318367,0.866884760681235,0.926618729268458,0.935535548008639,0.349512372442671,0.786402837996011,FALSE,"class"
"c__Candidatus_Melainabacteria_unclassified",0.0758970302361618,-0.593780048428314,3.62225817018204,-0.163925380392882,0.869789886697675,0.999999953493092,FALSE,"class"
"c__Clostridia",289.37937408682,1.8517434160697e-09,0.0317689900620196,5.82877646552414e-08,0.999999953493092,0.999999953493092,FALSE,"class"
"c__Coriobacteriia",22.0273887404172,-0.626944526605991,0.559708092534525,-1.12012767899603,0.262659357066184,0.675409775313045,FALSE,"class"
"c__Deltaproteobacteria",0.620300442661684,-0.598695634757086,0.911297307830399,-0.656970704963949,0.511199753252426,0.999999953493092,FALSE,"class"
"c__Epsilonproteobacteria",0,NA,NA,NA,NA,NA,NA,"class"
"c__Erysipelotrichia",1.91320282509416,-0.370704194951959,0.940361845756789,-0.394214415041076,0.693422743981608,0.999999953493092,FALSE,"class"
"c__Firmicutes_unclassified",17.597862722962,1.21485347052488,0.699591457748188,1.73651844525832,0.0824722058143286,0.296899940931583,FALSE,"class"
"c__Fusobacteriia",0.025071857051362,-0.27337952022967,3.6223072432936,-0.0754711022196721,0.939839889034051,0.999999953493092,FALSE,"class"
"c__Gammaproteobacteria",8.19712508021458,0.0115512894435076,1.40090975588539,0.00824556285298124,0.993421067254074,0.999999953493092,FALSE,"class"
"c__Lentisphaeria",0,NA,NA,NA,NA,NA,NA,"class"
"c__Methanobacteria",0.909534737945811,1.48006463651673,1.18343161856654,1.25065497093063,0.211060385583797,0.63318115675139,FALSE,"class"
"c__Negativicutes",23.3952801767174,-2.77652809730829,0.825867522341231,-3.36195336685136,0.000773931926479809,0.00696538733831828,TRUE,"class"
"c__Proteobacteria_unclassified",8.23562439332977,-2.91768223795935,1.53857484074024,-1.89635379488956,0.0579132773035156,0.26060974786582,FALSE,"class"
"c__Synergistia",0,NA,NA,NA,NA,NA,NA,"class"
"c__Verrucomicrobiae",7.64104165898766,-0.0518551747077071,1.41283744602411,-0.0367028598043135,0.970721928387002,0.999999953493092,FALSE,"class"
"c__Viruses_unclassified",6.27885200756537,0.180217190365572,0.621531574733073,0.289956613134208,0.771849430027733,0.999999953493092,FALSE,"class"
"o__Acidaminococcales",14.6153230649619,-2.28308807412576,0.88279469202765,-2.58620503129878,0.009703918805864,0.126150944476232,FALSE,"order"
"o__Actinomycetales",0.0242493653432364,-0.337456319091465,3.62229658755309,-0.0931608748579645,0.925775756507276,0.999999950474661,FALSE,"order"
"o__Aeromonadales",0,NA,NA,NA,NA,NA,NA,"order"
"o__Bacteroidales",698.954484443524,0.00036760070606716,0.458621540287559,0.000801533887476527,0.999360468554701,0.999999950474661,FALSE,"order"
"o__Bifidobacteriales",20.8406018806031,-2.2494636595828,1.11419196544791,-2.01891929697995,0.0434956082067894,0.282721453344131,FALSE,"order"
"o__Burkholderiales",5.83886958318367,0.868809194376866,0.934505940862032,0.929698952556081,0.35252697696382,0.999999950474661,FALSE,"order"
"o__Campylobacterales",0,NA,NA,NA,NA,NA,NA,"order"
"o__Candidatus_Gastranaerophilales",0.0758970302361618,-0.593780048428314,3.62225817018204,-0.163925380392882,0.869789886697675,0.999999950474661,FALSE,"order"
"o__Caudovirales",5.98453109057714,0.246163944086103,0.667662758091616,0.368695035184702,0.712355049795328,0.999999950474661,FALSE,"order"
"o__Clostridiales",289.37937408682,2.12011673854666e-09,0.0341564229429126,6.20708070657785e-08,0.999999950474661,0.999999950474661,FALSE,"order"
"o__Coriobacteriales",17.730826012726,-0.64056369186179,0.780284022512261,-0.820936573581737,0.41168239717157,0.999999950474661,FALSE,"order"
"o__Desulfovibrionales",0.620300442661684,-0.603473230334431,0.970345961636678,-0.621915537543492,0.533997407820068,0.999999950474661,FALSE,"order"
"o__Eggerthellales",4.29656272769124,-0.46885137024015,0.665311331124698,-0.704709732581233,0.480990893322156,0.999999950474661,FALSE,"order"
"o__Enterobacterales",8.10578524425168,0.0174728156066534,1.48404648285794,0.0117737657199286,0.990606111142647,0.999999950474661,FALSE,"order"
"o__Erysipelotrichales",1.91320282509416,-0.358299285768999,0.95996527074518,-0.37324192519055,0.708968395224423,0.999999950474661,FALSE,"order"
"o__Firmicutes_unclassified",17.597862722962,1.21483845657671,0.704515931566311,1.72435909841786,0.0846430365535197,0.366786491731919,FALSE,"order"
"o__Fusobacteriales",0.025071857051362,-0.27337952022967,3.6223072432936,-0.0754711022196721,0.939839889034051,0.999999950474661,FALSE,"order"
"o__Herpesvirales",0.0144199409052631,-0.27337952022967,3.6223072432936,-0.0754711022196721,0.939839889034051,0.999999950474661,FALSE,"order"
"o__Lactobacillales",12.7272955378428,-3.41573959694167,0.773519524808555,-4.4158414718582,1.00617805946744e-05,0.000261606295461535,TRUE,"order"
"o__Methanobacteriales",0.909534737945811,1.47915349704869,1.24188369616806,1.19105637799477,0.233631453124766,0.86777396874913,FALSE,"order"
"o__Micrococcales",0,NA,NA,NA,NA,NA,NA,"order"
"o__Ortervirales",0.259782832723205,-0.79432232535973,2.77251675368085,-0.286498656610523,0.774496222238519,0.999999950474661,FALSE,"order"
"o__Pasteurellales",0.0913398359629014,-0.225169001728086,3.62227657056457,-0.0621622886440696,0.950433593686398,0.999999950474661,FALSE,"order"
"o__Propionibacteriales",0.152243437783845,-0.921325920889148,3.62215797186556,-0.254358293604358,0.799218768431277,0.999999950474661,FALSE,"order"
"o__Proteobacteria_unclassified",8.23562439332977,-2.91769164430298,1.53765890260792,-1.89748951432238,0.0577633613996827,0.30036947927835,FALSE,"order"
"o__Rhodospirillales",0.0384778885852522,-0.401534836420445,3.62228636896964,-0.110851212609858,0.911734333771453,0.999999950474661,FALSE,"order"
"o__Selenomonadales",0,0,0,0,1,NA,NA,"order"
"o__Synergistales",0,NA,NA,NA,NA,NA,NA,"order"
"o__Veillonellales",5.39405638931324,-3.41963111636317,1.50566975880363,-2.27116942235749,0.0231367237160022,0.200518272205352,FALSE,"order"
"o__Verrucomicrobiales",7.64104165898766,-0.0518767679784487,1.41433588526141,-0.036679241839968,0.970740760115894,0.999999950474661,FALSE,"order"
"o__Victivallales",0,NA,NA,NA,NA,NA,NA,"order"
"o__Viruses_unclassified",0.0201181433597622,-0.27337952022967,3.6223072432936,-0.075471102219672,0.939839889034051,0.999999950474661,FALSE,"order"
"f__Acidaminococcaceae",21.7322089320154,-2.9771573035819,0.964107748897642,-3.08799229856411,0.00201513693168085,0.0171302987449249,TRUE,"family"
"f__Ackermannviridae",0.0602127585043664,0.923249319598378,3.61610844927436,0.255315716480695,0.798479262107915,NA,NA,"family"
"f__Actinomycetaceae",0.1085591066282,-0.547957016737955,3.62223186253308,-0.151276074402029,0.87975794192746,NA,NA,"family"
"f__Aeromonadaceae",0,NA,NA,NA,NA,NA,NA,"family"
"f__Akkermansiaceae",7.76463243191807,-0.408406393803223,1.45381846300286,-0.280919801334522,0.778771912693547,0.949176545844699,FALSE,"family"
"f__Alloherpesviridae",0.0118711050487763,-0.483869251895039,3.62223972948663,-0.133582890153882,0.893732414594573,NA,NA,"family"
"f__Atopobiaceae",0.132996788291228,-0.612046071420971,3.62222432347418,-0.168969676299324,0.865820493214157,0.954952495270369,FALSE,"family"
"f__Bacteroidaceae",485.921862758558,-1.28738472476742,0.459402701611206,-2.80230116247104,0.00507394832315829,0.0208595653285396,TRUE,"family"
"f__Baculoviridae",0.0261852244917354,-0.48386925189504,3.62223972948663,-0.133582890153882,0.893732414594573,NA,NA,"family"
"f__Barnesiellaceae",4.76902635199648,-1.77630244837003,1.08082929050334,-1.64346253749546,0.100287270242854,0.258541440564256,FALSE,"family"
"f__Bifidobacteriaceae",21.2346149481044,-1.89797838325485,1.18476489351152,-1.6019873593903,0.109158404769733,0.258541440564256,FALSE,"family"
"f__Campylobacteraceae",0,NA,NA,NA,NA,NA,NA,"family"
"f__Candidatus_Gastranaerophilales_unclassified",0.073038890920698,-0.805999136108473,3.62218905099001,-0.222517136671311,0.823911334505771,NA,NA,"family"
"f__Caudovirales_unclassified",0.336966478160131,-1.01241015600875,3.62205309523828,-0.279512787192356,0.779851326168569,0.949176545844699,FALSE,"family"
"f__Christensenellaceae",0.0297663972423479,-0.547957016737955,3.62223186253308,-0.151276074402029,0.87975794192746,NA,NA,"family"
"f__Clostridiaceae",14.4590416977016,-1.51252936461582,0.55484274323179,-2.72605054867583,0.00640971812700255,0.0215599609726449,TRUE,"family"
"f__Clostridiales_Family_XIII_Incertae_Sedis",0.0103347339959644,-0.483869251895039,3.62223972948663,-0.133582890153882,0.893732414594573,NA,NA,"family"
"f__Clostridiales_unclassified",6.34845081850944,-1.5114520636744,0.673648440903788,-2.24368078644491,0.0248529471970707,0.0766299205243015,FALSE,"family"
"f__Coriobacteriaceae",20.9655480640298,-2.87331634067966,0.845926685318798,-3.39664936754751,0.000682163156884223,0.00841334560157208,TRUE,"family"
"f__Desulfovibrionaceae",0.553142833491039,-0.770679160595932,0.909356945569396,-0.847499064422243,0.39671700832525,0.638196926436273,FALSE,"family"
"f__Eggerthellaceae",4.69591900184174,-0.704702333016663,0.704258571254441,-1.00063011197923,0.317005666630948,0.546553540331754,FALSE,"family"
"f__Enterobacteriaceae",3.54751045513121,1.92295441888582,1.38815679583638,1.38525736044624,0.165973786850134,0.323212111234472,FALSE,"family"
"f__Enterococcaceae",0.64294623220423,-1.13688594223725,3.02415037566455,-0.375935651674537,0.706964735136125,0.949176545844699,FALSE,"family"
"f__Erysipelotrichaceae",2.36802820278501,-0.685486343840397,1.00756571459264,-0.680339092440776,0.496289777139789,0.765113406423841,FALSE,"family"
"f__Eubacteriaceae",20.8337467150006,-1.52369257233248,0.52422327029189,-2.90657179618158,0.0036541303174088,0.0171302987449249,TRUE,"family"
"f__Firmicutes_unclassified",14.9082151838732,1.03373615728879,0.686639812439884,1.50549988299622,0.132195606915337,0.287719850345145,FALSE,"family"
"f__Fusobacteriaceae",0.0201787042707243,-0.483869251895039,3.62223972948663,-0.133582890153882,0.893732414594573,NA,NA,"family"
"f__Hafniaceae",0.0128775578749614,-0.483869251895039,3.62223972948663,-0.133582890153882,0.893732414594573,NA,NA,"family"
"f__Herpesviridae",0,NA,NA,NA,NA,NA,NA,"family"
"f__Lachnospiraceae",175.084416052057,-1.13282960471596,0.382217055531394,-2.96383844813254,0.00303827747398666,0.0171302987449249,TRUE,"family"
"f__Lactobacillaceae",1.19941990407384,-1.70384078341313,1.73105265057565,-0.984280162042753,0.3249777807378,0.546553540331754,FALSE,"family"
"f__Leuconostocaceae",0.0491069519669231,-0.740498632943676,3.62220778770032,-0.204432952592652,0.838015181448165,NA,NA,"family"
"f__Methanobacteriaceae",0.750830091605397,1.37668087233414,1.19754064541342,1.14959010168617,0.25031273692526,0.46307856331173,FALSE,"family"
"f__Micrococcaceae",0,NA,NA,NA,NA,NA,NA,"family"
"f__Myoviridae",1.67075945095228,-0.25437297382706,1.61733149817652,-0.157279428561093,0.875024632105849,0.954952495270369,FALSE,"family"
"f__Odoribacteraceae",14.3571467779261,-0.0441524561274564,0.774712699403662,-0.0569920386763285,0.954551537050649,0.971206767462215,FALSE,"family"
"f__Oscillospiraceae",3.99377466666145,2.80466741993087,0.946029309861609,2.96467286023216,0.00303004957671795,0.0171302987449249,TRUE,"family"
"f__Oxalobacteraceae",0.0223098045835167,-0.243423247642354,3.62223972940301,-0.0672024122717225,0.946420564752982,NA,NA,"family"
"f__Pasteurellaceae",0.10886096804703,-0.435690360330766,3.62221709914457,-0.120282784936789,0.904259140727281,0.955931091625982,FALSE,"family"
"f__Peptostreptococcaceae",1.65119871559139,-1.97397918819502,1.38779787511847,-1.42238233937814,0.154915287208011,0.318436979260912,FALSE,"family"
"f__Podoviridae",0.4200364537273,-0.939911719627866,3.62212886003038,-0.259491518924035,0.79525602489691,0.949176545844699,FALSE,"family"
"f__Prevotellaceae",16.7565031337596,-0.0719452253479156,1.99322956317526,-0.0360948014604527,0.971206767462215,0.971206767462215,FALSE,"family"
"f__Propionibacteriaceae",0.133261060881221,-1.1804977445408,3.62172184158027,-0.325949312558392,0.744462705227013,0.949176545844699,FALSE,"family"
"f__Proteobacteria_unclassified",12.019432321757,-3.50781408965829,1.65960419570543,-2.11364498760336,0.0345456003914897,0.0983220934219321,FALSE,"family"
"f__Retroviridae",0.314945904325938,-1.05001201701175,2.72678501600723,-0.385073267913602,0.700183132871866,0.949176545844699,FALSE,"family"
"f__Rhodospirillaceae",0.0376224941548402,-0.612046071420971,3.62222432347418,-0.168969676299324,0.865820493214157,NA,NA,"family"
"f__Rikenellaceae",91.8055105155417,-0.0893577877193225,0.579835556640961,-0.154108844647231,0.877523914572771,0.954952495270369,FALSE,"family"
"f__Ruminococcaceae",96.2672387155893,0.748546722593491,0.257911341140995,2.90234124363021,0.00370384837728106,0.0171302987449249,TRUE,"family"
"f__Selenomonadaceae",0,0,0,0,1,NA,NA,"family"
"f__Siphoviridae",4.43577297178346,0.300659783441503,0.696020742545339,0.43196957369689,0.665763527162268,0.949176545844699,FALSE,"family"
"f__Streptococcaceae",9.70257903764035,-4.1738008379397,0.845219976900661,-4.93812374530547,7.88777872690997e-07,2.91847812895669e-05,TRUE,"family"
"f__Sutterellaceae",4.18890487785121,-3.25087915143787,0.940307808220142,-3.45724998029239,0.000545718366735926,0.00841334560157208,TRUE,"family"
"f__Synergistaceae",0,NA,NA,NA,NA,NA,NA,"family"
"f__Tannerellaceae",53.7497771443258,-0.942571651694105,0.592757607320125,-1.59014686619629,0.111801704027786,0.258541440564256,FALSE,"family"
"f__Veillonellaceae",9.49392327816211,-4.54061099933356,1.64999623373234,-2.75189173557237,0.00592521059693553,0.0215599609726449,TRUE,"family"
"f__Victivallales_unclassified",0,NA,NA,NA,NA,NA,NA,"family"
"g__Absiella",0,NA,NA,NA,NA,NA,NA,"genus"
"g__Acidaminococcus",4.95593370430229,-2.65061901034807,2.18417104103698,-1.2135583525957,0.224916418850675,0.99999993721917,FALSE,"genus"
"g__Actinomyces",0.0287774039340822,0.52856278942754,3.62090087168862,0.145975492883638,0.883940735013333,0.99999993721917,FALSE,"genus"
"g__Adlercreutzia",0.501618302412774,2.26461362066702,1.45507087063437,1.55635967042602,0.119622589582943,0.962714192492708,FALSE,"genus"
"g__Aeromonas",0,NA,NA,NA,NA,NA,NA,"genus"
"g__Agathobaculum",2.40832709653196,-0.730190643173642,1.09124591906824,-0.669134821413232,0.503409479099048,0.99999993721917,FALSE,"genus"
"g__Akkermansia",16.0820706726301,-0.0969822761674014,1.62995231276659,-0.0595000696693937,0.952553809988999,0.99999993721917,FALSE,"genus"
"g__Alistipes",122.38094940065,0.961447068322619,0.675392563657942,1.42353813183166,0.154580216263866,0.99999993721917,FALSE,"genus"
"g__Allisonella",0,NA,NA,NA,NA,NA,NA,"genus"
"g__Anaerofustis",0,NA,NA,NA,NA,NA,NA,"genus"
"g__Anaeromassilibacillus",0.281210269319169,0.942731621690337,2.44148776473913,0.386129979967794,0.699400407549923,0.99999993721917,FALSE,"genus"
"g__Anaerostipes",5.86149135070763,-0.947974328235258,0.62821520472343,-1.50899615467378,0.131299765464876,0.962714192492708,FALSE,"genus"
"g__Anaerotignum",0.340550447436396,0.744913254715523,2.68834813565429,0.277089579595771,0.781711322960522,0.99999993721917,FALSE,"genus"
"g__Anaerotruncus",0.581435530450561,0.0200590498978342,2.09197672894782,0.00958856263564799,0.992349551143963,0.99999993721917,FALSE,"genus"
"g__Asaccharobacter",1.69590175462666,0.62276056231255,1.10224585186894,0.564992430006982,0.572078913117706,0.99999993721917,FALSE,"genus"
"g__Azospirillum",0.130644320514904,0.435782738681793,3.62084756520346,0.120353793092449,0.90420289302788,0.99999993721917,FALSE,"genus"
"g__Bacteroides",612.600985217597,-0.214185972057611,0.552093195920515,-0.38795256605272,0.698051136512295,0.99999993721917,FALSE,"genus"
"g__Barnesiella",18.7460486311596,-6.11658259921856,1.86705143898196,-3.27606538926089,0.00105264186264495,0.0403512714013899,TRUE,"genus"
"g__Betabaculovirus",0.00414743874650489,0.601093821231396,3.62093824697442,0.166004991036137,0.868153022394652,0.99999993721917,FALSE,"genus"
"g__Bifidobacterium",33.0640474464464,-2.76097691832727,1.22372050456754,-2.25621529427832,0.0240571511788282,0.373338045098983,FALSE,"genus"
"g__Bilophila",0.448680218175855,-0.473425179714339,1.18314228632822,-0.40014221889032,0.689051769817748,0.99999993721917,FALSE,"genus"
"g__Blautia",25.2579019662148,9.31888818407841e-09,0.118434194070013,7.86841018107448e-08,0.99999993721917,0.99999993721917,FALSE,"genus"
"g__Butyricimonas",5.44355259376015,-0.166533043893378,1.46945158274142,-0.113330065344986,0.909768882084171,0.99999993721917,FALSE,"genus"
"g__Butyrivibrio",0.317034064505558,3.09731466411521,3.58005182411987,0.865159169833151,0.386951432145349,0.99999993721917,FALSE,"genus"
"g__C2virus",0.659324345993589,1.89431251064167,2.26123320615133,0.837734252923798,0.402179971446821,0.99999993721917,FALSE,"genus"
"g__C5virus",0,NA,NA,NA,NA,NA,NA,"genus"
"g__Campylobacter",0,NA,NA,NA,NA,NA,NA,"genus"
"g__Candidatus_Gastranaerophilales_unclassified",0.232757122756438,0.209874125849859,3.62063654312943,0.0579660850653786,0.953775643280599,0.99999993721917,FALSE,"genus"
"g__Candidatus_Stoquefichus",0.162031855157129,-0.155796272431012,2.99472779110812,-0.0520235170934729,0.958509954852788,0.99999993721917,FALSE,"genus"
"g__Catenibacterium",0.0241933926879452,0.909175732860152,3.620420093853,0.251124374876776,0.80171795118179,0.99999993721917,FALSE,"genus"
"g__Caudovirales_unclassified",0.0295326241776986,0.507034810903228,3.62089012102108,0.140030432837395,0.888635945348631,0.99999993721917,FALSE,"genus"
"g__Cba120virus",0.237535128208917,2.60870509710532,3.60903217684231,0.722826777174313,0.469786313994576,0.99999993721917,FALSE,"genus"
"g__Christensenella",0.0291915881003998,0.507034810986924,3.62089012102112,0.140030432860508,0.88863594533037,0.99999993721917,FALSE,"genus"
"g__Citrobacter",0,0,0,0,1,NA,NA,"genus"
"g__Clostridiales_Family_XIII_Incertae_Sedis_unclassified",0.0150165885649315,0.577254516684263,3.62092576290793,0.159421803837446,0.873336561610737,0.99999993721917,FALSE,"genus"
"g__Clostridiales_unclassified",0.4462198359876,3.58872220455992,3.45910314420317,1.03747186913867,0.29951599931808,0.99999993721917,FALSE,"genus"
"g__Clostridium",20.5340169513742,-1.37478124437157,0.706584016606409,-1.94567271840423,0.0516940657753294,0.6481988416469,FALSE,"genus"
"g__Collinsella",18.8975613104322,-0.645777208423758,0.801698921415468,-0.805510885911613,0.420524927063554,0.99999993721917,FALSE,"genus"
"g__Coprobacillus",0.0837463593044257,0.285989324321852,3.62070998567484,0.0789870841501678,0.937042896319416,0.99999993721917,FALSE,"genus"
"g__Coprobacter",0.776499480500379,1.72678612865127,1.64575058468333,1.04923926184327,0.294068012677053,0.99999993721917,FALSE,"genus"
"g__Coprococcus",16.432803741894,-0.111431076639949,0.952233859196846,-0.117020704067313,0.906843646727449,0.99999993721917,FALSE,"genus"
"g__Cyprinivirus",0.0150165885649315,0.577254516684263,3.62092576290793,0.159421803837446,0.873336561610737,0.99999993721917,FALSE,"genus"
"g__Desulfovibrio",0.186069183763651,0.132283982394577,3.62055504464028,0.0365369344654503,0.970854228914609,0.99999993721917,FALSE,"genus"
"g__Desulfovibrionaceae_unclassified",0.183313465772992,1.98030407192963,2.83010668680467,0.699727710323702,0.484097367695672,0.99999993721917,FALSE,"genus"
"g__Dialister",1.96346662657452,-0.0194859803482716,2.57545476993743,-0.00756603477402362,0.993963235263012,0.99999993721917,FALSE,"genus"
"g__Dielma",0.329909900290162,1.67330274155021,3.57293602378351,0.468327093015871,0.639550696489882,0.99999993721917,FALSE,"genus"
"g__Dorea",10.1911422050946,-0.885938154900338,0.589273760674025,-1.50344069942463,0.132725438028185,0.962714192492708,FALSE,"genus"
"g__Eggerthella",1.20626078687293,-0.74104226319506,0.8855407432644,-0.836824582981162,0.402691177149514,0.99999993721917,FALSE,"genus"
"g__Eisenbergiella",1.12866030903508,-0.0591449610191197,1.90216102978439,-0.0310935615297638,0.975194924343499,0.99999993721917,FALSE,"genus"
"g__Enorma",0.0229200562306849,0.909175732860152,3.620420093853,0.251124374876776,0.80171795118179,0.99999993721917,FALSE,"genus"
"g__Enterobacter",0.591838559877467,2.21505626706625,3.28686939566263,0.673910642749983,0.500368125428891,0.99999993721917,FALSE,"genus"
"g__Enterococcus",0.614243050806986,0.047233587112918,2.68046132660167,0.0176214395052666,0.985940853079697,0.99999993721917,FALSE,"genus"
"g__Enterorhabdus",0,NA,NA,NA,NA,NA,NA,"genus"
"g__Epsilon15virus",0.0497692649580587,0.36157868925921,3.62078277740885,0.0998620219680694,0.920453867663855,0.99999993721917,FALSE,"genus"
"g__Erysipelatoclostridium",0.329029065786815,0.79785525141582,1.37015103528937,0.582311899101924,0.560356611966471,0.99999993721917,FALSE,"genus"
"g__Escherichia",1.55587080541335,0.261456029461953,1.53064971636659,0.17081375749547,0.864370211143794,0.99999993721917,FALSE,"genus"
"g__Eubacterium",35.4374924174558,-1.0353245412706,0.688986391184192,-1.50267778074852,0.132922155113129,0.962714192492708,FALSE,"genus"
"g__Faecalibacterium",121.707646942297,0.819432244185932,0.971187713946124,0.843742391320438,0.398813373601894,0.99999993721917,FALSE,"genus"
"g__Faecalicatena",0.0388822382484833,1.32917304436378,3.61935976911301,0.367239823934254,0.713440136217786,0.99999993721917,FALSE,"genus"
"g__Faecalicoccus",0,NA,NA,NA,NA,NA,NA,"genus"
"g__Faecalitalea",0.140668601711645,-0.276864631290866,3.6198793923424,-0.0764844905818003,0.939033652552397,0.99999993721917,FALSE,"genus"
"g__Felixo1virus",0.155901430476367,-0.370054349561286,3.6196616331584,-0.10223451445609,0.918570532696351,0.99999993721917,FALSE,"genus"
"g__Firmicutes_unclassified",31.1490545886414,0.570329755400792,0.865678435617037,0.65882402972678,0.510008774692565,0.99999993721917,FALSE,"genus"
"g__Flavonifractor",6.58245907373456,-3.85001860442554,0.975869405576078,-3.94521908610588,7.97270497723461e-05,0.00555439525789357,TRUE,"genus"
"g__Fusicatenibacter",20.458119809177,-0.215124457663325,0.75162744943016,-0.286211550451517,0.774716097647016,0.99999993721917,FALSE,"genus"
"g__Fusobacterium",0.0117697586049463,0.577254517152125,3.62092576290818,0.159421803966646,0.873336561508952,0.99999993721917,FALSE,"genus"
"g__Gemmiger",1.34336343274317,0.764802035587117,1.53243860481867,0.499075155886988,0.617726439039212,0.99999993721917,FALSE,"genus"
"g__Gordonibacter",0.688708578826083,0.137269035580297,1.8407875749747,0.074570818190243,0.940556193166906,0.99999993721917,FALSE,"genus"
"g__Haemophilus",0.0602988337116341,0.675167000726768,3.62028641323974,0.186495465733765,0.852056234305414,0.99999993721917,FALSE,"genus"
"g__Hafnia",0.0197945940174097,0.577254516139273,3.62092576290765,0.159421803686947,0.873336561729301,0.99999993721917,FALSE,"genus"
"g__Harryflintia",0.0343208593945269,0.435782738475338,3.62084756520332,0.120353793035435,0.904202893073043,0.99999993721917,FALSE,"genus"
"g__Hk97virus",0.100495631165311,1.45617792929947,3.618877716857,0.402383844725254,0.687401557622041,0.99999993721917,FALSE,"genus"
"g__Holdemanella",0.0832151984631714,1.10076672857397,3.61992615771536,0.304085409650648,0.761062822253231,0.99999993721917,FALSE,"genus"
"g__Holdemania",0.099271202933004,0.71276696919351,3.61022754413923,0.197429929410018,0.843491110239069,0.99999993721917,FALSE,"genus"
"g__Hungatella",0.131291474418631,1.0134645118305,3.06105822231218,0.331083056324548,0.740581749681185,0.99999993721917,FALSE,"genus"
"g__Intestinibacter",1.63628291088485,-0.682843687778174,1.43078799912292,-0.477250080512807,0.633184053298011,0.99999993721917,FALSE,"genus"
"g__Intestinimonas",1.10682790761774,-2.20027593464678,2.03882821663389,-1.07918652326651,0.280504586192781,0.99999993721917,FALSE,"genus"
"g__Klebsiella",3.33971283364467,1.3970354527061,2.21949596931364,0.629438157140751,0.529062243931096,0.99999993721917,FALSE,"genus"
"g__Kp36virus",0.0362900890319178,0.435782739548078,3.62084756520402,0.120353793331679,0.904202892838379,0.99999993721917,FALSE,"genus"
"g__Lachnoclostridium",3.32922964555995,-3.46911569713973,1.24625633983628,-2.7836293274909,0.00537544274676553,0.154543978969509,FALSE,"genus"
"g__Lachnospira",5.21812208764991,1.07920332383609,1.4514042185776,0.743558072949335,0.457143876221698,0.99999993721917,FALSE,"genus"
"g__Lachnospiraceae_unclassified",31.1520953851607,-0.28083373499575,1.01737535984197,-0.276037484374866,0.782519275900739,0.99999993721917,FALSE,"genus"
"g__Lactobacillus",0.544198416826251,-0.124297554315435,1.92890180623184,-0.0644395447782042,0.948620243261933,0.99999993721917,FALSE,"genus"
"g__Lactococcus",0.0268973601060097,0.522271347984636,3.62089771396099,0.144238083824055,0.885312468819285,0.99999993721917,FALSE,"genus"
"g__Lactonifactor",0,NA,NA,NA,NA,NA,NA,"genus"
"g__Lawsonibacter",4.40149336183613,-0.149176256770075,1.12378840810469,-0.132744078595423,0.894395781633665,0.99999993721917,FALSE,"genus"
"g__Lymphocryptovirus",0,NA,NA,NA,NA,NA,NA,"genus"
"g__Macavirus",0,NA,NA,NA,NA,NA,NA,"genus"
"g__Massiliomicrobiota",0,NA,NA,NA,NA,NA,NA,"genus"
"g__Megamonas",0,0,0,0,1,NA,NA,"genus"
"g__Megasphaera",1.36941438995362,-2.73731984798021,2.55141703944479,-1.07286257231231,0.283332781083785,0.99999993721917,FALSE,"genus"
"g__Methanobrevibacter",1.65671128147903,1.80583649547744,1.37747664658467,1.31097430940469,0.189866443336616,0.99999993721917,FALSE,"genus"
"g__Monoglobus",4.51811445029558,-2.01234937385873,1.22279290746457,-1.64569925256705,0.0998256929945762,0.962714192492708,FALSE,"genus"
"g__Myoviridae_unclassified",0.583378207935967,0.882577180181431,1.82640270044634,0.483232520388712,0.628930647026934,0.99999993721917,FALSE,"genus"
"g__N15virus",0.0164332478635099,0.507034815642814,3.62089012102343,0.14003043414626,0.888635944314497,0.99999993721917,FALSE,"genus"
"g__Nona33virus",0,NA,NA,NA,NA,NA,NA,"genus"
"g__Odoribacter",15.4982469688262,-0.216922036290856,0.903239497989166,-0.24016004257318,0.810206188666708,0.99999993721917,FALSE,"genus"
"g__Olsenella",0,0,0,0,1,NA,NA,"genus"
"g__Oscillibacter",11.5584136447269,2.93613018756622,1.30179268734458,2.25545143716806,0.0241050072219525,0.373338045098983,FALSE,"genus"
"g__Oxalobacter",0.0707656736122397,0.838963364443983,3.62038274590325,0.231733334104892,0.816745139141379,0.99999993721917,FALSE,"genus"
"g__P1virus",0.0616931513542603,0.507034808274509,3.62089012101977,0.140030432111458,0.888635945922194,0.99999993721917,FALSE,"genus"
"g__P22virus",0,NA,NA,NA,NA,NA,NA,"genus"
"g__P2virus",0.172537089958767,2.19359133037884,3.61404207194608,0.606963418441235,0.543875189385742,0.99999993721917,FALSE,"genus"
"g__Parabacteroides",61.0560908753484,-0.955237399266475,0.637363181057472,-1.49873326175134,0.133942844172898,0.962714192492708,FALSE,"genus"
"g__Paraprevotella",0.550690780621598,2.61627723408994,2.41527269206041,1.08322229729599,0.278709765030682,0.99999993721917,FALSE,"genus"
"g__Parasutterella",7.26879252409024,-2.66926582643976,1.39883820660168,-1.9082019734966,0.0563651166649478,0.6481988416469,FALSE,"genus"
"g__Pediococcus",0.0424790964637178,0.361578688011894,3.62078277740762,0.0998620216236154,0.920453867937323,0.99999993721917,FALSE,"genus"
"g__Peptostreptococcaceae_unclassified",0,NA,NA,NA,NA,NA,NA,"genus"
"g__Phascolarctobacterium",4.41376748782318,0.760856084174057,0.724574299374179,1.05007324277333,0.293684439635607,0.99999993721917,FALSE,"genus"
"g__Podoviridae_unclassified",0.0405098668263269,0.361578689412707,3.620782777409,0.0998620220104586,0.920453867630202,0.99999993721917,FALSE,"genus"
"g__Prevotella",9.87667924406909,2.50745723448955,2.71894451741682,0.922217139197754,0.356415324826992,0.99999993721917,FALSE,"genus"
"g__Propionibacterium",0.279308547307726,-0.213095209784955,3.62000723413103,-0.0588659624146049,0.953058869076653,0.99999993721917,FALSE,"genus"
"g__Proteobacteria_unclassified",5.09437051470206,-1.09575360412204,1.49772359480497,-0.731612700716463,0.464404993974937,0.99999993721917,FALSE,"genus"
"g__Pseudoflavonifractor",0.103885014785,0.223623471014531,3.09186554134576,0.0723263893672417,0.942342164009691,0.99999993721917,FALSE,"genus"
"g__Pyramidobacter",0,NA,NA,NA,NA,NA,NA,"genus"
"g__Retroviridae_unclassified",0.154807489537826,0.223080742472284,3.0462575660179,0.073231083596092,0.94162223165259,0.99999993721917,FALSE,"genus"
"g__Romboutsia",0,NA,NA,NA,NA,NA,NA,"genus"
"g__Roseburia",49.2569235103712,-1.09335173713555,0.789199901618092,-1.38539264246468,0.1659324395307,0.99999993721917,FALSE,"genus"
"g__Rothia",0,NA,NA,NA,NA,NA,NA,"genus"
"g__Ruminococcaceae_unclassified",30.3144236915741,-0.916296289699464,1.07148477128877,-0.855165014242202,0.392459801484881,0.99999993721917,FALSE,"genus"
"g__Ruminococcus",72.1453458485372,1.47568131933887,1.28663312539548,1.14693247842915,0.251409528268992,0.99999993721917,FALSE,"genus"
"g__Ruthenibacterium",3.3861011823972,1.36148005402888,0.611450456244155,2.22664001657926,0.0259713422677553,0.373338045098983,FALSE,"genus"
"g__Sellimonas",0.78561152497312,0.582957757715116,1.98072837400379,0.294314841634111,0.768517332648619,0.99999993721917,FALSE,"genus"
"g__Senegalimassilia",0,NA,NA,NA,NA,NA,NA,"genus"
"g__Sfi11virus",0.145160356127671,0.577254511964859,3.62092576290548,0.159421802534185,0.873336562637459,0.99999993721917,FALSE,"genus"
"g__Sfi21dt1virus",0.648944869044274,0.756009722417264,1.91727841868647,0.39431400001634,0.693349228367773,0.99999993721917,FALSE,"genus"
"g__Siphoviridae_unclassified",4.46577263457378,-0.158486781944862,0.883897592337155,-0.179304461646739,0.857698643739686,0.99999993721917,FALSE,"genus"
"g__Sk1virus",0.10095242948879,1.10076672708852,3.61992615771459,0.30408540924036,0.761062822565803,0.99999993721917,FALSE,"genus"
"g__Slackia",0.805671274904689,3.77831183232807,1.53865226893672,2.45559825868846,0.0140650295914744,0.32349568060391,FALSE,"genus"
"g__Streptococcus",14.5508227911867,-3.87326896359822,0.993405335361682,-3.89898143861692,9.65981783981491e-05,0.00555439525789357,TRUE,"genus"
"g__Subdoligranulum",2.39255543471074,-1.97536328653086,2.07699035819249,-0.951070032048647,0.341568826306839,0.99999993721917,FALSE,"genus"
"g__Sutterella",1.37240267229918,-2.71989155160176,2.77939795030974,-0.978590183999613,0.327782511326605,0.99999993721917,FALSE,"genus"
"g__T5virus",0,NA,NA,NA,NA,NA,NA,"genus"
"g__Turicibacter",0.0559524891868419,0.822229342174935,3.62037409900738,0.227111707157658,0.820336880898361,0.99999993721917,FALSE,"genus"
"g__Turicimonas",0.451025025370925,-1.32861797897067,2.05202851662731,-0.647465650796302,0.517330618460811,0.99999993721917,FALSE,"genus"
"g__Tyzzerella",0.420560918090206,-0.981188641394084,2.34645912556012,-0.418157141842335,0.675832228661171,0.99999993721917,FALSE,"genus"
"g__Veillonella",0.294858151591792,1.23827219358893,2.51051432596666,0.493234466253101,0.621846927255533,0.99999993721917,FALSE,"genus"
"g__Victivallales_unclassified",0,NA,NA,NA,NA,NA,NA,"genus"
"g__Weissella",0.136087833869692,0.285989323885239,3.62070998567443,0.0789870840295891,0.937042896415324,0.99999993721917,FALSE,"genus"
"s__Absiella_dolichum",1.0317808199167,-0.00128967900328909,0.467882447733103,-0.00275641672291322,0.997800700438634,NA,NA,"species"
"s__Acidaminococcus_intestini",6.4116772976584,-2.23269369666487,0.72257401346242,-3.08991695669525,0.002002124655198,0.0198392352196893,TRUE,"species"
"s__Actinomyces_graevenitzii",1.0317808199167,-0.00128967900328909,0.467882447733103,-0.00275641672291322,0.997800700438634,NA,NA,"species"
"s__Actinomyces_naeslundii",1.0317808199167,-0.00128967900328909,0.467882447733103,-0.00275641672291322,0.997800700438634,NA,NA,"species"
"s__Actinomyces_odontolyticus",1.0317808199167,-0.00128967900328909,0.467882447733103,-0.00275641672291322,0.997800700438634,NA,NA,"species"
"s__Actinomyces_oris",1.0317808199167,-0.00128967900328909,0.467882447733103,-0.00275641672291322,0.997800700438634,NA,NA,"species"
"s__Actinomyces_sp_HMSC035G02",1.04965155938613,-0.0323167382365981,0.466907234323055,-0.0692144731564344,0.944818902823326,NA,NA,"species"
"s__Actinomyces_sp_ICM47",1.04950732883116,-0.0323164244938579,0.466906759717587,-0.0692138715520092,0.944819381685814,NA,NA,"species"
"s__Actinomyces_sp_oral_taxon_181",1.0317808199167,-0.00128967900328909,0.467882447733103,-0.00275641672291322,0.997800700438634,NA,NA,"species"
"s__Actinomyces_viscosus",1.0317808199167,-0.00128967900328909,0.467882447733103,-0.00275641672291322,0.997800700438634,NA,NA,"species"
"s__Adlercreutzia_equolifaciens",1.40577531797489,0.278336528225658,0.388862371572191,0.715771307725992,0.474132571861682,0.67133069717954,FALSE,"species"
"s__Adoxophyes_orana_granulovirus",1.0496104635261,-0.0323166492509885,0.466907099005536,-0.0692143026306939,0.944819038557665,NA,NA,"species"
"s__Aeromonas_caviae",1.0317808199167,-0.00128967900328909,0.467882447733103,-0.00275641672291322,0.997800700438634,NA,NA,"species"
"s__Agathobaculum_butyriciproducens",2.40137631749674,-0.424359870620724,0.447426582964299,-0.948445816091764,0.342902544573012,0.598022037735334,FALSE,"species"
"s__Akkermansia_muciniphila",8.23980894997077,0.357514030453289,0.649322819755229,0.55059520407439,0.581911197255609,0.729798513063509,FALSE,"species"
"s__Alcelaphine_gammaherpesvirus_1",1.0317808199167,-0.00128967900328909,0.467882447733103,-0.00275641672291322,0.997800700438634,NA,NA,"species"
"s__Alistipes_finegoldii",22.2760772696854,-0.310185101409841,0.634305196455635,-0.489015545108396,0.624830691406836,0.749131772676294,FALSE,"species"
"s__Alistipes_indistinctus",1.31585669725892,0.191936794268992,0.403408442436553,0.475787747796526,0.63422559951096,0.749131772676294,FALSE,"species"
"s__Alistipes_inops",1.27934742484848,1.11406445856375,0.358390119155376,3.10852447938376,0.00188024069089596,0.0195186890769199,TRUE,"species"
"s__Alistipes_obesi",1.52560557187129,-0.68656273027155,0.470819578681221,-1.45822892963507,0.144777452248696,0.39605576707436,FALSE,"species"
"s__Alistipes_onderdonkii",1.56728406370735,-0.726474056981812,0.552914921410284,-1.31389844775547,0.188880381155933,0.445258985939784,FALSE,"species"
"s__Alistipes_putredinis",53.1918235201062,1.03755186052738,0.619389599842481,1.67511992579669,0.0939107041862046,0.309813330662959,FALSE,"species"
"s__Alistipes_shahii",2.65023945010544,-0.927294830023979,0.516455375445294,-1.79549845758591,0.0725743182830235,0.268155955689816,FALSE,"species"
"s__Allisonella_histaminiformans",1.0317808199167,-0.00128967900328909,0.467882447733103,-0.00275641672291322,0.997800700438634,NA,NA,"species"
"s__Anaerofustis_stercorihominis",1.0317808199167,-0.00128967900328909,0.467882447733103,-0.00275641672291322,0.997800700438634,NA,NA,"species"
"s__Anaeromassilibacillus_sp_An172",1.0851277781997,-0.0924374525103142,0.465112682949333,-0.198742059502995,0.842464521512585,NA,NA,"species"
"s__Anaeromassilibacillus_sp_An250",1.15598609745828,0.200341391643712,0.425737060203983,0.470575409967182,0.63794397114722,0.749131772676294,FALSE,"species"
"s__Anaerostipes_caccae",1.21036492703093,0.116280732695805,0.423757302789092,0.274404079718429,0.783774108137643,0.850063460567195,FALSE,"species"
"s__Anaerostipes_hadrus",7.01446809479614,-1.46663456349751,0.479128083516246,-3.0610490471235,0.00220562960758517,0.020905532802329,TRUE,"species"
"s__Anaerotignum_lactatifermentans",1.78025666660149,-0.35102440453115,0.497868912220948,-0.70505387244458,0.48077671100078,0.671854634603653,FALSE,"species"
"s__Anaerotruncus_colihominis",1.7987712142041,0.333323932506049,0.443757256675313,0.751140240507513,0.452568260264337,0.671155651276364,FALSE,"species"
"s__Asaccharobacter_celatus",1.83205757969619,-0.207366709622639,0.4214018053603,-0.492087852934897,0.622657238991284,0.749131772676294,FALSE,"species"
"s__Azospirillum_sp_CAG_260",1.08449403308027,-0.0924353731434816,0.465109667440674,-0.198738877332134,0.84246701086695,NA,NA,"species"
"s__Bacteroides_caccae",17.288574723496,0.935349672564574,0.639768671945965,1.46201230785426,0.143737837166763,0.39605576707436,FALSE,"species"
"s__Bacteroides_cellulosilyticus",5.43576740978948,-2.67482051852429,0.736912087415017,-3.62976882073842,0.000283675167103875,0.00412274576190965,TRUE,"species"
"s__Bacteroides_clarus",1.0674338788138,0.221103728579663,0.440735821546559,0.501669521219768,0.615900007449723,NA,NA,"species"
"s__Bacteroides_coprocola",5.08598010536766,-2.57462415912629,0.748839462680283,-3.43815235098731,0.000585698069785312,0.00709345440073323,TRUE,"species"
"s__Bacteroides_coprophilus",3.15147264532982,1.42755631949153,0.542964447040493,2.62918930930493,0.00855887002526327,0.0565404141062846,FALSE,"species"
"s__Bacteroides_dorei",31.509760059498,-4.66626065390882,0.832892128380521,-5.60247899446704,2.11307650818604e-08,1.15162669696139e-06,TRUE,"species"
"s__Bacteroides_eggerthii",25.4598045981571,-0.162489380851428,0.810951166881007,-0.200368884696691,0.841192092439253,0.890193573552219,FALSE,"species"
"s__Bacteroides_faecis",2.97064602741511,-1.88884709749463,0.681167161870498,-2.77295677658304,0.00555494985042602,0.0417578988756163,TRUE,"species"
"s__Bacteroides_faecis_CAG_32",1.88620677511562,-0.778584702352963,0.538983029688981,-1.44454400132457,0.148586011809054,0.39605576707436,FALSE,"species"
"s__Bacteroides_finegoldii",10.3898259995769,-0.351829389794414,0.636915160458906,-0.552396004423754,0.580677067516258,0.729798513063509,FALSE,"species"
"s__Bacteroides_fluxus",2.14426258363544,-1.24170010159495,0.61611993917238,-2.01535451565307,0.0438675166170321,0.177094789305796,FALSE,"species"
"s__Bacteroides_fragilis",8.44429379966447,0.654963468665172,0.703981983329563,0.930369646063168,0.352179729038111,0.598713059198184,FALSE,"species"
"s__Bacteroides_intestinalis",5.91850723887914,0.371936950019419,0.644260023599149,0.577308751739086,0.563730902652859,0.729798513063509,FALSE,"species"
"s__Bacteroides_massiliensis",1.96789068600354,-0.738676516304172,0.52165189585833,-1.41603341647737,0.156765720876198,0.402057966482485,FALSE,"species"
"s__Bacteroides_nordii",1.0317808199167,-0.00128967900328909,0.467882447733103,-0.00275641672291322,0.997800700438634,NA,NA,"species"
"s__Bacteroides_ovatus",16.9509822248291,-0.502406104485852,0.67518785178537,-0.744098258221562,0.456817032987639,0.67133069717954,FALSE,"species"
"s__Bacteroides_pectinophilus",1.24394212341882,0.998634164455158,0.366251659759958,2.72663382634133,0.00639840004957282,0.0464950403602291,TRUE,"species"
"s__Bacteroides_plebeius",28.9459879442172,-0.0450908680767908,0.873104409502007,-0.0516443023148965,0.958812118275838,0.978130108866302,FALSE,"species"
"s__Bacteroides_salyersiae",2.85999785447691,1.67270537711196,0.481335656435751,3.47513290309345,0.0005106003127838,0.00666510512647368,TRUE,"species"
"s__Bacteroides_sartorii",1.0139511763073,-0.126820824619426,0.484396413412964,-0.261812063648182,0.793466337952644,NA,NA,"species"
"s__Bacteroides_sp_CAG_144",1.08475614199854,-0.0924362356071477,0.465110912158668,-0.198740199790483,0.842465976331654,NA,NA,"species"
"s__Bacteroides_sp_CAG_443",1.0317808199167,-0.00128967900328909,0.467882447733103,-0.00275641672291322,0.997800700438634,NA,NA,"species"
"s__Bacteroides_sp_CAG_770",1.0317808199167,-0.00128967900328909,0.467882447733103,-0.00275641672291322,0.997800700438634,NA,NA,"species"
"s__Bacteroides_stercoris",28.8678814015202,-0.149934581052334,0.79513397191453,-0.188565180646628,0.850433624995485,0.895625749995245,FALSE,"species"
"s__Bacteroides_thetaiotaomicron",18.4979570129263,-1.62997523108783,0.635995141646717,-2.56287371451848,0.0103809799667033,0.0611136376576771,FALSE,"species"
"s__Bacteroides_uniformis",91.9665761529558,0.0544469478070332,0.512901173715969,0.106154851260263,0.915459491943257,0.945137137414564,FALSE,"species"
"s__Bacteroides_vulgatus",93.4368857415117,0.0153284076539474,0.559159992457363,0.0274132768093495,0.978130108866302,0.978130108866302,FALSE,"species"
"s__Bacteroides_xylanisolvens",6.55332744523154,-0.805320837055124,0.629204882427885,-1.27990239673231,0.200579464620788,0.460277087235072,FALSE,"species"
"s__Barnesiella_intestinihominis",9.88631246639327,-2.1006479394324,0.70818824918518,-2.96622817711158,0.00301476727163769,0.0262887706086806,TRUE,"species"
"s__Bifidobacterium_adolescentis",9.04323999675061,-1.95877169049672,0.727404757568644,-2.69282221502637,0.00708500378191026,0.0482665882642636,TRUE,"species"
"s__Bifidobacterium_animalis",1.03160961700125,0.145895631968094,0.454507514708757,0.320997183207371,0.748212525521695,NA,NA,"species"
"s__Bifidobacterium_bifidum",2.28004853487502,-0.178937752662067,0.498905442272463,-0.358660654906919,0.719848965437987,0.804754228028108,FALSE,"species"
"s__Bifidobacterium_catenulatum",1.15678757616097,-0.205651376607082,0.462161832634897,-0.444976980108057,0.656336389974723,0.749131772676294,FALSE,"species"
"s__Bifidobacterium_dentium",1.24469726131091,-0.335698916641763,0.459786644661863,-0.730118894359454,0.465317513005406,0.67133069717954,FALSE,"species"
"s__Bifidobacterium_kashiwanohense",1.0317808199167,-0.00128967900328909,0.467882447733103,-0.00275641672291322,0.997800700438634,NA,NA,"species"
"s__Bifidobacterium_longum",4.21695582453724,-1.4258568540249,0.623171601866927,-2.28806455517749,0.0221337620056602,0.104894785157259,FALSE,"species"
"s__Bifidobacterium_pseudocatenulatum",1.85160241233564,-1.00192623460719,0.562133517261353,-1.78236344896931,0.0746899819748582,0.271373601175318,FALSE,"species"
"s__Bifidobacterium_pullorum",1.04965155938613,-0.0323167382365981,0.466907234323055,-0.0692144731564344,0.944818902823326,NA,NA,"species"
"s__Bilophila_wadsworthia",1.44081127658843,-0.449738362330098,0.445804367515891,-1.00882448692939,0.313058815267278,0.559400178100545,FALSE,"species"
"s__Blautia_coccoides",1.0317808199167,-0.00128967900328909,0.467882447733103,-0.00275641672291322,0.997800700438634,NA,NA,"species"
"s__Blautia_hansenii",1.29865227776764,-0.40846477804471,0.459171611997992,-0.889568883118359,0.373697420764079,0.599474728640122,FALSE,"species"
"s__Blautia_hydrogenotrophica",2.01391308028982,-0.6637400071496,0.539662547421555,-1.22991675134929,0.218728280639313,0.483392933898807,FALSE,"species"
"s__Blautia_obeum",10.5317459847449,-0.345618902888554,0.544227082160631,-0.635063770653264,0.525386824613486,0.711393340159876,FALSE,"species"
"s__Blautia_producta",1.21058289343943,0.11627808789145,0.42374344925971,0.274406809343226,0.783772010684886,0.850063460567195,FALSE,"species"
"s__Blautia_sp",1.10241458269249,0.289606621987788,0.428408399350559,0.676005938321503,0.49903687479257,NA,NA,"species"
"s__Blautia_sp_CAG_257",6.82991716040215,-2.89639042225072,0.67303634339067,-4.30346808265818,1.68145080956308e-05,0.000305463563737293,TRUE,"species"
"s__Blautia_sp_CAG_52",2.94723177546611,-0.849810703837755,0.56053439838986,-1.51607235216758,0.12950105844145,0.376416409869815,FALSE,"species"
"s__Blautia_sp_N6H1_15",1.53216152506084,-0.688303515598966,0.566005294263597,-1.21607257489435,0.223957276714585,0.483392933898807,FALSE,"species"
"s__Blautia_wexlerae",8.02988047146295,-2.82906373995645,0.648097240934536,-4.36518405151213,1.27015766938317e-05,0.000301219981144061,TRUE,"species"
"s__Butyricimonas_sp",1.04943926061065,-0.0323162750154488,0.466906536030276,-0.0692135845649274,0.944819610120557,NA,NA,"species"
"s__Butyricimonas_synergistica",1.19112948890576,0.0167404006264977,0.434942998073603,0.0384887231215175,0.969298022468567,0.978130108866302,FALSE,"species"
"s__Butyricimonas_virosa",2.36686121001184,0.216653595299408,0.471193603303752,0.459797403403508,0.645661647179029,0.749131772676294,FALSE,"species"
"s__Butyrivibrio_sp_CAG_318",1.20984607333402,0.873193200320467,0.375970123512084,2.32250688475889,0.0202056581389873,0.0978851883177609,FALSE,"species"
"s__Callitrichine_gammaherpesvirus_3",1.0317808199167,-0.00128967900328909,0.467882447733103,-0.00275641672291322,0.997800700438634,NA,NA,"species"
"s__Campylobacter_concisus",1.0317808199167,-0.00128967900328909,0.467882447733103,-0.00275641672291322,0.997800700438634,NA,NA,"species"
"s__Candidatus_Gastranaerophilales_bacterium",1.0317808199167,-0.00128967900328909,0.467882447733103,-0.00275641672291322,0.997800700438634,NA,NA,"species"
"s__Candidatus_Gastranaerophilales_bacterium_HUM_10",1.08449403308027,-0.0924353731434816,0.465109667440674,-0.198738877332134,0.84246701086695,NA,NA,"species"
"s__Candidatus_Gastranaerophilales_bacterium_HUM_11",1.06692296202575,-0.0626890213608491,0.465982071084417,-0.134530972865461,0.892982720891596,NA,NA,"species"
"s__Candidatus_Gastranaerophilales_bacterium_HUM_21",1.04943926061065,-0.0323162750154488,0.466906536030276,-0.0692135845649274,0.944819610120557,NA,NA,"species"
"s__Candidatus_Stoquefichus_sp_KLE1796",1.54922269171363,-0.707193942606801,0.542032484155716,-1.30470767579243,0.191992406781375,0.445258985939784,FALSE,"species"
"s__Catenibacterium_mitsuokai",1.29860403137348,-0.269123874276811,0.446322658542858,-0.602980532414462,0.54652164005364,0.721374010139574,FALSE,"species"
"s__Christensenella_minuta",1.06748120299553,-0.06269051979172,0.465984150185439,-0.13453358824924,0.892980652916265,NA,NA,"species"
"s__Citrobacter_braakii",1.19070678616223,0.806023107776976,0.38164324768225,2.11198052807699,0.034688119475455,0.148274706777435,FALSE,"species"
"s__Citrobacter_freundii",1.0317808199167,-0.00128967900328909,0.467882447733103,-0.00275641672291322,0.997800700438634,NA,NA,"species"
"s__Citrobacter_portucalensis",1.10241458269249,0.413740569835869,0.419314855648175,0.986706204807151,0.323786687382929,NA,NA,"species"
"s__Citrobacter_youngae",1.13773146408039,0.583656921573498,0.401999266424006,1.45188553891014,0.146533434140686,NA,NA,"species"
"s__Clostridiales_bacterium_1_7_47FAA",1.0317808199167,-0.00128967900328909,0.467882447733103,-0.00275641672291322,0.997800700438634,NA,NA,"species"
"s__Clostridiales_bacterium_KLE1615",1.0317808199167,-0.00128967900328909,0.467882447733103,-0.00275641672291322,0.997800700438634,NA,NA,"species"
"s__Clostridiales_Family_XIII_bacterium",1.04943926061065,-0.0323162750154488,0.466906536030276,-0.0692135845649274,0.944819610120557,NA,NA,"species"
"s__Clostridium_aldenense",1.0317808199167,-0.00128967900328909,0.467882447733103,-0.00275641672291322,0.997800700438634,NA,NA,"species"
"s__Clostridium_asparagiforme",1.99393708314149,-1.12223607271846,0.580574206557737,-1.93297611234276,0.0532391405647778,0.211020593511301,FALSE,"species"
"s__Clostridium_bolteae",1.45931003383531,-0.470851539722925,0.446452649881004,-1.05465056562756,0.291585168407962,0.538691243329965,FALSE,"species"
"s__Clostridium_bolteae_CAG_59",1.17434347331359,-0.232617076487631,0.461559930111103,-0.503980222961809,0.614275274736684,0.749131772676294,FALSE,"species"
"s__Clostridium_citroniae",1.13853995553982,-0.178167442259155,0.4628122852075,-0.384966968150542,0.700261888634999,NA,NA,"species"
"s__Clostridium_clostridioforme",2.403729634958,-0.129611153578077,0.546363159426375,-0.23722528018572,0.812482025235514,0.868240595594814,FALSE,"species"
"s__Clostridium_disporicum",2.11308945157053,-0.458381451792567,0.481631428884909,-0.951726619780251,0.341235645409233,0.598022037735334,FALSE,"species"
"s__Clostridium_hiranonis",1.0317808199167,-0.00128967900328909,0.467882447733103,-0.00275641672291322,0.997800700438634,NA,NA,"species"
"s__Clostridium_hylemonae",1.0496104635261,-0.0323166492509885,0.466907099005536,-0.0692143026306939,0.944819038557665,NA,NA,"species"
"s__Clostridium_innocuum",1.08531084660493,0.0527872737268148,0.451522807785027,0.116909429195318,0.906931825979514,NA,NA,"species"
"s__Clostridium_lavalense",1.13864931855645,0.229494043723422,0.426566025095646,0.538003568549474,0.590574584939761,NA,NA,"species"
"s__Clostridium_leptum",1.72559231175906,-0.513572920408181,0.451915999678056,-1.13643447183558,0.255774775612873,0.506899100760057,FALSE,"species"
"s__Clostridium_methylpentosum",1.0317808199167,-0.00128967900328909,0.467882447733103,-0.00275641672291322,0.997800700438634,NA,NA,"species"
"s__Clostridium_paraputrificum",1.04943926061065,0.114186527619129,0.453456087738996,0.251813859614237,0.801184944035546,NA,NA,"species"
"s__Clostridium_perfringens",1.10291096667017,0.28960940492084,0.428410440654586,0.676009213216965,0.499034795554583,NA,NA,"species"
"s__Clostridium_phage_phi24R",1.08477978837035,-0.0924363189943723,0.465111811878678,-0.198739994628397,0.842466136826233,NA,NA,"species"
"s__Clostridium_phage_phiCP39_O",1.0317808199167,-0.00128967900328909,0.467882447733103,-0.00275641672291322,0.997800700438634,NA,NA,"species"
"s__Clostridium_phage_PhiS63",1.04965155938613,0.114188301864102,0.453456605412614,0.251817484851057,0.80118214178546,NA,NA,"species"
"s__Clostridium_phage_vB_CpeS_CP51",1.13865554687815,-0.178168121853713,0.462819452155897,-0.3849624751591,0.700265217490177,NA,NA,"species"
"s__Clostridium_saccharolyticum",1.22777036530688,-0.310621582630046,0.460138458446383,-0.675061118948483,0.499636934775964,0.68669229008627,FALSE,"species"
"s__Clostridium_scindens",1.06751753073028,0.0831608682377347,0.452461937100721,0.18379638466522,0.854173192442898,NA,NA,"species"
"s__Clostridium_sp_44_14",1.0317808199167,-0.00128967900328909,0.467882447733103,-0.00275641672291322,0.997800700438634,NA,NA,"species"
"s__Clostridium_sp_AF36_4",1.0317808199167,-0.00128967900328909,0.467882447733103,-0.00275641672291322,0.997800700438634,NA,NA,"species"
"s__Clostridium_sp_AM22_11AC",1.29684233356854,-0.269108950016983,0.445054618453356,-0.604664998089862,0.545401609445932,0.721374010139574,FALSE,"species"
"s__Clostridium_sp_CAG_122",1.4193054491499,-0.299019151882939,0.47060472301397,-0.635393435849692,0.52517184815244,0.711393340159876,FALSE,"species"
"s__Clostridium_sp_CAG_12237_41",1.15504042621664,-0.205639161056342,0.462147804920988,-0.444964054500919,0.656345731034012,0.749131772676294,FALSE,"species"
"s__Clostridium_sp_CAG_138",1.38398856776201,-0.521862662814646,0.462916492691804,-1.12733650896747,0.259600231946873,0.509845500580346,FALSE,"species"
"s__Clostridium_sp_CAG_167",1.70634828969858,0.509271194512417,0.390090887298825,1.305519331761,0.191716068822825,0.445258985939784,FALSE,"species"
"s__Clostridium_sp_CAG_169",2.25546433380871,-1.07442943950117,0.572076767186118,-1.8781210864164,0.0603646023167679,0.230868128158867,FALSE,"species"
"s__Clostridium_sp_CAG_217",2.4950734437586,-1.4829530635048,0.614160652150606,-2.41460122577365,0.0157524452216895,0.0837569038616659,FALSE,"species"
"s__Clostridium_sp_CAG_221",1.10232721305307,-0.121581415948131,0.464289462962512,-0.26186555079745,0.793425099534907,NA,NA,"species"
"s__Clostridium_sp_CAG_230",1.04943926061065,0.114186527619129,0.453456087738996,0.251813859614238,0.801184944035546,NA,NA,"species"
"s__Clostridium_sp_CAG_242",1.72406041657612,-0.886548466206459,0.516722456736925,-1.71571499292863,0.086214219285142,0.298895485970856,FALSE,"species"
"s__Clostridium_sp_CAG_245",1.12007302338644,-0.15014981453706,0.463523704934954,-0.323931253004915,0.745990082149788,NA,NA,"species"
"s__Clostridium_sp_CAG_253",1.70536078131889,0.506483259484378,0.433112439097412,1.16940363232205,0.24224104708189,0.493537834241608,FALSE,"species"
"s__Clostridium_sp_CAG_265",1.1020651041348,-0.121580363071513,0.46428941359952,-0.261863310922665,0.793426826459478,NA,NA,"species"
"s__Clostridium_sp_CAG_273",1.15530253513491,-0.20564099096581,0.462150298882178,-0.444965612838944,0.656344604853667,0.749131772676294,FALSE,"species"
"s__Clostridium_sp_CAG_277",1.04943926061065,-0.0323162750154488,0.466906536030276,-0.0692135845649274,0.944819610120557,NA,NA,"species"
"s__Clostridium_sp_CAG_299",2.01282511287412,-0.885277877482331,0.530999007866757,-1.66719309145013,0.0954760160202126,0.309813330662959,FALSE,"species"
"s__Clostridium_sp_CAG_306",1.04943926061065,-0.0323162750154488,0.466906536030276,-0.0692135845649274,0.944819610120557,NA,NA,"species"
"s__Clostridium_sp_CAG_389",1.1723493883529,-0.232600327680285,0.461549009988767,-0.50395585874173,0.614292396192792,0.749131772676294,FALSE,"species"
"s__Clostridium_sp_CAG_440",1.48862866733434,-0.645141862533973,0.538448773405241,-1.1981490058079,0.230859013523138,0.487233622274853,FALSE,"species"
"s__Clostridium_sp_CAG_451",1.06692296202575,-0.0626890218039692,0.465981939765441,-0.134531011728748,0.892982690162518,NA,NA,"species"
"s__Clostridium_sp_CAG_505",1.04943926061065,0.114186527619129,0.453456087738996,0.251813859614238,0.801184944035546,NA,NA,"species"
"s__Clostridium_sp_CAG_58",3.57590613433839,-0.69021727248492,0.434863791607581,-1.58720336299641,0.112466593356083,0.340523852105918,FALSE,"species"
"s__Clostridium_sp_CAG_75",2.74098004237389,-0.985584878598175,0.607269093845196,-1.62297882205317,0.10459393214959,0.325735388694438,FALSE,"species"
"s__Clostridium_spiroforme",1.15588919108504,0.322591191205587,0.416447613994918,0.77462610029391,0.438560629954429,0.659353222965969,FALSE,"species"
"s__Clostridium_symbiosum",1.76205307768054,-0.232433270400804,0.429259458757668,-0.541475011578069,0.588180216715072,0.731712459178411,FALSE,"species"
"s__Collinsella_aerofaciens",13.0379225219194,-0.809019638836857,0.562131103091763,-1.43920098778948,0.150093585621258,0.39605576707436,FALSE,"species"
"s__Collinsella_intestinalis",1.42394205688986,-0.565241834672264,0.46176251867166,-1.22409639547679,0.220915865652559,0.483392933898807,FALSE,"species"
"s__Collinsella_massiliensis",1.04956313934437,0.114187566991715,0.453456389111196,0.251815984367383,0.801183301635033,NA,NA,"species"
"s__Collinsella_stercoris",1.37081303455043,-0.500141155332028,0.459841903842738,-1.08763718824344,0.276755306747406,0.520109110956333,FALSE,"species"
"s__Collinsella_tanakaei",1.08475614199854,0.320633931417193,0.429429034807431,0.746651729222208,0.455273814447972,NA,NA,"species"
"s__Coprobacillus_cateniformis",1.12113451726387,-0.150154938314555,0.463532685801228,-0.323936030649075,0.745986464987874,NA,NA,"species"
"s__Coprobacter_fastidiosus",1.42276926345737,0.538799030978276,0.374675733522639,1.43804090516505,0.150422448243844,0.39605576707436,FALSE,"species"
"s__Coprobacter_secundus",1.04943926061065,0.114186527619129,0.453456087738996,0.251813859614237,0.801184944035546,NA,NA,"species"
"s__Coprobacter_sp",1.12113451726387,-0.150154938314555,0.463532685801228,-0.323936030649075,0.745986464987874,NA,NA,"species"
"s__Coprococcus_catus",2.04340839081434,-0.398612350504286,0.44467131709066,-0.896420198883698,0.370028383350977,0.599474728640122,FALSE,"species"
"s__Coprococcus_comes",4.44271183265414,0.3370139731462,0.434013312540459,0.776506073450876,0.437450236173897,0.659353222965969,FALSE,"species"
"s__Coprococcus_eutactus",4.86695305544709,-0.0230947743930388,0.637690799388848,-0.0362162578089137,0.971109922636576,0.978130108866302,FALSE,"species"
"s__Cyprinid_herpesvirus_3",1.04956313934437,-0.0323165463759506,0.466906943266071,-0.0692141053844528,0.944819195560874,NA,NA,"species"
"s__Desulfovibrio_desulfuricans",1.06692296202575,-0.0626890213608491,0.465982071084417,-0.134530972865461,0.892982720891596,NA,NA,"species"
"s__Desulfovibrio_piger",1.12007302338644,-0.150149806085795,0.463525402090699,-0.32393004872776,0.745990993910801,NA,NA,"species"
"s__Desulfovibrio_sp_MES5",1.0317808199167,-0.00128967900328909,0.467882447733103,-0.00275641672291322,0.997800700438634,NA,NA,"species"
"s__Desulfovibrionaceae_bacterium",1.13857502201425,0.470190124344541,0.409193756240745,1.14906475764481,0.250529279081513,NA,NA,"species"
"s__Dialister_invisus",1.13849388069652,0.10081154509582,0.437056232943737,0.230660353284098,0.817578676464331,NA,NA,"species"
"s__Dialister_sp_CAG_357",1.40542917614342,-0.543818462193686,0.464944581847637,-1.16964146572612,0.24214528300853,0.493537834241608,FALSE,"species"
"s__Dielma_fastidiosa",1.12088112262835,0.382723711369834,0.418293249227454,0.914965068350223,0.360209968677239,NA,NA,"species"
"s__Dorea_formicigenerans",2.64873228485456,-0.174537810249366,0.390682983504169,-0.446750479593138,0.655055229850564,0.749131772676294,FALSE,"species"
"s__Dorea_longicatena",6.89782817004227,-1.30929623786635,0.501412868709925,-2.61121387098622,0.00902214510072257,0.0578478715281624,FALSE,"species"
"s__Dorea_sp_CAG_317",2.13592017773491,-0.566896937087103,0.483836166531269,-1.17167127284286,0.241329060830733,0.493537834241608,FALSE,"species"
"s__Dorea_sp_OM02_2LB",1.0317808199167,-0.00128967900328909,0.467882447733103,-0.00275641672291322,0.997800700438634,NA,NA,"species"
"s__Eggerthella_lenta",4.0492735217697,-1.2851363559711,0.583910504284438,-2.20091323334898,0.0277421669183688,0.125995674754258,FALSE,"species"
"s__Eggerthella_sp_CAG_209",1.0317808199167,-0.00128967900328909,0.467882447733103,-0.00275641672291322,0.997800700438634,NA,NA,"species"
"s__Eggerthella_sp_CAG_298",1.0317808199167,-0.00128967900328909,0.467882447733103,-0.00275641672291322,0.997800700438634,NA,NA,"species"
"s__Eggerthella_sp_CAG_368",1.04950732883116,-0.0323164244938579,0.466906759717587,-0.0692138715520092,0.944819381685814,NA,NA,"species"
"s__Eisenbergiella_massiliensis",1.53171862703864,-0.687475695746952,0.475518227836782,-1.44573994329177,0.148250156492048,0.39605576707436,FALSE,"species"
"s__Eisenbergiella_tayi",1.49540646757989,-0.150858116921536,0.437873900494461,-0.344524112424108,0.730452165604902,0.812441694397289,FALSE,"species"
"s__Enorma_massiliensis",1.0317808199167,-0.00128967900328909,0.467882447733103,-0.00275641672291322,0.997800700438634,NA,NA,"species"
"s__Enterobacter_cloacae_complex",1.61869360503255,0.285682743852482,0.475357904769667,0.600984523421164,0.547850294509873,0.721374010139574,FALSE,"species"
"s__Enterobacter_mori",1.0317808199167,-0.00128967900328909,0.467882447733103,-0.00275641672291322,0.997800700438634,NA,NA,"species"
"s__Enterobacteria_phage_ES18",1.19226379497454,0.806084429828408,0.381610423133923,2.11232288470674,0.0346587642896333,0.148274706777435,FALSE,"species"
"s__Enterobacteria_phage_HK225",1.06734545877204,0.221102827681964,0.440735687946368,0.501667629213792,0.615901338556283,NA,NA,"species"
"s__Enterobacteria_phage_mEp237",1.0674338788138,-0.062690393419478,0.465983962278387,-0.134533371305224,0.892980824453156,NA,NA,"species"
"s__Enterobacteria_phage_mEp460",1.04956313934437,-0.0323165463759506,0.466906943266071,-0.0692141053844528,0.944819195560874,NA,NA,"species"
"s__Enterobacteria_phage_P4",1.19211750534587,-0.259089515218061,0.461051799143527,-0.56195315949175,0.574147933218609,0.729798513063509,FALSE,"species"
"s__Enterobacterial_phage_mEp390",1.08496034666008,0.320636495791179,0.429429823849252,0.746656328890039,0.455271037238552,NA,NA,"species"
"s__Enterococcus_faecalis",1.63575393677921,-0.540221286246901,0.550653897011613,-0.981054141591788,0.326566043133758,0.578791848806173,FALSE,"species"
"s__Enterococcus_faecium",1.24554637254944,0.296807291338469,0.404819940915928,0.733183475761905,0.463446532320466,0.67133069717954,FALSE,"species"
"s__Enterorhabdus_caecimuris",1.0317808199167,-0.00128967900328909,0.467882447733103,-0.00275641672291322,0.997800700438634,NA,NA,"species"
"s__Erysipelatoclostridium_ramosum",1.26362120726238,-0.360381193577548,0.459510139800348,-0.784272559761423,0.432880197023176,0.659353222965969,FALSE,"species"
"s__Escherichia_coli",2.59559326652156,-0.407019832678579,0.513516485522272,-0.792612981576666,0.428003343013374,0.659353222965969,FALSE,"species"
"s__Escherichia_phage_HK639",1.56680650480656,1.74178658922402,0.371600652861227,4.6872538457958,2.76895434540199e-06,0.000100605341216272,TRUE,"species"
"s__Escherichia_phage_TL_2011b",1.10326377779443,-0.121585139209105,0.464296264931688,-0.261869733599933,0.793421874632177,NA,NA,"species"
"s__Escherichia_virus_HK544",1.0317808199167,-0.00128967900328909,0.467882447733103,-0.00275641672291322,0.997800700438634,NA,NA,"species"
"s__Escherichia_virus_Min27",1.0317808199167,-0.00128967900328909,0.467882447733103,-0.00275641672291322,0.997800700438634,NA,NA,"species"
"s__Escherichia_virus_N15",1.0674401071355,-0.0626904106549162,0.465984119834346,-0.134533362804729,0.892980831174469,NA,NA,"species"
"s__Escherichia_virus_P1",1.06692296202575,-0.0626890218039692,0.465981939765441,-0.134531011728748,0.892982690162518,NA,NA,"species"
"s__Escherichia_virus_P2",1.0317808199167,-0.00128967900328909,0.467882447733103,-0.00275641672291322,0.997800700438634,NA,NA,"species"
"s__Escherichia_virus_T5",1.0317808199167,-0.00128967900328909,0.467882447733103,-0.00275641672291322,0.997800700438634,NA,NA,"species"
"s__Escherichia_virus_wV8",1.29822012850276,-0.408419918144117,0.470372071222995,-0.868291174436019,0.38523495240422,0.608559562493623,FALSE,"species"
"s__Eubacterium_coprostanoligenes",1.49628121748712,-0.648504364576558,0.543093841690864,-1.19409264991389,0.232441728057728,0.487233622274853,FALSE,"species"
"s__Eubacterium_dolichum_CAG_375",1.0317808199167,-0.00128967900328909,0.467882447733103,-0.00275641672291322,0.997800700438634,NA,NA,"species"
"s__Eubacterium_eligens",5.80967041432165,0.408518577527203,0.540351538320199,0.75602371522282,0.44963497713519,0.671155651276364,FALSE,"species"
"s__Eubacterium_hallii",7.86072884623541,-1.69608042342108,0.496071523007423,-3.41902396077611,0.000628461920942603,0.00721077361923618,TRUE,"species"
"s__Eubacterium_ramulus",1.84701936402886,-0.318391296561997,0.448049775659694,-0.710615904434297,0.477322284691875,0.67133069717954,FALSE,"species"
"s__Eubacterium_rectale",25.9386398041285,-0.441912700013494,0.656473252755081,-0.673161774922098,0.500844376714298,0.68669229008627,FALSE,"species"
"s__Eubacterium_siraeum",16.1982982134718,-0.401324757506595,0.71993804082978,-0.557443467001744,0.577224474273094,0.729798513063509,FALSE,"species"
"s__Eubacterium_sp_36_13",1.29569636429226,0.104437508530706,0.412424751686005,0.25322803275934,0.800092005289309,0.859212104202312,FALSE,"species"
"s__Eubacterium_sp_CAG_161",1.0670977013046,-0.0626894937806148,0.46598263018194,-0.134531825265972,0.892982046901243,NA,NA,"species"
"s__Eubacterium_sp_CAG_180",1.15654722932245,0.870209591727953,0.383817472369779,2.26724850839925,0.0233750490522358,0.108420440284838,FALSE,"species"
"s__Eubacterium_sp_CAG_251",2.19872445052192,-1.28151455053168,0.611243742453573,-2.09656878512587,0.0360317649256301,0.151056245265141,FALSE,"species"
"s__Eubacterium_sp_CAG_252",1.08475614199854,-0.0924362356071477,0.465110912158668,-0.198740199790483,0.842465976331654,NA,NA,"species"
"s__Eubacterium_sp_CAG_274",1.0317808199167,-0.00128967900328909,0.467882447733103,-0.00275641672291322,0.997800700438634,NA,NA,"species"
"s__Eubacterium_sp_CAG_38",2.9680943378314,-1.02497367322172,0.534902096905107,-1.91618929735389,0.0553410051705251,0.215434627270973,FALSE,"species"
"s__Eubacterium_sp_CAG_581",1.13773146408039,0.583656921573498,0.401999266424006,1.45188553891014,0.146533434140686,NA,NA,"species"
"s__Eubacterium_sp_OM08_24",1.0317808199167,-0.00128967900328909,0.467882447733103,-0.00275641672291322,0.997800700438634,NA,NA,"species"
"s__Eubacterium_ventriosum",1.51140764413384,0.329824013173142,0.379092705150734,0.870035241226808,0.384281145564707,0.608559562493623,FALSE,"species"
"s__Faecalibacterium_prausnitzii",66.1302099325524,0.955375595816981,0.629988248923875,1.51649748618156,0.129393605486295,0.376416409869815,FALSE,"species"
"s__Faecalicatena_orotica",1.12092903796369,0.501215539110953,0.4102227332986,1.22181317227517,0.221778286144902,NA,NA,"species"
"s__Faecalicoccus_pleomorphus",1.0317808199167,-0.00128967900328909,0.467882447733103,-0.00275641672291322,0.997800700438634,NA,NA,"species"
"s__Faecalitalea_cylindroides",1.31688391475162,-0.431943088695121,0.461198493645545,-0.936566564389283,0.348981557621726,0.598713059198184,FALSE,"species"
"s__Firmicutes_bacterium_AF16_15",1.10223984341365,0.0230401477988769,0.450634690738045,0.0511282159860838,0.959223352285014,NA,NA,"species"
"s__Firmicutes_bacterium_AM10_47",1.102482650913,-0.121582036136697,0.46429005544448,-0.261866552408283,0.793424327301729,NA,NA,"species"
"s__Firmicutes_bacterium_CAG_102",1.04943926061065,-0.0323162750154488,0.466906536030276,-0.0692135845649274,0.944819610120557,NA,NA,"species"
"s__Firmicutes_bacterium_CAG_103",2.11022088320492,0.790204880545359,0.475634297129166,1.66137069028638,0.096639020573767,0.309813330662959,FALSE,"species"
"s__Firmicutes_bacterium_CAG_110",3.96207202498135,2.83346421445823,0.432459822101799,6.55197100319586,5.67825695903626e-11,1.2378600170699e-08,TRUE,"species"
"s__Firmicutes_bacterium_CAG_114",1.72420070777405,-0.402377133419671,0.435183026594031,-0.924615871553822,0.355165754187773,0.598713059198184,FALSE,"species"
"s__Firmicutes_bacterium_CAG_124",1.59615550137105,1.28234820543878,0.440260238417898,2.91270501748461,0.00358312903714054,0.0300431588498707,TRUE,"species"
"s__Firmicutes_bacterium_CAG_129",1.57823141539544,-0.483322779711003,0.457496718051899,-1.05645081295681,0.290762301580931,0.538691243329965,FALSE,"species"
"s__Firmicutes_bacterium_CAG_137",1.43954254266579,0.690388320008382,0.399390071459945,1.72860661629547,0.0838795246842056,0.298895485970856,FALSE,"species"
"s__Firmicutes_bacterium_CAG_145",1.67327031861362,-0.702342295398095,0.501202131578135,-1.4013154596662,0.161119760205414,0.402714285681136,FALSE,"species"
"s__Firmicutes_bacterium_CAG_170",2.20618236338663,2.60156760086591,0.42632759582751,6.10227352469694,1.04570221411878e-09,1.13981541338947e-07,TRUE,"species"
"s__Firmicutes_bacterium_CAG_176",1.5085587186533,-0.666106636109887,0.528400584898156,-1.26060919527232,0.20744968405813,0.471083657548671,FALSE,"species"
"s__Firmicutes_bacterium_CAG_194",1.49046342976224,-0.647214330262904,0.466572042663906,-1.38716912090921,0.165390198987942,0.402714285681136,FALSE,"species"
"s__Firmicutes_bacterium_CAG_238",1.06734545877204,-0.0626901581879778,0.465983743984002,-0.134532929522387,0.892981173769348,NA,NA,"species"
"s__Firmicutes_bacterium_CAG_24053_14",1.0317808199167,-0.00128967900328909,0.467882447733103,-0.00275641672291322,0.997800700438634,NA,NA,"species"
"s__Firmicutes_bacterium_CAG_345",1.36729119310172,-0.499550655043132,0.48728442978062,-1.0251726189323,0.30528174541965,0.550878745575074,FALSE,"species"
"s__Firmicutes_bacterium_CAG_41",1.11989828410759,-0.15014898209747,0.463520418388017,-0.323931753901248,0.745989702920123,NA,NA,"species"
"s__Firmicutes_bacterium_CAG_424",3.1562607975857,-1.84687957980506,0.657971624771153,-2.80692891649761,0.00500162772752779,0.0389412444500378,TRUE,"species"
"s__Firmicutes_bacterium_CAG_56",2.68932542884717,-0.622193495231741,0.565614882178754,-1.10003027649316,0.271318930512537,0.518837954839763,FALSE,"species"
"s__Firmicutes_bacterium_CAG_646",1.0674338788138,-0.062690393419478,0.465983962278387,-0.134533371305225,0.892980824453156,NA,NA,"species"
"s__Firmicutes_bacterium_CAG_65_45_313",1.1020651041348,-0.121580370693999,0.464288266747506,-0.261863974176453,0.793426315096295,NA,NA,"species"
"s__Firmicutes_bacterium_CAG_83",3.50134157374552,-0.846021933424021,0.551258099158648,-1.53471111756046,0.124854803746461,0.372854071462034,FALSE,"species"
"s__Firmicutes_bacterium_CAG_94",1.26322358207189,-0.220245775255633,0.44546521723286,-0.494417446605047,0.621011395110907,0.749131772676294,FALSE,"species"
"s__Firmicutes_bacterium_CAG_95",1.04943926061065,-0.0323162750154488,0.466906536030276,-0.0692135845649274,0.944819610120557,NA,NA,"species"
"s__Flavonifractor_plautii",7.01409040276331,-2.62657865512582,0.591147127367741,-4.44318940839897,8.86350721387639e-06,0.000241530571578132,TRUE,"species"
"s__Flavonifractor_sp_An10",1.19239953919803,-0.259092345581641,0.46103697065911,-0.561977372901865,0.574131435653781,0.729798513063509,FALSE,"species"
"s__Flavonifractor_sp_An100",1.0317808199167,-0.00128967900328909,0.467882447733103,-0.00275641672291322,0.997800700438634,NA,NA,"species"
"s__Fusicatenibacter_saccharivorans",12.5196318941758,-0.247191374891851,0.459665587251363,-0.537763499699787,0.590740334015598,0.731712459178411,FALSE,"species"
"s__Fusobacterium_ulcerans",1.0496104635261,-0.0323166492509885,0.466907099005536,-0.0692143026306939,0.944819038557665,NA,NA,"species"
"s__Gemmiger_formicilis",1.40369378879917,0.0705622899353314,0.403277524014778,0.174972037203704,0.861101605685756,0.902500721343725,FALSE,"species"
"s__Gordonibacter_pamelaeae",1.46020004199779,-0.470920202289528,0.449392844751303,-1.04790320493451,0.294683205522553,0.539839821881652,FALSE,"species"
"s__Haemophilus_parainfluenzae",1.10291009762737,0.0230398559827717,0.4506392922247,0.0511270463545896,0.959224284296973,NA,NA,"species"
"s__Haemophilus_sp_HMSC71H05",1.04935189097122,-0.0323160818022302,0.466906249194918,-0.0692132132691573,0.944819905662974,NA,NA,"species"
"s__Hafnia_paralvei",1.04943926061065,-0.0323162750154488,0.466906536030276,-0.0692135845649274,0.944819610120557,NA,NA,"species"
"s__Harryflintia_acetispora",1.08496034666008,-0.0924369056946697,0.465111490746383,-0.198741393265371,0.842465042698026,NA,NA,"species"
"s__Holdemanella_biformis",1.08516038772826,0.190076398314834,0.43972570100408,0.432261288982676,0.665551518941868,NA,NA,"species"
"s__Holdemania_filiformis",1.10260652964672,0.0230386805478775,0.450636830653735,0.051124717246159,0.959226140229474,NA,NA,"species"
"s__Human_endogenous_retrovirus_K",1.28073329190405,-0.244889934821565,0.44546738883784,-0.549737064839803,0.582499730610323,0.729798513063509,FALSE,"species"
"s__Hungatella_hathewayi",1.24572408658609,0.406812173662545,0.397218129887647,1.02415308630956,0.305762973461395,0.550878745575074,FALSE,"species"
"s__Intestinibacter_bartlettii",2.45547944464646,-0.711297273477479,0.509220632399973,-1.39683514025171,0.162463152452078,0.402714285681136,FALSE,"species"
"s__Intestinimonas_butyriciproducens",3.00943655885601,-1.64856325237753,0.642673288941139,-2.56516535033483,0.0103126647210574,0.0611136376576771,FALSE,"species"
"s__Klebsiella_aerogenes",1.0317808199167,-0.00128967900328909,0.467882447733103,-0.00275641672291322,0.997800700438634,NA,NA,"species"
"s__Klebsiella_michiganensis",1.13773146408039,0.583656921573498,0.401999266424006,1.45188553891014,0.146533434140686,NA,NA,"species"
"s__Klebsiella_oxytoca",1.1207099197129,-0.150152871907542,0.46352718890411,-0.323935414150223,0.74598693173981,NA,NA,"species"
"s__Klebsiella_phage_phiKO2",1.49642004612197,-0.648708342582227,0.566695699812757,-1.14472077835877,0.25232484132215,0.506423350464662,FALSE,"species"
"s__Klebsiella_pneumoniae",3.21411282908859,-1.75093004949311,0.702432245957277,-2.49266752711065,0.0126787503847281,0.0690991895967681,FALSE,"species"
"s__Klebsiella_quasipneumoniae",1.63445927740598,-0.665299283164413,0.538740602649127,-1.23491580158051,0.216861841916189,0.483392933898807,FALSE,"species"
"s__Klebsiella_variicola",2.40660559106256,-0.961275362438833,0.605551286761334,-1.58743839449176,0.11241338931292,0.340523852105918,FALSE,"species"
"s__Klebsiella_virus_KP36",1.08496034666008,-0.0924369051189133,0.465111884299608,-0.198741223862964,0.842465175218425,NA,NA,"species"
"s__Lachnoclostridium_sp_An14",1.29948823179114,-0.408488124032248,0.459473579350665,-0.889035066193641,0.373984234380994,0.599474728640122,FALSE,"species"
"s__Lachnospira_pectinoschiza",4.51505050895144,0.603428332248599,0.543693027475994,1.10986954357299,0.267055246359651,0.518719341182494,FALSE,"species"
"s__Lachnospiraceae_bacterium_OF09_33XD",1.04956313934437,-0.0323165463759506,0.466906943266071,-0.0692141053844528,0.944819195560874,NA,NA,"species"
"s__Lachnospiraceae_bacterium_OF09_6",1.0317808199167,-0.00128967900328909,0.467882447733103,-0.00275641672291322,0.997800700438634,NA,NA,"species"
"s__Lactobacillus_acidophilus",1.08475614199854,0.320633931417193,0.429429034807431,0.746651729222208,0.455273814447972,NA,NA,"species"
"s__Lactobacillus_animalis",1.29747424897205,-0.0137985431157046,0.422605864299632,-0.0326510923803019,0.973952825700604,0.978130108866302,FALSE,"species"
"s__Lactobacillus_casei_group",1.0317808199167,-0.00128967900328909,0.467882447733103,-0.00275641672291322,0.997800700438634,NA,NA,"species"
"s__Lactobacillus_crispatus",1.26295097247638,-0.360367833852415,0.460064015893712,-0.783299326621691,0.433451358572087,0.659353222965969,FALSE,"species"
"s__Lactobacillus_delbrueckii",1.08526975074489,-0.0924379155844833,0.465113361270189,-0.198742765273486,0.842463969401386,NA,NA,"species"
"s__Lactobacillus_fermentum",1.2632077462702,-0.360373385108146,0.459656957733559,-0.784005069530651,0.433037135655353,0.659353222965969,FALSE,"species"
"s__Lactobacillus_gasseri",1.26238234772258,-0.360356494947598,0.459659484659192,-0.783964014611335,0.433061225814721,0.659353222965969,FALSE,"species"
"s__Lactobacillus_helveticus",1.04950732883116,-0.0323164244938579,0.466906759717587,-0.0692138715520092,0.944819381685814,NA,NA,"species"
"s__Lactobacillus_oris",1.0317808199167,-0.00128967900328909,0.467882447733103,-0.00275641672291322,0.997800700438634,NA,NA,"species"
"s__Lactobacillus_paragasseri",1.10291009762737,-0.121583733659016,0.464294234634269,-0.261867851438623,0.793423325761017,NA,NA,"species"
"s__Lactobacillus_phage_A2",1.0851277781997,-0.0924374525103142,0.465112682949333,-0.198742059502995,0.842464521512585,NA,NA,"species"
"s__Lactobacillus_phage_J1",1.04943926061065,0.114186527619129,0.453456087738996,0.251813859614237,0.801184944035546,NA,NA,"species"
"s__Lactobacillus_phage_Lc_Nu",1.0851277781997,-0.0924374525103142,0.465112682949333,-0.198742059502995,0.842464521512585,NA,NA,"species"
"s__Lactobacillus_phage_LF1",1.06748120299553,-0.06269051979172,0.465984150185439,-0.13453358824924,0.892980652916265,NA,NA,"species"
"s__Lactobacillus_phage_Lrm1",1.04968788712088,-0.0323168166286597,0.466907353998349,-0.0692146233121313,0.944818783303047,NA,NA,"species"
"s__Lactobacillus_phage_phiadh",1.0317808199167,-0.00128967900328909,0.467882447733103,-0.00275641672291322,0.997800700438634,NA,NA,"species"
"s__Lactobacillus_phage_phiAQ113",1.20890977262027,-0.285073123215798,0.46055117924806,-0.618982506311753,0.535927883368705,0.721186904780109,FALSE,"species"
"s__Lactobacillus_phage_Sha1",1.13879295795782,-0.178168905711957,0.462815568202571,-0.384967399441442,0.700261569092084,NA,NA,"species"
"s__Lactobacillus_plantarum",1.0317808199167,-0.00128967900328909,0.467882447733103,-0.00275641672291322,0.997800700438634,NA,NA,"species"
"s__Lactobacillus_prophage_Lj771",1.13875186209778,-0.0346756922885117,0.449044751568584,-0.0772210167636611,0.938447722606422,NA,NA,"species"
"s__Lactobacillus_prophage_Lj928",1.04950732883116,-0.0323164244938579,0.466906759717587,-0.0692138715520092,0.944819381685814,NA,NA,"species"
"s__Lactobacillus_reuteri",1.08526975074489,-0.0924379155844833,0.465113361270189,-0.198742765273486,0.842463969401386,NA,NA,"species"
"s__Lactobacillus_rhamnosus",1.0674401071355,-0.0626904106549162,0.465984119834346,-0.134533362804729,0.892980831174469,NA,NA,"species"
"s__Lactobacillus_rogosae",1.0317808199167,-0.00128967900328909,0.467882447733103,-0.00275641672291322,0.997800700438634,NA,NA,"species"
"s__Lactobacillus_salivarius",1.31629793075939,-0.431916665684058,0.461735413102613,-0.935420271929785,0.349571753728556,0.598713059198184,FALSE,"species"
"s__Lactobacillus_vaginalis",1.0317808199167,-0.00128967900328909,0.467882447733103,-0.00275641672291322,0.997800700438634,NA,NA,"species"
"s__Lactobacillus_virus_c5",1.0317808199167,-0.00128967900328909,0.467882447733103,-0.00275641672291322,0.997800700438634,NA,NA,"species"
"s__Lactococcus_lactis",1.10317535775267,-0.1215847853062,0.464294875035967,-0.261869755285972,0.793421857912446,NA,NA,"species"
"s__Lactococcus_phage_340",1.04965155938613,0.114188301864102,0.453456605412614,0.251817484851057,0.80118214178546,NA,NA,"species"
"s__Lactococcus_phage_bIL285",1.17395538485692,0.0442278644508263,0.435583728705402,0.101536998597895,0.919124188678383,0.945137137414564,FALSE,"species"
"s__Lactococcus_phage_bIL286",1.15580637919617,-0.205644486962287,0.462149689896379,-0.444973763821837,0.65633871431083,0.749131772676294,FALSE,"species"
"s__Lactococcus_phage_bIL309",1.29821772225014,-0.137975664146699,0.432703393533232,-0.318868920856066,0.749825912606157,0.825565903778496,FALSE,"species"
"s__Lactococcus_phage_bIL310",1.42338840268582,-0.178110811797852,0.422553379952684,-0.421510796618869,0.673382128980559,0.764569292280009,FALSE,"species"
"s__Lactococcus_phage_bIL311",1.1029574218091,-0.121583921460195,0.464293628328455,-0.261868597891209,0.79342275025294,NA,NA,"species"
"s__Lactococcus_phage_bIL312",1.31697606072325,-0.162252838429527,0.43278367616705,-0.374905171716549,0.707730992668902,0.795285342277426,FALSE,"species"
"s__Lactococcus_phage_BK5_T",1.0317808199167,-0.00128967900328909,0.467882447733103,-0.00275641672291322,0.997800700438634,NA,NA,"species"
"s__Lactococcus_phage_jm3",1.0674338788138,0.0831616169016916,0.452461547669927,0.183798197504197,0.854171770232846,NA,NA,"species"
"s__Lactococcus_phage_P335_sensu_lato",1.13852874823486,-0.178167362050774,0.462812814250863,-0.384966354786798,0.700262343075561,NA,NA,"species"
"s__Lactococcus_phage_phiLC3",1.04935189097122,-0.0323160818022302,0.466906249194918,-0.0692132132691573,0.944819905662974,NA,NA,"species"
"s__Lactococcus_phage_TP901_1",1.04935189097122,-0.0323160818022302,0.466906249194918,-0.0692132132691573,0.944819905662974,NA,NA,"species"
"s__Lactococcus_phage_Tuc2009",1.0317808199167,-0.00128967900328909,0.467882447733103,-0.00275641672291322,0.997800700438634,NA,NA,"species"
"s__Lactococcus_phage_ul36",1.13850508800148,0.100807249908611,0.437056692587265,0.230650283174609,0.817586500334111,NA,NA,"species"
"s__Lactococcus_virus_bIL67",1.22776413698519,0.541401127121456,0.391093234514818,1.38432751922468,0.166258191336249,0.402714285681136,FALSE,"species"
"s__Lactococcus_virus_c2",1.19161044639257,-0.259084365038818,0.461030064295273,-0.561968481241787,0.57413749387137,0.729798513063509,FALSE,"species"
"s__Lactonifactor_longoviformis",1.0317808199167,-0.00128967900328909,0.467882447733103,-0.00275641672291322,0.997800700438634,NA,NA,"species"
"s__Lawsonibacter_asaccharolyticus",3.30738747076382,-0.0728084392015518,0.492292451010905,-0.147896720845591,0.882424276134028,0.916040439034372,FALSE,"species"
"s__Massiliomicrobiota_timonensis",1.0317808199167,-0.00128967900328909,0.467882447733103,-0.00275641672291322,0.997800700438634,NA,NA,"species"
"s__Megamonas_funiformis",1.15625705591037,-0.205647660545554,0.462172175576758,-0.444958981550373,0.65634939716134,0.749131772676294,FALSE,"species"
"s__Megamonas_funiformis_CAG_377",1.49412112503606,-0.647520974691359,0.566716684349312,-1.14258322116425,0.253211675232331,0.506423350464662,FALSE,"species"
"s__Megamonas_hypermegale",1.06734545877204,-0.0626901581879777,0.465983743984002,-0.134532929522387,0.892981173769348,NA,NA,"species"
"s__Megasphaera_sp_DISK_18",1.13818342620936,-0.178165374296351,0.462811886554444,-0.384962831492428,0.700264953482777,NA,NA,"species"
"s__Megasphaera_sp_MJR8396C",2.95992154234037,-1.7473154775278,0.684179322708719,-2.55388524547928,0.0106528359219804,0.0611136376576771,FALSE,"species"
"s__Methanobrevibacter_smithii",2.22047379384327,1.05632651124362,0.41338893515508,2.55528491793653,0.0106100910105382,0.0611136376576771,FALSE,"species"
"s__Monoglobus_pectinilyticus",3.41568947464964,-1.08894289555451,0.521594920219482,-2.08771760103854,0.036823316173585,0.15146194199701,FALSE,"species"
"s__Odoribacter_laneus",1.56794409985974,-0.871573480088493,0.606632695309698,-1.4367400353249,0.150791874620055,0.39605576707436,FALSE,"species"
"s__Odoribacter_splanchnicus",7.36432967613739,-0.194775690563804,0.480471610006335,-0.405384390060498,0.685194983385071,0.773950810248422,FALSE,"species"
"s__Olsenella_scatoligenes",1.08526975074489,-0.0924379155844832,0.465113361270189,-0.198742765273486,0.842463969401386,NA,NA,"species"
"s__Oscillibacter_sp_57_20",5.55270676299861,2.26487049560255,0.480360612834132,4.7149379759506,2.41784389423942e-06,0.000100605341216272,TRUE,"species"
"s__Oscillibacter_sp_CAG_241",2.52589063220583,2.34774116026847,0.399766466420096,5.87278162996627,4.2854281351193e-09,3.11407777818669e-07,TRUE,"species"
"s__Oxalobacter_formigenes",1.06701033166517,0.0831600131542108,0.452460067972138,0.183795254080481,0.854174079410488,NA,NA,"species"
"s__Parabacteroides_distasonis",19.6238193322468,-2.55536064819535,0.612383187394675,-4.17281320061527,3.00861601392173e-05,0.000468484493596384,TRUE,"species"
"s__Parabacteroides_goldsteinii",1.19205149619905,-0.117145369553714,0.4471152123418,-0.26200264790848,0.793319400747078,0.856156581004272,FALSE,"species"
"s__Parabacteroides_gordonii",1.0317808199167,-0.00128967900328909,0.467882447733103,-0.00275641672291322,0.997800700438634,NA,NA,"species"
"s__Parabacteroides_johnsonii",1.04943926061065,0.114186527619129,0.453456087738996,0.251813859614237,0.801184944035546,NA,NA,"species"
"s__Parabacteroides_merdae",22.9903958827201,-0.451428860619428,0.49205041742379,-0.917444320000697,0.358909857416205,0.598713059198184,FALSE,"species"
"s__Paraprevotella_clara",1.0317808199167,-0.00128967900328909,0.467882447733103,-0.00275641672291322,0.997800700438634,NA,NA,"species"
"s__Paraprevotella_xylaniphila",1.79737076487089,0.40995818528004,0.447655292130786,0.915789877806844,0.359777113554872,0.598713059198184,FALSE,"species"
"s__Parasutterella_excrementihominis",3.73907343660293,0.105355372200337,0.514218189328403,0.204884569209692,0.837662311467439,0.890193573552219,FALSE,"species"
"s__Pediococcus_acidilactici",1.10326377779443,-0.121585137133217,0.46429538159013,-0.261870227347101,0.793421493957826,NA,NA,"species"
"s__Phascolarctobacterium_faecium",2.77634412391977,-0.0754921835490649,0.462303578504689,-0.163295693693834,0.870285624330132,0.90776203877497,FALSE,"species"
"s__Phascolarctobacterium_sp_CAG_266",1.51305540739851,1.56235103684271,0.344413078757438,4.53627092931345,5.72576166440909e-06,0.00017831657754874,TRUE,"species"
"s__Phascolarctobacterium_succinatutens",3.3217886345375,-1.92702908581469,0.633207634067817,-3.04328151168232,0.00234013305060033,0.021256208542953,TRUE,"species"
"s__Prevotella_copri",1.59874873818339,1.87097865722382,0.44340000407179,4.21961804249531,2.44716566324222e-05,0.000410370857374465,TRUE,"species"
"s__Prevotella_sp_CAG_279",3.37083399327076,-1.94855987970562,0.721454494747003,-2.7008770392219,0.0069156900967775,0.0482665882642636,TRUE,"species"
"s__Prevotella_sp_CAG_891",1.0317808199167,-0.00128967900328909,0.467882447733103,-0.00275641672291322,0.997800700438634,NA,NA,"species"
"s__Propionibacterium_freudenreichii",1.22654134012847,-0.310603766709559,0.460193270904881,-0.67494200012707,0.499712614977562,0.68669229008627,FALSE,"species"
"s__Proteobacteria_bacterium_CAG_139",6.2157786007943,-1.47405122356951,0.634083372588426,-2.32469622654227,0.0200882092028189,0.0978851883177609,FALSE,"species"
"s__Pseudoflavonifractor_sp_An184",1.13844304916658,-0.178166881023093,0.462812124031816,-0.384965889551426,0.700262687768035,NA,NA,"species"
"s__Pseudomonas_phage_B3",1.0317808199167,-0.00128967900328909,0.467882447733103,-0.00275641672291322,0.997800700438634,NA,NA,"species"
"s__Pseudomonas_phage_F10",1.04943926061065,-0.0323162750154488,0.466906536030276,-0.0692135845649274,0.944819610120557,NA,NA,"species"
"s__Pseudomonas_virus_phiCTX",1.04950732883116,-0.0323164244938579,0.466906759717587,-0.0692138715520092,0.944819381685814,NA,NA,"species"
"s__Pyramidobacter_piscolens",1.0317808199167,-0.00128967900328909,0.467882447733103,-0.00275641672291322,0.997800700438634,NA,NA,"species"
"s__Romboutsia_ilealis",1.0317808199167,-0.00128967900328909,0.467882447733103,-0.00275641672291322,0.997800700438634,NA,NA,"species"
"s__Roseburia_faecis",15.5489675559808,-1.02140132083664,0.692110844096713,-1.47577708043238,0.140003745508298,0.39605576707436,FALSE,"species"
"s__Roseburia_hominis",4.24897237764541,-0.33662074080516,0.471335259626607,-0.714185357301364,0.475112570058554,0.67133069717954,FALSE,"species"
"s__Roseburia_intestinalis",5.48984319237155,-1.22554702088594,0.560147774651783,-2.18789947286286,0.028676925715528,0.127583057265002,FALSE,"species"
"s__Roseburia_inulinivorans",4.68948980230735,0.323206910945751,0.447975014642686,0.721484235462434,0.470611636495342,0.67133069717954,FALSE,"species"
"s__Roseburia_sp_CAG_100",1.50847134901388,0.753648079541263,0.439490819808972,1.71482098276556,0.0863780532851555,0.298895485970856,FALSE,"species"
"s__Roseburia_sp_CAG_10041_57",1.13773146408039,0.100806349873056,0.437054481940728,0.230649390495731,0.817587193892819,NA,NA,"species"
"s__Roseburia_sp_CAG_182",1.06728964825883,-0.0626900087881683,0.465983390152155,-0.13453271106444,0.892981346503313,NA,NA,"species"
"s__Roseburia_sp_CAG_197",1.0317808199167,-0.00128967900328909,0.467882447733103,-0.00275641672291322,0.997800700438634,NA,NA,"species"
"s__Roseburia_sp_CAG_303",1.04956313934437,0.114187566991715,0.453456389111196,0.251815984367383,0.801183301635033,NA,NA,"species"
"s__Roseburia_sp_CAG_309",1.04950732883116,-0.0323164244938579,0.466906759717587,-0.0692138715520092,0.944819381685814,NA,NA,"species"
"s__Roseburia_sp_CAG_471",1.21048821461103,-0.285176778868231,0.476243408597069,-0.598804673661128,0.549303145335639,0.721374010139574,FALSE,"species"
"s__Rothia_dentocariosa",1.0317808199167,-0.00128967900328909,0.467882447733103,-0.00275641672291322,0.997800700438634,NA,NA,"species"
"s__Rothia_mucilaginosa",1.0317808199167,-0.00128967900328909,0.467882447733103,-0.00275641672291322,0.997800700438634,NA,NA,"species"
"s__Ruminococcaceae_bacterium_D16",1.08501615717329,-0.0924370879746233,0.465111559391966,-0.198741755839104,0.842464759063254,NA,NA,"species"
"s__Ruminococcaceae_bacterium_D5",1.19156676539674,0.0167545154351343,0.434960940017489,0.0385195862287328,0.969273415519347,0.978130108866302,FALSE,"species"
"s__Ruminococcaceae_bacterium_KLE1738",2.31032672318574,-0.437657971981383,0.483985452815494,-0.904279187391667,0.36584737987123,0.599474728640122,FALSE,"species"
"s__Ruminococcus_bicirculans",10.8313398209058,2.2905122991942,0.697355060626415,3.28457112957164,0.00102137713112956,0.0111330107293122,TRUE,"species"
"s__Ruminococcus_bromii",23.3067879008577,2.04278495273288,0.726846923749166,2.81047478634971,0.00494684647685466,0.0389412444500378,TRUE,"species"
"s__Ruminococcus_callidus",1.26269227173159,0.875900538883861,0.369209623709569,2.37236648948477,0.0176745495246855,0.0917393284852721,FALSE,"species"
"s__Ruminococcus_gnavus",4.75568861101064,-1.04334256551836,0.577968466782685,-1.80518942724717,0.0710450448363468,0.267031375419372,FALSE,"species"
"s__Ruminococcus_lactaris",2.15260204103584,-0.155372528276727,0.475958183116168,-0.326441552615989,0.744090303408858,0.823409574330614,FALSE,"species"
"s__Ruminococcus_sp_37_24",1.13773146408039,-0.178162754180909,0.46280824956952,-0.384960195386808,0.700266906574563,NA,NA,"species"
"s__Ruminococcus_sp_AF31_8BH",1.0317808199167,-0.00128967900328909,0.467882447733103,-0.00275641672291322,0.997800700438634,NA,NA,"species"
"s__Ruminococcus_sp_CAG_177",1.66731348198339,1.99351818013136,0.460845741583392,4.32578192711937,1.51991733604801e-05,0.000301219981144061,TRUE,"species"
"s__Ruminococcus_sp_CAG_254",1.41834438311624,-0.564605682292529,0.46955144090993,-1.20243626810813,0.229194544531745,0.487233622274853,FALSE,"species"
"s__Ruminococcus_torques",6.52823889135853,0.751897716662394,0.542298883129524,1.3865005812354,0.165594102918596,0.402714285681136,FALSE,"species"
"s__Ruthenibacterium_lactatiformans",4.53853350228162,0.387799122242775,0.426993375412489,0.908208755857507,0.363767938930615,0.599474728640122,FALSE,"species"
"s__Salmonella_phage_SPN3UB",1.13847473648271,0.58367358044912,0.402004773518593,1.45190708891452,0.146527441194069,NA,NA,"species"
"s__Salmonella_phage_SSU5",1.06752229885557,-0.0626906292517702,0.465984446541449,-0.134533737589445,0.89298053483348,NA,NA,"species"
"s__Salmonella_phage_ST64B",1.15643389599391,0.661681159085353,0.39454930363285,1.67705570125929,0.0935315901558172,0.309813330662959,FALSE,"species"
"s__Salmonella_virus_FelixO1",1.04950732883116,-0.0323164244938579,0.466906759717587,-0.0692138715520092,0.944819381685814,NA,NA,"species"
"s__Salmonella_virus_HK620",1.0317808199167,-0.00128967900328909,0.467882447733103,-0.00275641672291322,0.997800700438634,NA,NA,"species"
"s__Salmonella_virus_PsP3",1.15625705591037,0.661676466366861,0.394558364047758,1.67700529670376,0.0935414460981786,0.309813330662959,FALSE,"species"
"s__Salmonella_virus_SH19",1.13773146408039,0.583656921573498,0.401999266424006,1.45188553891014,0.146533434140686,NA,NA,"species"
"s__Sellimonas_intestinalis",1.86875261176906,-0.151066178723965,0.48818531499841,-0.309444332065696,0.75698355191693,0.829258363406486,FALSE,"species"
"s__Senegalimassilia_anaerobia",1.0317808199167,-0.00128967900328909,0.467882447733103,-0.00275641672291322,0.997800700438634,NA,NA,"species"
"s__Shigella_phage_SfII",1.06752229885557,-0.0626906292517702,0.465984446541449,-0.134533737589445,0.89298053483348,NA,NA,"species"
"s__Shigella_phage_SfIV",1.15687599620273,-0.205652062240844,0.462178303418103,-0.444962605816665,0.656346777970425,0.749131772676294,FALSE,"species"
"s__Slackia_isoflavoniconvertens",1.47662793449062,1.19103618250272,0.343202215291238,3.47036274661579,0.000519755904358039,0.00666510512647368,TRUE,"species"
"s__Streptococcus_agalactiae",1.0317808199167,-0.00128967900328909,0.467882447733103,-0.00275641672291322,0.997800700438634,NA,NA,"species"
"s__Streptococcus_anginosus_group",1.0317808199167,-0.00128967900328909,0.467882447733103,-0.00275641672291322,0.997800700438634,NA,NA,"species"
"s__Streptococcus_australis",1.0317808199167,-0.00128967900328909,0.467882447733103,-0.00275641672291322,0.997800700438634,NA,NA,"species"
"s__Streptococcus_gordonii",1.0317808199167,-0.00128967900328909,0.467882447733103,-0.00275641672291322,0.997800700438634,NA,NA,"species"
"s__Streptococcus_infantis",1.04943926061065,-0.0323162750154488,0.466906536030276,-0.0692135845649274,0.944819610120557,NA,NA,"species"
"s__Streptococcus_lutetiensis",1.120413364489,-0.150151452146383,0.463527729040282,-0.323931973729525,0.745989536487693,NA,NA,"species"
"s__Streptococcus_mitis",1.0317808199167,-0.00128967900328909,0.467882447733103,-0.00275641672291322,0.997800700438634,NA,NA,"species"
"s__Streptococcus_mutans",1.08489227843957,-0.0924366823849965,0.465111167067831,-0.198741051451718,0.842465310092587,NA,NA,"species"
"s__Streptococcus_oralis",1.0317808199167,-0.00128967900328909,0.467882447733103,-0.00275641672291322,0.997800700438634,NA,NA,"species"
"s__Streptococcus_parasanguinis",2.50181170875737,-1.4861331699332,0.58699512963528,-2.53176405544725,0.011349032974303,0.0634381843178988,FALSE,"species"
"s__Streptococcus_phage_P7132",1.04935189097122,-0.0323160818022302,0.466906249194918,-0.0692132132691573,0.944819905662974,NA,NA,"species"
"s__Streptococcus_phage_PH10",1.06752229885557,-0.0626906292517702,0.465984446541449,-0.134533737589445,0.89298053483348,NA,NA,"species"
"s__Streptococcus_phage_PH15",1.06716576952511,-0.0626896765256788,0.46598289950384,-0.134532139682439,0.892981798293169,NA,NA,"species"
"s__Streptococcus_phage_SM1",1.04965155938613,-0.0323167382365981,0.466907234323055,-0.0692144731564344,0.944818902823326,NA,NA,"species"
"s__Streptococcus_phage_TP_J34",1.04950732883116,-0.0323164244938579,0.466906759717587,-0.0692138715520092,0.944819381685814,NA,NA,"species"
"s__Streptococcus_salivarius",5.74576747323453,-2.75884522950191,0.63776294533426,-4.32581611974331,1.51968156163658e-05,0.000301219981144061,TRUE,"species"
"s__Streptococcus_sanguinis",1.0317808199167,-0.00128967900328909,0.467882447733103,-0.00275641672291322,0.997800700438634,NA,NA,"species"
"s__Streptococcus_sobrinus",1.0317808199167,-0.00128967900328909,0.467882447733103,-0.00275641672291322,0.997800700438634,NA,NA,"species"
"s__Streptococcus_sp_A12",1.0317808199167,-0.00128967900328909,0.467882447733103,-0.00275641672291322,0.997800700438634,NA,NA,"species"
"s__Streptococcus_thermophilus",4.90661811194298,-1.45689794814593,0.619246182447691,-2.35269588968196,0.0186378699592905,0.09448966630524,FALSE,"species"
"s__Streptococcus_vestibularis",1.24519051823601,-0.335707095322845,0.459816278565344,-0.730089627035981,0.465335401436306,0.67133069717954,FALSE,"species"
"s__Streptococcus_virus_7201",1.06723383774562,-0.0626898594199749,0.465983301245341,-0.134532416188383,0.89298157966083,NA,NA,"species"
"s__Streptococcus_virus_DT1",1.04943926061065,-0.0323162750154488,0.466906536030276,-0.0692135845649274,0.944819610120557,NA,NA,"species"
"s__Streptococcus_virus_phiAbc2",1.10260758004907,0.15970294367175,0.438773574809438,0.363975756154208,0.715876113289495,NA,NA,"species"
"s__Streptococcus_virus_Sfi21",1.10283459347772,0.0230418514779149,0.450637795953616,0.0511316442713264,0.959220620482318,NA,NA,"species"
"s__Stx2_converting_phage_1717",1.12083438960023,-0.150153485142689,0.463528037323883,-0.323936144207328,0.74598637901281,NA,NA,"species"
"s__Subdoligranulum_sp",3.178615041701,-0.974894351941927,0.595707123105387,-1.6365329775811,0.101728089689997,0.321401790614774,FALSE,"species"
"s__Subdoligranulum_sp_APC924_74",1.04935189097122,-0.0323160818022302,0.466906249194918,-0.0692132132691573,0.944819905662974,NA,NA,"species"
"s__Sutterella_parvirubra",1.0317808199167,-0.00128967900328909,0.467882447733103,-0.00275641672291322,0.997800700438634,NA,NA,"species"
"s__Sutterella_sp_CAG_397",1.47324183726541,-0.62631106521149,0.514360340160971,-1.21765038302814,0.22335685955865,0.483392933898807,FALSE,"species"
"s__Sutterella_wadsworthensis",1.55917506047071,-0.722836111851255,0.541894273580058,-1.33390616415965,0.182234611147168,0.436562035495413,FALSE,"species"
"s__Turicibacter_sanguinis",1.08504127760308,0.0527874173353044,0.451521553373872,0.116910072046096,0.906931316552126,NA,NA,"species"
"s__Turicimonas_muris",1.56617197309456,-0.725864182824391,0.510536832332487,-1.42176653446949,0.155094037715036,0.402057966482485,FALSE,"species"
"s__Tyzzerella_nexilis",1.0317808199167,-0.00128967900328909,0.467882447733103,-0.00275641672291322,0.997800700438634,NA,NA,"species"
"s__Tyzzerella_sp",1.3672718916828,-0.499979076466107,0.459666402745073,-1.08769984815138,0.276727634803048,0.520109110956333,FALSE,"species"
"s__Veillonella_atypica",1.0674401071355,-0.0626904105849518,0.465983986987793,-0.134533401008464,0.892980800966905,NA,NA,"species"
"s__Veillonella_dispar",1.0317808199167,-0.00128967900328909,0.467882447733103,-0.00275641672291322,0.997800700438634,NA,NA,"species"
"s__Veillonella_parvula",1.29805628401978,0.430273058392775,0.389157992785463,1.10565134564762,0.26887745666799,0.518719341182494,FALSE,"species"
"s__Victivallales_bacterium_CCUG_44730",1.0317808199167,-0.00128967900328909,0.467882447733103,-0.00275641672291322,0.997800700438634,NA,NA,"species"
"s__Weissella_confusa",1.12069241705504,-0.15015280138215,0.463529642853252,-0.323933547071306,0.745988345307813,NA,NA,"species"
