"effect","group","term","estimate","std.error","statistic","p.value","padj"
"fixed",NA,"p__Bacteroidota:Days2",6.23837949463852e-06,2.10842121376606e-05,0.29587918457221,0.767322348024243,1
"fixed",NA,"p__Firmicutes:Days2",-1.15043328365055e-05,1.7031588683447e-05,-0.675470330474019,0.499376995267608,1
"fixed",NA,"p__Actinobacteria:Days2",0.000170344820702135,0.00338400013388561,0.0503383019983926,0.959852801863673,1
"fixed",NA,"p__Proteobacteria:Days2",-0.000181836257055883,0.000252945302064648,-0.718875802680095,0.472217446741405,1
"fixed",NA,"c__Bacteroidia:Days2",5.82616237394907e-05,1.38133972922247e-05,4.21776211216953,2.46738925096994e-05,0.0199118312553274
"fixed",NA,"c__Clostridia:Days2",-2.22679321978912e-05,1.80979418503987e-05,-1.23041240722081,0.218542709541534,1
"fixed",NA,"c__Negativicutes:Days2",0.000541037015906318,0.00582104065786704,0.0929450673351877,0.925947202126951,1
"fixed",NA,"c__Actinomycetia:Days2",0.00198176164324311,0.000708347773934763,2.79772410695206,0.00514640511512286,1
"fixed",NA,"c__Betaproteobacteria:Days2",0.000101225356622495,0.00480737030086945,0.02105628447307,0.983200757092216,1
"fixed",NA,"c__Coriobacteriia:Days2",0.000603136852978064,0.0178801325249433,0.033732236164171,0.973090672851348,1
"fixed",NA,"c__Deltaproteobacteria:Days2",0.000722382848523102,0.0183513595363267,0.0393639962801195,0.968600184454955,1
"fixed",NA,"c__Bacilli:Days2",0.000390454217621476,0.000325409874831776,1.19988435453388,0.23018425703357,1
"fixed",NA,"c__Firmicutes_unclassified:Days2",-0.000435270299106712,0.00942007249814241,-0.0462066825061638,0.963145516295842,1
"fixed",NA,"c__CFGB79266:Days2",0.0470584909241664,0.00193930557490822,24.2656399966227,4.52164560137733e-130,3.6489680003115e-127
"fixed",NA,"c__Gammaproteobacteria:Days2",-0.000825206396263685,0.0196153829364609,-0.0420693492926819,0.966443414251045,1
"fixed",NA,"o__Bacteroidales:Days2",5.82616237394907e-05,1.38133972922247e-05,4.21776211216953,2.46738925096994e-05,0.0199118312553274
"fixed",NA,"o__Eubacteriales:Days2",-2.19063948377521e-05,0.000195659184138144,-0.111962006456519,0.910853531560016,1
"fixed",NA,"o__Bifidobacteriales:Days2",0.000201545917848965,0.00408201314944938,0.0493741471352563,0.96062113062429,1
"fixed",NA,"o__Acidaminococcales:Days2",0.000379250057008242,0.00745590148056245,0.0508657548650486,0.959432493827381,1
"fixed",NA,"o__Veillonellales:Days2",0.0016583353087121,0.0113949194655852,0.14553286784699,0.88429016719258,1
"fixed",NA,"o__Burkholderiales:Days2",0.000101225356622495,0.00480737030086945,0.02105628447307,0.983200757092216,1
"fixed",NA,"o__Coriobacteriales:Days2",0.000708929555789092,0.0170469564348036,0.0415868696855305,0.96682804066015,1
"fixed",NA,"o__Desulfovibrionales:Days2",0.000722382848523102,0.0183513595363267,0.0393639962801195,0.968600184454955,1
"fixed",NA,"o__Lactobacillales:Days2",0.000390454217621476,0.000325409874831776,1.19988435453388,0.23018425703357,1
"fixed",NA,"o__Firmicutes_unclassified:Days2",-0.000435270299106712,0.00942007249814241,-0.0462066825061638,0.963145516295842,1
"fixed",NA,"o__Clostridia_unclassified:Days2",-0.165103871002702,1.20605845425137,-0.136895413668142,0.891113464070111,1
"fixed",NA,"o__OFGB79266:Days2",0.0470584909241664,0.00193930557490822,24.2656399966227,4.52164560137733e-130,3.6489680003115e-127
"fixed",NA,"o__Eggerthellales:Days2",4.83074565059358e-05,0.0288598687144818,0.00167386265626687,0.99866445145332,1
"fixed",NA,"o__Enterobacterales:Days2",-0.00372726454308847,0.0308150056734032,-0.12095615307011,0.903725764904485,1
"fixed",NA,"f__Bacteroidaceae:Days2",1.82406197022855e-05,0.000329519730829311,0.0553551669163447,0.95585551265646,1
"fixed",NA,"f__Lachnospiraceae:Days2",-3.5304153392126e-05,0.000480159976149791,-0.0735258146154034,0.941387702573038,1
"fixed",NA,"f__Bifidobacteriaceae:Days2",0.000201545917848965,0.00408201314944938,0.0493741471352563,0.96062113062429,1
"fixed",NA,"f__Acidaminococcaceae:Days2",0.000379250057008242,0.00745590148056245,0.0508657548650486,0.959432493827381,1
"fixed",NA,"f__Rikenellaceae:Days2",2.60077645390929e-05,0.000900111651154872,0.0288939316647264,0.976949185432876,1
"fixed",NA,"f__Veillonellaceae:Days2",0.0016583353087121,0.0113949194655852,0.14553286784699,0.88429016719258,1
"fixed",NA,"f__Clostridiaceae:Days2",-8.3601617627503e-05,0.00270125848557594,-0.0309491365131901,0.97531010340119,1
"fixed",NA,"f__Tannerellaceae:Days2",5.27639134953077e-05,0.00272114207696619,0.0193903559619108,0.984529703791146,1
"fixed",NA,"f__Sutterellaceae:Days2",9.53547242470447e-05,0.00478588959848668,0.0199241378817423,0.984103889720323,1
"fixed",NA,"f__Oscillospiraceae:Days2",-2.75007915030081e-05,3.94024425551412e-05,-0.697946363719013,0.485210737833083,1
"fixed",NA,"f__Coriobacteriaceae:Days2",0.00704109077086225,0.000498105084563327,14.1357536573531,2.28672667946812e-45,1.84538843033077e-42
"fixed",NA,"f__Desulfovibrionaceae:Days2",0.000722382848523102,0.0183513595363267,0.0393639962801195,0.968600184454955,1
"fixed",NA,"f__Odoribacteraceae:Days2",0.00326529439440848,0.0208628411265173,0.156512450754284,0.875629105902153,1
"fixed",NA,"f__Streptococcaceae:Days2",-0.00096790269094366,0.000312360747555707,-3.09866940234238,0.0019439180221096,1
"fixed",NA,"f__Firmicutes_unclassified:Days2",-0.000435270299106712,0.00942007249814241,-0.0462066825061638,0.963145516295842,1
"fixed",NA,"f__Eubacteriales_unclassified:Days2",-5.64944899633324e-06,0.00383428211326659,-0.00147340462424144,0.99882439362386,1
"fixed",NA,"f__Lactobacillaceae:Days2",-3.5833643776218e-05,0.00677477031263504,-0.00528927803048729,0.995779786399464,1
"fixed",NA,"f__Clostridia_unclassified:Days2",-0.165103871002702,1.20605845425137,-0.136895413668142,0.891113464070111,1
"fixed",NA,"f__FGB79266:Days2",0.0470584909241664,0.00193930557490822,24.2656399966227,4.52164560137733e-130,3.6489680003115e-127
"fixed",NA,"f__Eggerthellaceae:Days2",4.83074565059358e-05,0.0288598687144818,0.00167386265626687,0.99866445145332,1
"fixed",NA,"f__Enterobacteriaceae:Days2",-0.00372890521824842,0.0308107419709184,-0.121026141524539,0.90367032944178,1
"fixed",NA,"g__Phocaeicola:Days2",3.85566250655463e-05,0.00073651892679585,0.0523498088953164,0.958249965937209,1
"fixed",NA,"g__Bacteroides:Days2",0.000227068590363109,3.3532185593759e-05,6.7716609085383,1.27312256695156e-11,1.02740991152991e-08
"fixed",NA,"g__Bifidobacterium:Days2",8.58087284491315e-05,9.34590420658569e-05,0.918142606133984,0.358544211590497,1
"fixed",NA,"g__Blautia:Days2",2.3302481769891e-05,4.95515427669629e-05,0.470267532929919,0.638163890508049,1
"fixed",NA,"g__Alistipes:Days2",2.27305625835025e-05,0.00090405878012514,0.0251427927953491,0.979941067244642,1
"fixed",NA,"g__Megasphaera:Days2",0.00732604493622469,0.358104206652487,0.0204578577970575,0.983678129640165,1
"fixed",NA,"g__Lachnospiraceae_unclassified:Days2",-0.000199168241662991,0.00333656799883763,-0.0596925468722278,0.952400507885733,1
"fixed",NA,"g__Parabacteroides:Days2",5.27639134953077e-05,0.00272114207696619,0.0193903559619108,0.984529703791146,1
"fixed",NA,"g__Clostridium:Days2",-8.64261124040047e-05,0.00531386677134594,-0.0162642603066456,0.987023569911848,1
"fixed",NA,"g__Parasutterella:Days2",0.00038684458008567,0.00943372045503448,0.04100657656007,0.967290652937014,1
"fixed",NA,"g__Phascolarctobacterium:Days2",0.000212708031550793,0.0117261628359872,0.0181396109303547,0.985527478190377,1
"fixed",NA,"g__Dorea:Days2",0.000328452507832113,0.0273978699458408,0.0119882497610722,0.990434989716043,1
"fixed",NA,"g__Collinsella:Days2",0.000778698652938714,0.0235994389445,0.0329964900763115,0.973677386632163,1
"fixed",NA,"g__Bilophila:Days2",0.00165068944971214,0.0344963968141425,0.0478510685798758,0.961834936299593,1
"fixed",NA,"g__Odoribacter:Days2",0.00380440669622133,0.0286494440953786,0.132791641036938,0.894358165298538,1
"fixed",NA,"g__Anaerostipes:Days2",-0.000876241313936468,0.00257502458152622,-0.340284640474041,0.733642182870447,1
"fixed",NA,"g__Dysosmobacter:Days2",0.000449182689955878,0.012872463425657,0.034894850744775,0.97216358662478,1
"fixed",NA,"g__Flavonifractor:Days2",0.000480513177261613,0.0143439039398147,0.0334994698289801,0.973276288611142,1
"fixed",NA,"g__Streptococcus:Days2",7.58082693374361e-05,0.00304320135694904,0.0249106977966905,0.980126194275172,1
"fixed",NA,"g__Roseburia:Days2",-1.30226742763877e-05,0.00429581671072137,-0.00303147809912049,0.997581234132987,1
"fixed",NA,"g__Clostridiaceae_unclassified:Days2",-0.000925984109725836,0.00754758594869946,-0.12268612984598,0.902355647663803,1
"fixed",NA,"g__Dialister:Days2",-0.00275673072365745,0.00112677231989146,-2.44657298993907,0.0144221592253189,1
"fixed",NA,"g__Coprococcus:Days2",-0.000359992000887617,0.00862130850619948,-0.041756074571366,0.966693151863129,1
"fixed",NA,"g__Eubacteriales_unclassified:Days2",2.2347818208918e-05,0.010071028269836,0.00221902050219168,0.998229479254219,1
"fixed",NA,"g__GGB9512:Days2",-0.000358932990784266,0.0109902645186713,-0.032659176689922,0.973946378793045,1
"fixed",NA,"g__Mediterraneibacter:Days2",-0.000176286064615212,0.00438139009205572,-0.0402351904101969,0.96790562244471,1
"fixed",NA,"g__GGB3550:Days2",0.00238750108142243,0.0390402154173465,0.0611549156657983,0.951235834575575,1
"fixed",NA,"g__Enterocloster:Days2",0.000298268610305893,0.00767336233047893,0.038870653757761,0.968993513788186,1
"fixed",NA,"g__GGB38744:Days2",0.00719493889840363,0.00205017987685936,3.50941835865907,0.000449087906263779,0.36241394035487
"fixed",NA,"g__GGB9575:Days2",-0.412046229095521,0.00323806363206548,-127.250812805271,0,0
"fixed",NA,"g__Clostridia_unclassified:Days2",-0.165733703645883,0.00665518937405533,-24.902928276088,6.91613148164745e-137,5.58131810568949e-134
"fixed",NA,"g__Monoglobus:Days2",0.00161912633855578,0.0161158996797625,0.10046763573423,0.919973075748034,1
"fixed",NA,"g__GGB3493:Days2",0.0470584909241664,0.00193930557490822,24.2656399966227,4.52164560137733e-130,3.6489680003115e-127
"fixed",NA,"g__GGB36331:Days2",-0.0420646469991502,0.00198442373146392,-21.1974117887206,1.00894699611396e-99,8.14220225863966e-97
"fixed",NA,"g__Firmicutes_unclassified:Days2",-0.000526030001470551,0.0593514389144431,-0.00886296964474339,0.992928465938512,1
"fixed",NA,"g__GGB3600:Days2",0.109588298315731,0.00191073961336978,57.3538631579744,0,0
"fixed",NA,"g__Brotolimicola:Days2",-0.000799237121638009,0.0163490577849538,-0.0488858215654212,0.961010288104239,1
"fixed",NA,"g__Eggerthella:Days2",-0.00263974427788346,0.0260726483215403,-0.101245728678149,0.919355396955322,1
"fixed",NA,"g__Phocea:Days2",-0.342618988058061,1.48178422345572,-0.231220566823844,0.817143452865664,1
"fixed",NA,"g__Ruthenibacterium:Days2",-0.000507267166687941,0.0606074265984912,-0.00836971960628615,0.993322007916,1
"fixed",NA,"g__Pseudoflavonifractor:Days2",-0.00880369905518025,0.0670778582053233,-0.131245977297492,0.895580725871376,1
"fixed",NA,"g__Escherichia:Days2",-0.000541661596240357,0.0142565781521225,-0.0379938012095642,0.969692624379622,1
"fixed",NA,"g__GGB3433:Days2",-0.00185883001488813,0.0354031711340655,-0.0525046190876256,0.958126614913673,1
"fixed",NA,"s__Phocaeicola_coprocola:Days2",-0.0154871749304301,0.000715134940439617,-21.6562973708286,5.30172987214566e-104,4.27849600682155e-101
"fixed",NA,"s__Bacteroides_eggerthii:Days2",0.000283731698715386,0.0002941037660737,0.964733306557813,0.334678408362527,1
"fixed",NA,"s__Phocaeicola_vulgatus:Days2",-1.04054457108175e-05,0.00121752636481671,-0.00854638224806241,0.993181056563662,1
"fixed",NA,"s__Megasphaera_massiliensis:Days2",0.00714372081020243,0.547948295215273,0.0130372169647793,0.989598100535587,1
"fixed",NA,"s__Alistipes_putredinis:Days2",7.52455760081551e-05,0.00149304123440313,0.0503975203593327,0.959805612343921,1
"fixed",NA,"s__Eubacterium_rectale:Days2",-0.00021917555791684,0.00342651876875277,-0.0639644994551185,0.94899849422723,1
"fixed",NA,"s__Blautia_wexlerae:Days2",-0.00128026911621595,0.00054243688004745,-2.36021768303061,0.0182642141965904,1
"fixed",NA,"s__Blautia_massiliensis:Days2",0.00132656390923638,0.00206890573106625,0.641191084406106,0.521398541448605,1
"fixed",NA,"s__Parabacteroides_distasonis:Days2",-6.51167676410782e-06,0.0024873625539365,-0.00261790415466472,0.997911217079217,1
"fixed",NA,"s__Parasutterella_SGB9260:Days2",0.000565606470008204,0.00440769470835998,0.128322514927232,0.897893748066584,1
"fixed",NA,"s__Clostridium_sp_AT4:Days2",0.00258672077358907,0.00206059202171945,1.25532892796052,0.20935937795867,1
"fixed",NA,"s__Bacteroides_caccae:Days2",-0.000136626929116725,0.00497004781088516,-0.0274900633385238,0.97806886516101,1
"fixed",NA,"s__Bacteroides_ovatus:Days2",-0.000410824522508826,0.00036402727464464,-1.12855423514589,0.259085925702845,1
"fixed",NA,"s__Alistipes_onderdonkii:Days2",7.52990692247294e-05,0.00326735350649595,0.0230458899151942,0.981613667797913,1
"fixed",NA,"s__Bacteroides_stercoris:Days2",-4.08986210972739e-05,0.00152173361665071,-0.0268763341032648,0.978558369347486,1
"fixed",NA,"s__Bacteroides_uniformis:Days2",-1.67447863933369e-05,8.57542899727959e-05,-0.195264708023923,0.845185724156981,1
"fixed",NA,"s__Phascolarctobacterium_faecium:Days2",0.000236324371572287,0.0113484139963957,0.0208244404590231,0.983385701297774,1
"fixed",NA,"s__Bifidobacterium_bifidum:Days2",0.000204909993990513,0.0141033928633081,0.014529127563596,0.988407841278689,1
"fixed",NA,"s__Dorea_longicatena:Days2",0.000383649427960966,0.0201663539990602,0.0190242335316957,0.984821773343803,1
"fixed",NA,"s__Odoribacter_splanchnicus:Days2",0.000196916158822585,0.0106203932156241,0.0185413246783456,0.985207010897914,1
"fixed",NA,"s__Collinsella_aerofaciens:Days2",0.000603738848629691,0.0233267212269611,0.0258818563807368,0.979351571710088,1
"fixed",NA,"s__Anaerostipes_hadrus:Days2",-0.000855414088955604,0.00265631363242327,-0.322030530775553,0.747429565290255,1
"fixed",NA,"s__Dysosmobacter_welbionis:Days2",0.000563164853348343,0.0158162508832825,0.0356067223202434,0.97159594808592,1
"fixed",NA,"s__Parabacteroides_merdae:Days2",2.69096696193123e-05,0.00683576138144573,0.00393660166259652,0.996859054423837,1
"fixed",NA,"s__Clostridium_SGB4750:Days2",0.00590115369865854,0.0877748641206645,0.0672305648977843,0.946398152893553,1
"fixed",NA,"s__Flavonifractor_plautii:Days2",0.000585501428599759,0.0148926640591055,0.0393147543163561,0.968639443467467,1
"fixed",NA,"s__Bacteroides_fragilis:Days2",0.0047252223202122,0.0222776748049219,0.212105722953108,0.832024555013471,1
"fixed",NA,"s__Streptococcus_salivarius:Days2",-0.00015448630905618,0.00751429637276111,-0.0205589853517335,0.983597458492391,1
"fixed",NA,"s__Blautia_faecis:Days2",-0.00756904466338211,0.011110220809978,-0.681268607783602,0.495701543038306,1
"fixed",NA,"s__Roseburia_intestinalis:Days2",-0.000775362164095628,0.0131298733365624,-0.059053285909202,0.952909666110618,1
"fixed",NA,"s__Blautia_caecimuris:Days2",0.000414256980695695,0.0239819915136624,0.0172736688885781,0.986218291652313,1
"fixed",NA,"s__Dialister_invisus:Days2",-0.00255428958389998,0.00109019060180827,-2.34297523723215,0.0191306527627243,1
"fixed",NA,"s__Clostridiaceae_bacterium_Marseille_Q3526:Days2",0.00087901185295561,0.0136004888489063,0.0646309013389837,0.948467880427278,1
"fixed",NA,"s__Coprococcus_comes:Days2",-0.00112014071896423,0.0262791010182081,-0.042624773130105,0.966000647331299,1
"fixed",NA,"s__Clostridiales_bacterium:Days2",0.000227103504314326,0.0112603331850388,0.0201684533292559,0.983908993361143,1
"fixed",NA,"s__GGB9512_SGB14909:Days2",-0.000358932990784266,0.0109902645186713,-0.032659176689922,0.973946378793045,1
"fixed",NA,"s__Blautia_glucerasea:Days2",-0.0363555730148152,0.00174149375810332,-20.876085742857,8.83392001029263e-97,7.12897344830615e-94
"fixed",NA,"s__Dorea_formicigenerans:Days2",0.0108628766844043,0.00163115936677506,6.6596047606808,2.74564938516276e-11,2.21573905382635e-08
"fixed",NA,"s__GGB3550_SGB4746:Days2",0.0225513017398165,0.00281386997157817,8.01433682707398,1.10732861730488e-15,8.93614194165038e-13
"fixed",NA,"s__Enterocloster_hominis:Days2",0.000357221939004221,0.0114766850125132,0.031125881612568,0.975169149124264,1
"fixed",NA,"s__Collinsella_stercoris:Days2",-2.08590448747828,1.57240742834289,-1.32656743403747,0.184651814477205,1
"fixed",NA,"s__GGB38744_SGB14842:Days2",0.00719493889840363,0.00205017987685936,3.50941835865907,0.000449087906263779,0.36241394035487
"fixed",NA,"s__GGB9575_SGB14988:Days2",-0.412046229095521,0.00323806363206548,-127.250812805271,0,0
"fixed",NA,"s__Ruminococcus_gnavus:Days2",-0.000646208565883025,0.0200167332528807,-0.0322834179643187,0.97424603285998,1
"fixed",NA,"s__Roseburia_hominis:Days2",-3.50290594681672e-06,0.0324029421732328,-0.000108104564335222,0.999913745037333,1
"fixed",NA,"s__Clostridia_bacterium_UC5_1_1D1:Days2",-0.230738439878736,0.00198317328633233,-116.348098004821,0,0
"fixed",NA,"s__Monoglobus_pectinilyticus:Days2",0.00161912633855578,0.0161158996797625,0.10046763573423,0.919973075748034,1
"fixed",NA,"s__GGB3493_SGB4668:Days2",0.0470584909241664,0.00193930557490822,24.2656399966227,4.52164560137733e-130,3.6489680003115e-127
"fixed",NA,"s__Ruminococcus_torques:Days2",0.00258256348611744,0.00476134141647558,0.542402499678147,0.587541258041362,1
"fixed",NA,"s__Clostridiaceae_bacterium:Days2",-0.00555417845231536,0.067974467182954,-0.0817097754862311,0.934877504642349,1
"fixed",NA,"s__Mediterraneibacter_glycyrrhizinilyticus:Days2",0.0038949704297661,0.0878257115955378,0.0443488627533534,0.964626323118636,1
"fixed",NA,"s__Streptococcus_thermophilus:Days2",-0.000637253269474722,0.0197181661116051,-0.0323180799810621,0.974218390995647,1
"fixed",NA,"s__Firmicutes_bacterium:Days2",0.221425431206378,0.00252379386171489,87.7351492787613,0,0
"fixed",NA,"s__GGB3600_SGB4861:Days2",-1.09072916495025,0.0100830285527462,-108.174757142106,0,0
"fixed",NA,"s__Brotolimicola_acetigignens:Days2",-0.000799237121638009,0.0163490577849538,-0.0488858215654212,0.961010288104239,1
"fixed",NA,"s__Eggerthella_lenta:Days2",-0.00263974427788346,0.0260726483215403,-0.101245728678149,0.919355396955322,1
"fixed",NA,"s__Phocea_massiliensis:Days2",-0.342618988058061,1.48178422345572,-0.231220566823844,0.817143452865664,1
"fixed",NA,"s__Ruthenibacterium_lactatiformans:Days2",-0.000507267166687941,0.0606074265984912,-0.00836971960628615,0.993322007916,1
"fixed",NA,"s__Pseudoflavonifractor_phocaeensis:Days2",-0.0565037932436564,0.0802541211660168,-0.704060955658221,0.481394813878318,1
"fixed",NA,"s__Bacteroides_xylanisolvens:Days2",-0.00382379721861233,0.0228602230880091,-0.167268587182687,0.867158719689865,1
"fixed",NA,"s__Escherichia_coli:Days2",-0.000541661596240357,0.0142565781521225,-0.0379938012095642,0.969692624379622,1
"fixed",NA,"s__GGB3433_SGB4574:Days2",-0.0307575674316873,0.00144603907899855,-21.2702186810804,2.14279365483729e-100,1.72923447945369e-97
"fixed",NA,"c__CFGB3012:Days2",-0.0186142734741912,0.0207127408797713,-0.898687121238043,0.368819338776389,1
"fixed",NA,"c__Erysipelotrichia:Days2",-0.000465816649594765,0.039190392551993,-0.0118859909090417,0.990516574662324,1
"fixed",NA,"c__CFGB1260:Days2",-0.000292264585211049,0.0797386390025256,-0.00366528183659858,0.997075534759608,1
"fixed",NA,"o__OFGB3012:Days2",-0.0186142734741912,0.0207127408797713,-0.898687121238043,0.368819338776389,1
"fixed",NA,"o__Erysipelotrichales:Days2",-0.000465816649594765,0.039190392551993,-0.0118859909090417,0.990516574662324,1
"fixed",NA,"o__OFGB1260:Days2",-0.000292264585211049,0.0797386390025256,-0.00366528183659858,0.997075534759608,1
"fixed",NA,"f__Prevotellaceae:Days2",-9.67697895271374e-06,0.000684435163836957,-0.0141386349854739,0.988719377270141,1
"fixed",NA,"f__FGB3012:Days2",-0.0186142734741912,0.0207127408797713,-0.898687121238043,0.368819338776389,1
"fixed",NA,"f__Erysipelotrichaceae:Days2",-0.000298482460355753,0.0398341980906719,-0.00749312085249809,0.994021410506119,1
"fixed",NA,"f__Coprobacillaceae:Days2",1446.3591067102,1625174.02329211,0.000889971834388731,0.99928990530753,1
"fixed",NA,"f__Eubacteriaceae:Days2",-0.00029227529138521,0.00571064652314472,-0.0511807708988195,0.959181474360118,1
"fixed",NA,"f__Eubacteriales_Family_XIII_Incertae_Sedis:Days2",0.00390499547515617,0.0273231312115842,0.142919032409454,0.886354127187671,1
"fixed",NA,"f__Peptostreptococcaceae:Days2",-0.000423878807897623,0.0019624114619678,-0.215998946251863,0.828988568947886,1
"fixed",NA,"f__FGB1260:Days2",-0.000292264585211049,0.0797386390025256,-0.00366528183659858,0.997075534759608,1
"fixed",NA,"g__Paraprevotella:Days2",3.51596367327454e-05,0.00698597950897962,0.00503288575174777,0.995984355115076,1
"fixed",NA,"g__GGB9480:Days2",-0.0186142734741912,0.0207127408797713,-0.898687121238043,0.368819338776389,1
"fixed",NA,"g__Oliverpabstia:Days2",-0.00068216256040246,0.0215402011222675,-0.0316692753484676,0.974735797310761,1
"fixed",NA,"g__Holdemanella:Days2",0.00122428395004176,0.0088619436558341,0.138150726024507,0.890121296518654,1
"fixed",NA,"g__Anaerobutyricum:Days2",-0.000120862607737859,0.017781222988148,-0.00679720443404931,0.994576657287019,1
"fixed",NA,"g__Eubacterium:Days2",-0.00017001952254246,0.0334842744418886,-0.00507759315010772,0.99594868422797,1
"fixed",NA,"g__Fusicatenibacter:Days2",0.000487995642319008,0.0169374795889556,0.0288115855582914,0.977014860777374,1
"fixed",NA,"g__Agathobaculum:Days2",5.21793267432888e-05,0.0212263392697855,0.00245823484116092,0.998038614348826,1
"fixed",NA,"g__Lacrimispora:Days2",-0.000111589621573989,0.00762522087450409,-0.014634280555348,0.988323950249271,1
"fixed",NA,"g__Evtepia:Days2",-5.90360160159666e-05,0.0379755935719735,-0.0015545778344209,0.998759626846953,1
"fixed",NA,"g__Hydrogenoanaerobacterium:Days2",-0.000803460430017766,0.0924032828872627,-0.0086951502686115,0.993062361267691,1
"fixed",NA,"g__Intestinibacter:Days2",-0.00302642740004666,0.0374151961605524,-0.0808876528953626,0.935531299350429,1
"fixed",NA,"g__Gemmiger:Days2",7.17150479582694e-05,0.00338111616261005,0.0212104655709046,0.983077765843022,1
"fixed",NA,"g__Simiaoa:Days2",-0.000209409419327781,0.0451978851415156,-0.00463316853591965,0.996303279583385,1
"fixed",NA,"g__GGB3057:Days2",-0.0020519765410938,0.102152774121044,-0.0200873305570963,0.983973706858478,1
"fixed",NA,"g__Anaerotignum:Days2",-0.00131593938163586,0.000730161888868422,-1.80225700861388,0.0715049790957369,1
"fixed",NA,"g__Desulfovibrio:Days2",-0.000463013880390889,0.0185064879466728,-0.0250190031585184,0.980039806023824,1
"fixed",NA,"g__GGB9614:Days2",-0.30553564530271,0.00234435845616838,-130.328041131593,0,0
"fixed",NA,"s__Alistipes_finegoldii:Days2",0.00396477823905778,0.000111420465699388,35.5839316787163,2.48308110223472e-277,2.00384644950342e-274
"fixed",NA,"s__Bacteroides_faecis:Days2",-0.00734672576582469,0.00133080547814036,-5.5205106129341,3.38015976347939e-08,2.72778892912787e-05
"fixed",NA,"s__Parasutterella_excrementihominis:Days2",0.000576059959403658,0.0339946748617846,0.0169455940304121,0.986480019203459,1
"fixed",NA,"s__Paraprevotella_clara:Days2",8.78989441339247e-05,0.00696898089216389,0.0126128835039224,0.989936641806994,1
"fixed",NA,"s__Clostridium_fessum:Days2",0.000105855382862506,0.00271549866230892,0.0389819315073791,0.968904794231752,1
"fixed",NA,"s__Bacteroides_finegoldii:Days2",0.000157119095501268,0.00370605736223127,0.0423952141438718,0.966183643480954,1
"fixed",NA,"s__GGB9480_SGB14874:Days2",-0.0186637420464351,0.0209705248683951,-0.889998803728724,0.373466528418295,1
"fixed",NA,"s__Phocaeicola_dorei:Days2",0.0773569479725028,0.00548479808202526,14.1038825523981,3.59437706139227e-45,2.90066228854356e-42
"fixed",NA,"s__Clostridium_sp_AM22_11AC:Days2",0.000480960462636823,0.0183507810014742,0.0262092639325915,0.979090426872131,1
"fixed",NA,"s__Oliverpabstia_intestinalis:Days2",-0.00068216256040246,0.0215402011222675,-0.0316692753484676,0.974735797310761,1
"fixed",NA,"s__Holdemanella_porci:Days2",2.98743884418557,0.00232665491373558,1284.00598926339,0,0
"fixed",NA,"s__Fusicatenibacter_saccharivorans:Days2",0.000558568648081215,0.0115063001808498,0.048544592032359,0.961282227008711,1
"fixed",NA,"s__Agathobaculum_butyriciproducens:Days2",5.21793267432888e-05,0.0212263392697855,0.00245823484116092,0.998038614348826,1
"fixed",NA,"s__Coprococcus_catus:Days2",-0.00216992941153861,0.0468992174803909,-0.0462679236054607,0.963096705172493,1
"fixed",NA,"s__Anaerobutyricum_hallii:Days2",0.000225044993869232,0.00781700344413393,0.0287891639651395,0.977032743202447,1
"fixed",NA,"s__Eubacterium_ramulus:Days2",0.000682163986668752,0.0249804022035233,0.0273079665055407,0.978214102886768,1
"fixed",NA,"s__Blautia_obeum:Days2",-0.000734687023226856,0.0207896258583106,-0.0353391171266878,0.971809331841989,1
"fixed",NA,"s__Lacrimispora_amygdalina:Days2",-0.000111589621573989,0.00762522087450409,-0.014634280555348,0.988323950249271,1
"fixed",NA,"s__Evtepia_gabavorous:Days2",-5.90360160159666e-05,0.0379755935719735,-0.0015545778344209,0.998759626846953,1
"fixed",NA,"s__Hydrogenoanaerobacterium_SGB53821:Days2",0.00187947867047003,0.0340666682071914,0.0551706042704017,0.956002547648999,1
"fixed",NA,"s__Bacteroides_cellulosilyticus:Days2",0.0118652996164944,0.0100723415947732,1.17800806345286,0.238793391626813,1
"fixed",NA,"s__Anaerobutyricum_soehngenii:Days2",0.000339649807899053,0.0232875085765452,0.0145850642108251,0.988363215020092,1
"fixed",NA,"s__Eubacterium_ventriosum:Days2",0.00154061367814732,0.0506930299199988,0.0303910356232137,0.975755194091454,1
"fixed",NA,"s__Dorea_sp_AF36_15AT:Days2",5.80628195864883e-05,0.150321072709178,0.000386258683097751,0.999691810167944,1
"fixed",NA,"s__Intestinibacter_bartlettii:Days2",-0.00302642740004666,0.0374151961605524,-0.0808876528953626,0.935531299350429,1
"fixed",NA,"s__Gemmiger_formicilis:Days2",0.000124355197161408,0.0170568771518531,0.00729061926484579,0.994182978982078,1
"fixed",NA,"s__Mediterraneibacter_faecis:Days2",-0.000261821687333029,0.0183818278710526,-0.0142435066398017,0.988635710221456,1
"fixed",NA,"s__Simiaoa_sunii:Days2",-0.000209409419327781,0.0451978851415156,-0.00463316853591965,0.996303279583385,1
"fixed",NA,"s__GGB3057_SGB71294:Days2",-13.1543974781698,0.00284552528851803,-4622.83625847538,0,0
"fixed",NA,"s__Anaerotignum_faecicola:Days2",-0.00513194089339227,0.000487847580715437,-10.5195579444428,7.02021749530831e-26,5.6653155187138e-23
"fixed",NA,"s__Lachnospiraceae_bacterium_CLA_AA_H244:Days2",-0.000436988571450064,0.0255440391824436,-0.0171072620241832,0.986351045503438,1
"fixed",NA,"s__Blautia_SGB4815:Days2",-0.0648166640289939,0.00598924405662699,-10.8221777934187,2.70277564747144e-27,2.18113994750945e-24
"fixed",NA,"s__Desulfovibrio_fairfieldensis:Days2",-0.000365168932053,0.0390006187247111,-0.00936315740605484,0.99252939042196,1
"fixed",NA,"s__Clostridium_sp_AF20_17LB:Days2",-0.0195034685616742,0.038070151967252,-0.512303407100952,0.608438681103058,1
"fixed",NA,"s__GGB9614_SGB15049:Days2",-0.30553564530271,0.00234435845616838,-130.328041131593,0,0
"fixed",NA,"c__CFGB4806:Days2",0.000252883355572981,0.000355833302743662,0.710679280503306,0.477283001962087,1
"fixed",NA,"c__CFGB1354:Days2",-0.00555389974472404,0.00537266536346437,-1.0337326762415,0.301261152685126,1
"fixed",NA,"c__CFGB4405:Days2",-0.000198807794014958,0.00690117267194338,-0.0288078278092081,0.977017857783336,1
"fixed",NA,"c__CFGB3062:Days2",-0.0373267840781719,0.00118795622779526,-31.4210096338711,1.04516882818654e-216,8.43451244346537e-214
"fixed",NA,"c__CFGB2982:Days2",0.000319130723108252,0.0105764880986029,0.030173600171725,0.975928602953004,1
"fixed",NA,"c__CFGB38642:Days2",-0.000106356733752657,0.00416288326061672,-0.0255488148704176,0.979617212542245,1
"fixed",NA,"c__CFGB3023:Days2",-0.07178502354691,0.101858185385977,-0.704754588694968,0.48096297327875,1
"fixed",NA,"c__CFGB3070:Days2",0.00485338847848044,0.00865629280175584,0.56067748511187,0.575017418493534,1
"fixed",NA,"c__CFGB3054:Days2",0.0185843172310589,0.000466624010778694,39.8271773457301,0,0
"fixed",NA,"c__CFGB1473:Days2",-0.151342082802762,1.32752510705029,-0.114003179298837,0.909235273161701,1
"fixed",NA,"c__CFGB2834:Days2",-0.000944987981883882,0.0246975864494001,-0.038262361539657,0.969478499937586,1
"fixed",NA,"c__CFGB3038:Days2",0.000352450415352502,0.0531974436538772,0.0066253261650255,0.994713793215632,1
"fixed",NA,"c__CFGB1211:Days2",-0.00392031109796347,0.550190969730812,-0.00712536430738138,0.994314829935873,1
"fixed",NA,"c__CFGB1227:Days2",0.134292224227527,0.00307768593326176,43.634154731702,0,0
"fixed",NA,"c__CFGB79291:Days2",-0.0872315743345401,0.732630600274373,-0.119066244710324,0.90522287327971,1
"fixed",NA,"o__OFGB4806:Days2",0.000252883355572981,0.000355833302743662,0.710679280503306,0.477283001962087,1
"fixed",NA,"o__OFGB1354:Days2",-0.00555389974472404,0.00537266536346437,-1.0337326762415,0.301261152685126,1
"fixed",NA,"o__OFGB4405:Days2",-0.000198807794014958,0.00690117267194338,-0.0288078278092081,0.977017857783336,1
"fixed",NA,"o__OFGB3062:Days2",-0.0373267840781719,0.00118795622779526,-31.4210096338711,1.04516882818654e-216,8.43451244346537e-214
"fixed",NA,"o__OFGB2982:Days2",0.000319130723108252,0.0105764880986029,0.030173600171725,0.975928602953004,1
"fixed",NA,"o__OFGB38642:Days2",-0.000106356733752657,0.00416288326061672,-0.0255488148704176,0.979617212542245,1
"fixed",NA,"o__OFGB3023:Days2",-0.07178502354691,0.101858185385977,-0.704754588694968,0.48096297327875,1
"fixed",NA,"o__OFGB3070:Days2",0.00485338847848044,0.00865629280175584,0.56067748511187,0.575017418493534,1
"fixed",NA,"o__OFGB3054:Days2",0.0185843172310589,0.000466624010778694,39.8271773457301,0,0
"fixed",NA,"o__OFGB1473:Days2",-0.151342082802762,1.32752510705029,-0.114003179298837,0.909235273161701,1
"fixed",NA,"o__OFGB2834:Days2",-0.000944987981883882,0.0246975864494001,-0.038262361539657,0.969478499937586,1
"fixed",NA,"o__Candidatus_Borkfalkiales:Days2",-0.00608028027564107,0.0583517176271745,-0.104200536383345,0.917010208318544,1
"fixed",NA,"o__OFGB3038:Days2",0.000352450415352502,0.0531974436538772,0.0066253261650255,0.994713793215632,1
"fixed",NA,"o__OFGB1211:Days2",-0.00392031109796347,0.550190969730812,-0.00712536430738138,0.994314829935873,1
"fixed",NA,"o__OFGB1227:Days2",0.134292224227527,0.00307768593326176,43.634154731702,0,0
"fixed",NA,"o__Pasteurellales:Days2",-0.861339598407066,0.00241823854763611,-356.18471107784,0,0
"fixed",NA,"o__OFGB79291:Days2",-0.0872315743345401,0.732630600274373,-0.119066244710324,0.90522287327971,1
"fixed",NA,"f__FGB4806:Days2",0.000252883355572981,0.000355833302743662,0.710679280503306,0.477283001962087,1
"fixed",NA,"f__FGB1354:Days2",-0.00555389974472404,0.00537266536346437,-1.0337326762415,0.301261152685126,1
"fixed",NA,"f__FGB4405:Days2",-0.000198807794014958,0.00690117267194338,-0.0288078278092081,0.977017857783336,1
"fixed",NA,"f__FGB3062:Days2",-0.0373267840781719,0.00118795622779526,-31.4210096338711,1.04516882818654e-216,8.43451244346537e-214
"fixed",NA,"f__FGB2982:Days2",0.000319130723108252,0.0105764880986029,0.030173600171725,0.975928602953004,1
"fixed",NA,"f__Barnesiellaceae:Days2",0.000177517882156516,0.00495510986280617,0.035825216205395,0.971421726345399,1
"fixed",NA,"f__Eubacteriales_incertae_sedis:Days2",-0.000104350585934366,0.00348065544071967,-0.0299801539427271,0.976082880915091,1
"fixed",NA,"f__FGB38642:Days2",-0.000106356733752657,0.00416288326061672,-0.0255488148704176,0.979617212542245,1
"fixed",NA,"f__FGB3023:Days2",-0.07178502354691,0.101858185385977,-0.704754588694968,0.48096297327875,1
"fixed",NA,"f__FGB3070:Days2",0.00485338847848044,0.00865629280175584,0.56067748511187,0.575017418493534,1
"fixed",NA,"f__FGB3054:Days2",0.0185843172310589,0.000466624010778694,39.8271773457301,0,0
"fixed",NA,"f__FGB1473:Days2",-0.151342082802762,1.32752510705029,-0.114003179298837,0.909235273161701,1
"fixed",NA,"f__FGB2834:Days2",-0.000944987981883882,0.0246975864494001,-0.038262361539657,0.969478499937586,1
"fixed",NA,"f__Candidatus_Borkfalkiaceae:Days2",-0.00608028027564107,0.0583517176271745,-0.104200536383345,0.917010208318544,1
"fixed",NA,"f__FGB3038:Days2",0.000352450415352502,0.0531974436538772,0.0066253261650255,0.994713793215632,1
"fixed",NA,"f__FGB1211:Days2",-0.00392031109796347,0.550190969730812,-0.00712536430738138,0.994314829935873,1
"fixed",NA,"f__FGB1227:Days2",0.134292224227527,0.00307768593326176,43.634154731702,0,0
"fixed",NA,"f__Pasteurellaceae:Days2",-0.861339598407066,0.00241823854763611,-356.18471107784,0,0
"fixed",NA,"f__FGB79291:Days2",-0.0872315743345401,0.732630600274373,-0.119066244710324,0.90522287327971,1
"fixed",NA,"g__Faecalibacterium:Days2",-5.35863320382938e-05,4.75768730319168e-05,-1.12631050809803,0.26003411148022,1
"fixed",NA,"g__Ruminococcus:Days2",-6.37172806785109e-05,0.00128065372912122,-0.0497537150204009,0.960318651032191,1
"fixed",NA,"g__GGB51647:Days2",0.000252883355572981,0.000355833302743662,0.710679280503306,0.477283001962087,1
"fixed",NA,"g__Oscillibacter:Days2",1.63897479751259e-05,0.000330694010587861,0.0495616716673837,0.960471690652796,1
"fixed",NA,"g__Oscillospiraceae_unclassified:Days2",3.90463580849656e-05,0.00234213170274541,0.0166712905338312,0.986698850812924,1
"fixed",NA,"g__GGB3278:Days2",-0.014464092029276,0.0814318941546939,-0.177621952423198,0.859019883145143,1
"fixed",NA,"g__GGB3304:Days2",-0.00555389974472404,0.00537266536346437,-1.0337326762415,0.301261152685126,1
"fixed",NA,"g__Lachnospira:Days2",-0.00208507721677744,0.000469720843031899,-4.4389710350491,9.03899788951141e-06,0.00729447129683571
"fixed",NA,"g__GGB3345:Days2",-0.167248366364578,0.00183654580671482,-91.0668090896948,0,0
"fixed",NA,"g__Ligilactobacillus:Days2",-0.000497507972031543,0.00161943608100391,-0.307210625888445,0.758683058070419,1
"fixed",NA,"g__GGB1266:Days2",-0.000198807794014958,0.00690117267194338,-0.0288078278092081,0.977017857783336,1
"fixed",NA,"g__GGB9747:Days2",-0.0373267840781719,0.00118795622779526,-31.4210096338711,1.04516882818654e-216,8.43451244346537e-214
"fixed",NA,"g__GGB9634:Days2",-0.0313934102767154,0.00451904441283475,-6.9469134199154,3.7336467694062e-12,3.0130529429108e-09
"fixed",NA,"g__GGB33469:Days2",-0.0142549081369007,0.00623140205592144,-2.28759242446166,0.0221612674778836,1
"fixed",NA,"g__GGB9635:Days2",-0.000336270892591021,0.00699143133395674,-0.0480975749497508,0.961638478880425,1
"fixed",NA,"g__GGB9715:Days2",-3.58665689485814e-06,0.00367247693025834,-0.00097663156582602,0.999220760875909,1
"fixed",NA,"g__Sutterella:Days2",1.36881059562192e-05,0.004765370947354,0.00287241142556167,0.99770815042285,1
"fixed",NA,"g__GGB9342:Days2",0.000319130723108252,0.0105764880986029,0.030173600171725,0.975928602953004,1
"fixed",NA,"g__GGB9602:Days2",-0.0304251039319711,0.0521712028086773,-0.583178119230762,0.559773399346023,1
"fixed",NA,"g__Barnesiella:Days2",0.000198893176559136,0.00493330892001618,0.0403163839491494,0.967840891895832,1
"fixed",NA,"g__Candidatus_Cibionibacter:Days2",-0.000104350585934366,0.00348065544071967,-0.0299801539427271,0.976082880915091,1
"fixed",NA,"g__GGB13489:Days2",-0.00557031407427507,0.157186137539615,-0.035437692925505,0.971730728968219,1
"fixed",NA,"g__GGB9708:Days2",-0.000701685199626596,0.0203877313554198,-0.0344170318606863,0.972544602056622,1
"fixed",NA,"g__GGB9758:Days2",-0.000236569986174014,0.000286524720876232,-0.825652967920359,0.409000979047554,1
"fixed",NA,"g__Lawsonibacter:Days2",-0.000740350086512912,0.0174876009186222,-0.0423357148849689,0.966231074436587,1
"fixed",NA,"g__GGB9502:Days2",-0.00362895049300448,0.00182794381484167,-1.98526369549209,0.0471151409543746,1
"fixed",NA,"g__Kineothrix:Days2",-0.148586097305339,0.119387491905685,-1.24457005448042,0.213289833560882,1
"fixed",NA,"g__Butyricimonas:Days2",-0.000239632802335903,0.0355545056465995,-0.00673987158527184,0.994622401234031,1
"fixed",NA,"g__GGB9775:Days2",-0.0110696835346408,0.235545753502721,-0.0469958951499965,0.962516499111457,1
"fixed",NA,"g__GGB9760:Days2",-0.0106996827134144,0.267933035884838,-0.0399341674238831,0.968145611154854,1
"fixed",NA,"g__Vescimonas:Days2",-0.0380357134831174,0.00263813892306804,-14.4176309861967,4.00867333015016e-47,3.23499937743118e-44
"fixed",NA,"g__Coprobacter:Days2",-0.0213038508283711,0.429023815417133,-0.0496565693157564,0.960396066399705,1
"fixed",NA,"g__GGB3619:Days2",-0.166755385256133,0.316754917748009,-0.52644923855229,0.598576112323084,1
"fixed",NA,"g__GGB3730:Days2",-0.151342082802762,1.32752510705029,-0.114003179298837,0.909235273161701,1
"fixed",NA,"g__Frisingicoccus:Days2",-0.0146466258347316,0.0945056933839934,-0.15498141233904,0.876835971045011,1
"fixed",NA,"g__GGB9064:Days2",-3.69560418444414,0.0140706107206723,-262.647034859307,0,0
"fixed",NA,"g__Senegalimassilia:Days2",0.00828143721331409,0.903167578988379,0.00916932516841445,0.992684039532039,1
"fixed",NA,"g__GGB9707:Days2",-0.00616109181904148,0.138154385558722,-0.044595702077244,0.964429568498899,1
"fixed",NA,"g__GGB3653:Days2",-9.53764400393785e-05,0.031563502989835,-0.00302173177895034,0.997589010535758,1
"fixed",NA,"g__Candidatus_Borkfalkia:Days2",-1.69239811677229e-05,0.0775534121612461,-0.000218223553240123,0.999825882797448,1
"fixed",NA,"g__GGB3722:Days2",-1.44656047084387,0.00430542356546136,-335.985635060011,0,0
"fixed",NA,"g__GGB87445:Days2",0.0006912057216442,0.0248669489425438,0.0277961612114643,0.977824727690676,1
"fixed",NA,"g__GGB2970:Days2",-0.00392031109796347,0.550190969730812,-0.00712536430738138,0.994314829935873,1
"fixed",NA,"g__Faecalicatena:Days2",-0.000723296823577693,0.0363525044366464,-0.0198967536016184,0.984125734884219,1
"fixed",NA,"g__Faecalibacillus:Days2",-0.00612821794810348,0.127343485175763,-0.0481235293634782,0.961617794206919,1
"fixed",NA,"g__Haemophilus:Days2",-0.861339598407066,0.00241823854763611,-356.18471107784,0,0
"fixed",NA,"g__Intestinimonas:Days2",0.00405247114014494,0.0327461413072364,0.123754157844833,0.901509929441168,1
"fixed",NA,"g__GGB9522:Days2",-0.0872315743345401,0.732630600274373,-0.119066244710324,0.90522287327971,1
"fixed",NA,"g__Anaeromassilibacillus:Days2",0.00466794949052402,0.093035084384856,0.0501740770311363,0.959983669060373,1
"fixed",NA,"g__GGB3819:Days2",-0.00404193344267856,0.0522473480293887,-0.0773615043658294,0.938335964036248,1
"fixed",NA,"g__Colidextribacter:Days2",-0.164461904508534,12.3644006957169,-0.0133012435099669,0.989387456098831,1
"fixed",NA,"s__Faecalibacterium_prausnitzii:Days2",-1.89855176465724e-05,5.00652146935639e-05,-0.379215744160448,0.704527661041854,1
"fixed",NA,"s__GGB51647_SGB4348:Days2",0.000252883355572981,0.000355833302743662,0.710679280503306,0.477283001962087,1
"fixed",NA,"s__Ruminococcus_bicirculans:Days2",-0.000141321049342614,0.00254603492548355,-0.0555063278700993,0.95573508881277,1
"fixed",NA,"s__Oscillospiraceae_bacterium_CLA_AA_H250:Days2",-0.000170120724220977,0.00742713319844525,-0.0229053013693883,0.98172581162491,1
"fixed",NA,"s__GGB3278_SGB4328:Days2",-0.014464092029276,0.0814318941546939,-0.177621952423198,0.859019883145143,1
"fixed",NA,"s__Phocaeicola_plebeius:Days2",0.000303347294896478,8.43439753342728e-05,3.59654964915099,0.000322466058184864,0.260230108955185
"fixed",NA,"s__GGB3304_SGB4367:Days2",-0.000249849794998096,0.00488936489356826,-0.0511006644905482,0.959245306499453,1
"fixed",NA,"s__Faecalibacterium_sp_HTFF:Days2",-0.00158116090043533,0.0143471530319128,-0.110207293176444,0.912244978390904,1
"fixed",NA,"s__GGB3345_SGB4425:Days2",-0.167248366364578,0.00183654580671482,-91.0668090896948,0,0
"fixed",NA,"s__Ligilactobacillus_animalis:Days2",-0.0189124056782019,0.0302859044704626,-0.624462303797031,0.532324019198653,1
"fixed",NA,"s__GGB1266_SGB1699:Days2",-0.000198807794014958,0.00690117267194338,-0.0288078278092081,0.977017857783336,1
"fixed",NA,"s__Ruminococcus_bromii:Days2",-0.000113056478201731,0.00313656757276197,-0.0360446493114055,0.971246757065425,1
"fixed",NA,"s__GGB9747_SGB15356:Days2",-0.0373267840781719,0.00118795622779526,-31.4210096338711,1.04516882818654e-216,8.43451244346537e-214
"fixed",NA,"s__Oscillibacter_sp_ER4:Days2",-0.00180908767585425,0.0414528903974642,-0.0436420152734372,0.965189760239966,1
"fixed",NA,"s__GGB33469_SGB15236:Days2",-0.0064601107557287,0.0538041586833254,-0.120067127036609,0.904429972791288,1
"fixed",NA,"s__Lachnospira_pectinoschiza:Days2",-0.00317170964494909,0.000914185855053352,-3.4694363595945,0.000521551612917489,0.420892151624414
"fixed",NA,"s__GGB9635_SGB15106:Days2",-0.000351660121979796,0.00684244084850191,-0.0513939586422276,0.959011598718323,1
"fixed",NA,"s__Clostridiaceae_bacterium_Marseille_Q4149:Days2",-0.00593747862362666,0.215861659545395,-0.0275059435572347,0.978056199369141,1
"fixed",NA,"s__Clostridium_sp_AF36_4:Days2",-0.0119157216532927,0.00270718670811652,-4.40151453816159,1.07497863768705e-05,0.00867507760613449
"fixed",NA,"s__Faecalibacterium_SGB15346:Days2",-0.000283387808100966,0.013129646519014,-0.0215838109343288,0.982779947527432,1
"fixed",NA,"s__Sutterella_sp_AM11_39:Days2",-0.000315542384697388,0.0101904291177273,-0.0309645826541758,0.975297785067685,1
"fixed",NA,"s__GGB9715_SGB15260:Days2",0.000396204064632948,0.00591315043741857,0.0670038871539202,0.94657860865567,1
"fixed",NA,"s__Oscillibacter_sp_MSJ_31:Days2",0.000214652038000269,0.00101365999137651,0.211759406335826,0.832294739327886,1
"fixed",NA,"s__Lachnospira_eligens:Days2",-0.00453900427445403,0.00671717420669421,-0.675731212975024,0.49921131487899,1
"fixed",NA,"s__GGB9342_SGB14306:Days2",0.000319130723108252,0.0105764880986029,0.030173600171725,0.975928602953004,1
"fixed",NA,"s__Oscillibacter_valericigenes:Days2",-0.00194781190153922,0.0258876057707418,-0.0752410987245733,0.940022884958004,1
"fixed",NA,"s__GGB9602_SGB15031:Days2",-0.00147117751633944,0.0302148547138217,-0.0486905374946732,0.96116591691817,1
"fixed",NA,"s__Roseburia_faecis:Days2",3.80687645916328e-06,0.00522524385635164,0.000728554793578822,0.99941869742993,1
"fixed",NA,"s__Phocaeicola_massiliensis:Days2",-0.00485150495860209,0.000794859701881294,-6.10359909694682,1.03706218818899e-09,8.36909185868515e-07
"fixed",NA,"s__Barnesiella_intestinihominis:Days2",0.000198893176559136,0.00493330892001618,0.0403163839491494,0.967840891895832,1
"fixed",NA,"s__GGB9715_SGB15267:Days2",-0.00695233561890114,0.262942213759521,-0.0264405456982253,0.978905954653304,1
"fixed",NA,"s__Candidatus_Cibionibacter_quicibialis:Days2",-0.000104350585934366,0.00348065544071967,-0.0299801539427271,0.976082880915091,1
"fixed",NA,"s__Gemmiger_SGB15295:Days2",-0.027451602210324,0.0023898525255904,-11.4867348157988,1.53816444941249e-30,1.24129871067588e-27
"fixed",NA,"s__GGB13489_SGB15224:Days2",-0.00557031407427507,0.157186137539615,-0.035437692925505,0.971730728968219,1
"fixed",NA,"s__GGB9708_SGB15234:Days2",-0.00288488240639103,0.0175052178602657,-0.164801285503524,0.869100392192765,1
"fixed",NA,"s__GGB9758_SGB15368:Days2",-0.000236569986174014,0.000286524720876232,-0.825652967920359,0.409000979047554,1
"fixed",NA,"s__GGB9502_SGB14899:Days2",-0.00362895049300448,0.00182794381484167,-1.98526369549209,0.0471151409543746,1
"fixed",NA,"s__Lawsonibacter_asaccharolyticus:Days2",-0.00581463327831379,0.0509016786842702,-0.114232642785328,0.909053376067086,1
"fixed",NA,"s__Kineothrix_SGB4886:Days2",-0.148586097305339,0.119387491905685,-1.24457005448042,0.213289833560882,1
"fixed",NA,"s__GGB9775_SGB15395:Days2",-0.0110696835346408,0.235545753502721,-0.0469958951499965,0.962516499111457,1
"fixed",NA,"s__Lachnospiraceae_bacterium:Days2",0.00511160870831201,0.00106029974071439,4.82090913732376,1.42905441557831e-06,0.0011532469133717
"fixed",NA,"s__Alistipes_communis:Days2",-0.00156746000506506,0.0432228581529834,-0.036264607942334,0.971071370136754,1
"fixed",NA,"s__Coprobacter_fastidiosus:Days2",-0.0213927803930899,0.429553567300873,-0.0498023576605657,0.960279887875073,1
"fixed",NA,"s__GGB3619_SGB4894:Days2",-0.166755385256133,0.316754917748009,-0.52644923855229,0.598576112323084,1
"fixed",NA,"s__GGB9760_SGB15374:Days2",-0.0332258758199131,0.00396394278859157,-8.38202708564283,5.20238587840739e-17,4.19832540387476e-14
"fixed",NA,"s__Roseburia_inulinivorans:Days2",-0.000907231316421902,0.0261352433200411,-0.0347129470084641,0.972308636930183,1
"fixed",NA,"s__Clostridiales_bacterium_KLE1615:Days2",-0.000731001176346571,0.0381579371763962,-0.0191572509008363,0.984715660177301,1
"fixed",NA,"s__GGB3730_SGB5060:Days2",-0.151342082802762,1.32752510705029,-0.114003179298837,0.909235273161701,1
"fixed",NA,"s__Butyricimonas_virosa:Days2",-0.00132084608175863,0.0130153516904136,-0.101483702720956,0.919166494108274,1
"fixed",NA,"s__Frisingicoccus_SGB4674:Days2",-0.563023658282257,0.00391739752338164,-143.723902137007,0,0
"fixed",NA,"s__GGB9064_SGB13983:Days2",-3.69560418444414,0.0140706107206723,-262.647034859307,0,0
"fixed",NA,"s__Lawsonibacter_SGB15145:Days2",-0.00156921979400996,0.199953419355667,-0.00784792677747967,0.993738324666054,1
"fixed",NA,"s__GGB9760_SGB15373:Days2",0.00234170888346958,0.0529595638897354,0.0442169215808713,0.964731493773959,1
"fixed",NA,"s__Senegalimassilia_anaerobia:Days2",-0.137818429075861,0.00310973735923397,-44.3183501226002,0,0
"fixed",NA,"s__Blautia_luti:Days2",0.01227392646129,0.228826553658218,0.0536385583974782,0.957223135557202,1
"fixed",NA,"s__GGB9707_SGB15229:Days2",-0.00616109181904148,0.138154385558722,-0.044595702077244,0.964429568498899,1
"fixed",NA,"s__Clostridium_SGB6173:Days2",-0.00712933152094846,0.147103154735385,-0.0484648445084199,0.961345781520223,1
"fixed",NA,"s__GGB3653_SGB4964:Days2",-9.53764400393785e-05,0.031563502989835,-0.00302173177895034,0.997589010535758,1
"fixed",NA,"s__Candidatus_Borkfalkia_ceftriaxoniphila:Days2",-1.69239811677229e-05,0.0775534121612461,-0.000218223553240123,0.999825882797448,1
"fixed",NA,"s__Oscillospiraceae_bacterium:Days2",-0.000801281710061809,0.129260196174817,-0.00619898262399446,0.995053959148886,1
"fixed",NA,"s__GGB3722_SGB5050:Days2",-1.44656047084387,0.00430542356546136,-335.985635060011,0,0
"fixed",NA,"s__GGB87445_SGB15180:Days2",0.0006912057216442,0.0248669489425438,0.0277961612114643,0.977824727690676,1
"fixed",NA,"s__Coprococcus_eutactus:Days2",-0.00020268522354865,0.0127546316243338,-0.0158911076006271,0.987321264214802,1
"fixed",NA,"s__GGB2970_SGB3952:Days2",-0.00392031109796347,0.550190969730812,-0.00712536430738138,0.994314829935873,1
"fixed",NA,"s__Faecalicatena_fissicatena:Days2",-0.000665055025702735,0.0373315407232342,-0.0178148293056874,0.98578657456237,1
"fixed",NA,"s__Eubacterium_siraeum:Days2",0.000172909715533142,0.00569916512792463,0.0303394815998439,0.97579630929126,1
"fixed",NA,"s__Faecalibacterium_sp_CLA_AA_H233:Days2",-0.0782095482296546,0.00355605619361355,-21.9933386795501,3.33523803279548e-107,2.69153709246595e-104
"fixed",NA,"s__Blautia_sp_OF03_15BH:Days2",-0.202910375892425,0.389411502361034,-0.521069292155373,0.602318501777207,1
"fixed",NA,"s__Faecalibacillus_intestinalis:Days2",-0.15263680096613,0.00313717816382092,-48.6541704026866,0,0
"fixed",NA,"s__Clostridiaceae_bacterium_Marseille_Q4143:Days2",-9.22259651906768,17.9510477025991,-0.513763690669283,0.607417216469616,1
"fixed",NA,"s__Haemophilus_parainfluenzae:Days2",-0.861339598407066,0.00241823854763611,-356.18471107784,0,0
"fixed",NA,"s__Desulfovibrio_desulfuricans:Days2",0.818831868827628,0.00478137605032357,171.254438096793,0,0
"fixed",NA,"s__Intestinimonas_butyriciproducens:Days2",0.0360696509558509,0.00140123981733422,25.7412403713102,4.04024922842856e-146,3.26048112734185e-143
"fixed",NA,"s__GGB9522_SGB14921:Days2",-0.0872315743345401,0.732630600274373,-0.119066244710324,0.90522287327971,1
"fixed",NA,"s__Anaeromassilibacillus_senegalensis:Days2",0.00606184178917621,0.101931117482188,0.0594699826599614,0.952577773514689,1
"fixed",NA,"s__GGB3819_SGB5184:Days2",-0.00404193344267856,0.0522473480293887,-0.0773615043658294,0.938335964036248,1
"fixed",NA,"s__Lachnospiraceae_bacterium_AM48_27BH:Days2",0.0187197713661093,0.00259208136732288,7.2219073066534,5.1263413080682e-13,4.13695743561104e-10
"fixed",NA,"s__Fusicatenibacter_sp_CLA_AA_H277:Days2",-0.124679111959246,0.27022787292752,-0.461385091806156,0.644522345469195,1
"fixed",NA,"s__Colidextribacter_sp_210702_DFI_3_9:Days2",-0.164461904508534,12.3644006957169,-0.0133012435099669,0.989387456098831,1
"fixed",NA,"s__Clostridium_sp_AM33_3:Days2",-0.633642711147117,0.003369055121608,-188.077276350613,0,0
"fixed",NA,"s__GGB9634_SGB15093:Days2",-0.000654417625350247,0.0179273924651462,-0.0365037819427752,0.970880663166559,1
"fixed",NA,"s__Clostridium_sp_AF27_2AA:Days2",0.0362353529951547,0.00138509038674277,26.1610024457444,7.38763400445408e-151,5.96182064159444e-148
"fixed",NA,"c__CFGB3072:Days2",0.00236441606048782,0.0434910941443763,0.0543655225743167,0.956643947213407,1
"fixed",NA,"c__CFGB3057:Days2",-0.000197386927312095,0.00127404825954074,-0.154928925049705,0.876877350070737,1
"fixed",NA,"o__OFGB3072:Days2",0.00236441606048782,0.0434910941443763,0.0543655225743167,0.956643947213407,1
"fixed",NA,"o__Micrococcales:Days2",-0.124500880192439,0.591620826872925,-0.21044032687372,0.833324020963096,1
"fixed",NA,"o__Actinomycetales:Days2",0.0371443165737869,0.00152176480481881,24.4087105025468,1.38219125060725e-131,1.11542833924005e-128
"fixed",NA,"o__OFGB3057:Days2",-0.000197386927312095,0.00127404825954074,-0.154928925049705,0.876877350070737,1
"fixed",NA,"f__Turicibacteraceae:Days2",0.00102256132563421,0.105177059470681,0.0097222847908127,0.992242861274314,1
"fixed",NA,"f__FGB3072:Days2",0.00236441606048782,0.0434910941443763,0.0543655225743167,0.956643947213407,1
"fixed",NA,"f__Micrococcaceae:Days2",0.94046217899012,0.00186156624702316,505.199415005518,0,0
"fixed",NA,"f__Actinomycetaceae:Days2",0.0371443165737869,0.00152176480481881,24.4087105025468,1.38219125060725e-131,1.11542833924005e-128
"fixed",NA,"f__Christensenellaceae:Days2",15.948353421531,0.00385904039913021,4132.7251782919,0,0
"fixed",NA,"f__FGB3057:Days2",-0.000197386927312095,0.00127404825954074,-0.154928925049705,0.876877350070737,1
"fixed",NA,"g__Turicibacter:Days2",0.00102256132563421,0.105177059470681,0.0097222847908127,0.992242861274314,1
"fixed",NA,"g__Lachnoclostridium:Days2",0.251110874097844,0.529757827569354,0.474010691356834,0.635492283205414,1
"fixed",NA,"g__Romboutsia:Days2",0.0228085274450236,0.152414376998772,0.149648136180797,0.881042228587819,1
"fixed",NA,"g__Lentihominibacter:Days2",574.522807658891,463682.335749753,0.0012390439819751,0.999011386189585,1
"fixed",NA,"g__Slackia:Days2",0.0125096939302346,0.268369762366919,0.04661364909334,0.962821153452707,1
"fixed",NA,"g__GGB3537:Days2",-0.00455464048536725,1.32390742768178,-0.00344030133084353,0.997255042098349,1
"fixed",NA,"g__GGB9365:Days2",-0.00554865535155276,0.845956004393595,-0.00655903536677441,0.994766684470814,1
"fixed",NA,"g__GGB45491:Days2",-0.26062207943743,0.00127095041232504,-205.060777281354,0,0
"fixed",NA,"g__Rothia:Days2",0.94046217899012,0.00186156624702316,505.199415005518,0,0
"fixed",NA,"g__GGB3005:Days2",929.345882091679,0.00208615299110569,445483.090671654,0,0
"fixed",NA,"g__GGB2980:Days2",-62.1667745211957,3064882.66970575,-2.02835740290065e-05,0.999983816049445,1
"fixed",NA,"g__Schaalia:Days2",0.404528335562523,0.00135807295827677,297.869369312691,0,0
"fixed",NA,"g__Zhenpiania:Days2",358.687908428317,0.0020142972812111,178070.98871357,0,0
"fixed",NA,"g__Coprobacillus:Days2",1321.63050201108,309.057373346079,4.27632736181685,1.90001771325609e-05,0.0153331429459766
"fixed",NA,"g__GGB32900:Days2",-0.000975671208430865,0.0540047881172748,-0.0180663834160803,0.985585895720392,1
"fixed",NA,"g__GGB9534:Days2",0.00309486249403288,0.0726302910050518,0.0426111812469211,0.966011482240894,1
"fixed",NA,"g__GGB9781:Days2",0.118002472010706,0.140276750527791,0.841211901236106,0.400229234411474,1
"fixed",NA,"g__GGB9469:Days2",-0.025091323546079,0.0233341785896654,-1.07530348452856,0.282238876657919,1
"fixed",NA,"s__Bifidobacterium_pseudocatenulatum:Days2",0.0888335788741937,1.01898476156049,0.0871785155434046,0.930529616441026,1
"fixed",NA,"s__Bifidobacterium_longum:Days2",0.00016305361575566,0.0133342675903848,0.0122281643630159,0.990243579591407,1
"fixed",NA,"s__Blautia_hydrogenotrophica:Days2",1.62122165786296,4.27703817087265,0.379052417372319,0.704648939638394,1
"fixed",NA,"s__Clostridium_saudiense:Days2",0.0020428826504035,1.1517201397127,0.00177376654272375,0.998584739803219,1
"fixed",NA,"s__Clostridium_scindens:Days2",0.00125221200047577,0.0642058557955708,0.0195030809099838,0.984439779300707,1
"fixed",NA,"s__Romboutsia_timonensis:Days2",0.00145152707349148,0.0615414617895933,0.0235861650224392,0.98118270779535,1
"fixed",NA,"s__GGB3433_SGB4573:Days2",-0.00319637387809087,0.107101128646437,-0.0298444462582908,0.976191111550922,1
"fixed",NA,"s__Erysipelatoclostridium_ramosum:Days2",6.90599761416162,2.71357867818569,2.54497784408411,0.010928467208776,1
"fixed",NA,"s__Lentihominibacter_faecis:Days2",777.131026839089,1497550.35509936,0.000518934821919579,0.999585949936111,1
"fixed",NA,"s__Slackia_isoflavoniconvertens:Days2",0.0842381776966805,0.00316597892694529,26.6073083998566,5.58709516851883e-156,4.50878580099469e-153
"fixed",NA,"s__GGB3537_SGB4727:Days2",-0.00455464048536725,1.32390742768178,-0.00344030133084353,0.997255042098349,1
"fixed",NA,"s__GGB9365_SGB14341:Days2",-0.00554865535155276,0.845956004393595,-0.00655903536677441,0.994766684470814,1
"fixed",NA,"s__Vescimonas_coprocola:Days2",-0.00452660977000651,0.00739430000421096,-0.612175563262063,0.540421607573784,1
"fixed",NA,"s__Streptococcus_parasanguinis:Days2",0.0032998195608934,0.0258230052383825,0.127786039248006,0.898318298546719,1
"fixed",NA,"s__GGB45491_SGB63163:Days2",-0.26062207943743,0.00127095041232504,-205.060777281354,0,0
"fixed",NA,"s__Rothia_mucilaginosa:Days2",0.94046217899012,0.00186156624702316,505.199415005518,0,0
"fixed",NA,"s__GGB3005_SGB3996:Days2",929.345882091679,0.00208615299110569,445483.090671654,0,0
"fixed",NA,"s__GGB2980_SGB3962:Days2",-62.1667745211957,3064882.66970575,-2.02835740290065e-05,0.999983816049445,1
"fixed",NA,"s__Zhenpiania_hominis:Days2",358.687908428317,0.0020142972812111,178070.98871357,0,0
"fixed",NA,"s__Coprobacillus_cateniformis:Days2",1321.63050201108,309.057373346079,4.27632736181685,1.90001771325609e-05,0.0153331429459766
"fixed",NA,"s__GGB32900_SGB53446:Days2",-0.000975671208430865,0.0540047881172748,-0.0180663834160803,0.985585895720392,1
"fixed",NA,"s__GGB9534_SGB14937:Days2",0.00309486249403288,0.0726302910050518,0.0426111812469211,0.966011482240894,1
"fixed",NA,"s__Enterocloster_clostridioformis:Days2",0.00579543664326614,0.0374977842388875,0.1545541092867,0.87717285064484,1
"fixed",NA,"s__Enterocloster_bolteae:Days2",0.0186742873693113,0.00380884015315716,4.90288030434465,9.44415355703377e-07,0.000762143192052625
"fixed",NA,"s__GGB9469_SGB14862:Days2",-0.0250788130723233,0.0242337396623703,-1.03487177058625,0.300728799634797,1
"fixed",NA,"s__Bacteroides_thetaiotaomicron:Days2",0.00201175271174462,0.00292701079684272,0.687306214898366,0.491889783249085,1
"fixed",NA,"s__Enterocloster_aldenensis:Days2",0.0165791625789899,0.119533125822536,0.138699314226953,0.889687760029783,1
"fixed",NA,"p__Verrucomicrobia:Days2",-0.000206907659043261,0.00637856461310818,-0.0324379655288054,0.974122786294174,1
"fixed",NA,"p__Bacteria_unclassified:Days2",0.00103152495588883,0.0755383730854751,0.0136556416792511,0.989104712956578,1
"fixed",NA,"c__CFGB1011:Days2",-0.0135844337020125,0.213581071651521,-0.0636031723081567,0.949286205722442,1
"fixed",NA,"c__CFGB2979:Days2",0.0136402013763502,0.00107063150325109,12.7403325373206,3.52887478384504e-37,2.84780195056295e-34
"fixed",NA,"c__CFGB2898:Days2",0.0202772270514065,0.185587460439812,0.109259682757406,0.91299652359455,1
"fixed",NA,"c__Verrucomicrobiae:Days2",-0.000190470194207947,0.00638741988731318,-0.0298195824868603,0.976210941144641,1
"fixed",NA,"c__CFGB1814:Days2",368.164124430918,5100116.65192117,7.21873928691874e-05,0.999942402793795,1
"fixed",NA,"c__CFGB3041:Days2",0.00250465214549632,0.0097078463973525,0.258002861085584,0.796404699135661,1
"fixed",NA,"c__CFGB3069:Days2",0.00767203397241112,0.0337962194070677,0.227008644961238,0.820417019939465,1
"fixed",NA,"c__Bacteria_unclassified:Days2",0.00100391058842804,0.0759994323489925,0.0132094485103263,0.989460691477613,1
"fixed",NA,"c__CFGB75721:Days2",0.000887612492795114,0.0310153647846385,0.02861847664725,0.977168875885906,1
"fixed",NA,"c__CFGB1292:Days2",-1.024271211571,0.318809179323388,-3.21280338836172,0.00131446238370596,1
"fixed",NA,"c__CFGB3004:Days2",0.0473115141371569,0.00241972985822805,19.5523950643825,3.93601386674203e-85,3.17636319046082e-82
"fixed",NA,"o__OFGB1011:Days2",-0.0135844337020125,0.213581071651521,-0.0636031723081567,0.949286205722442,1
"fixed",NA,"o__OFGB2979:Days2",0.0136402013763502,0.00107063150325109,12.7403325373206,3.52887478384504e-37,2.84780195056295e-34
"fixed",NA,"o__OFGB2898:Days2",0.0202772270514065,0.185587460439812,0.109259682757406,0.91299652359455,1
"fixed",NA,"o__Verrucomicrobiales:Days2",-0.000190470194207947,0.00638741988731318,-0.0298195824868603,0.976210941144641,1
"fixed",NA,"o__OFGB1814:Days2",368.164124430918,5100116.65192117,7.21873928691874e-05,0.999942402793795,1
"fixed",NA,"o__OFGB3041:Days2",0.00250465214549632,0.0097078463973525,0.258002861085584,0.796404699135661,1
"fixed",NA,"o__OFGB3069:Days2",0.00767203397241112,0.0337962194070677,0.227008644961238,0.820417019939465,1
"fixed",NA,"o__Bacteria_unclassified:Days2",0.00100391058842804,0.0759994323489925,0.0132094485103263,0.989460691477613,1
"fixed",NA,"o__OFGB75721:Days2",0.000887612492795114,0.0310153647846385,0.02861847664725,0.977168875885906,1
"fixed",NA,"o__OFGB1292:Days2",-1.024271211571,0.318809179323388,-3.21280338836172,0.00131446238370596,1
"fixed",NA,"o__OFGB3004:Days2",0.0473115141371569,0.00241972985822805,19.5523950643825,3.93601386674203e-85,3.17636319046082e-82
"fixed",NA,"f__FGB1011:Days2",-0.0135844337020125,0.213581071651521,-0.0636031723081567,0.949286205722442,1
"fixed",NA,"f__FGB2979:Days2",0.0136402013763502,0.00107063150325109,12.7403325373206,3.52887478384504e-37,2.84780195056295e-34
"fixed",NA,"f__FGB2898:Days2",0.0202772270514065,0.185587460439812,0.109259682757406,0.91299652359455,1
"fixed",NA,"f__Akkermansiaceae:Days2",-0.000190470194207947,0.00638741988731318,-0.0298195824868603,0.976210941144641,1
"fixed",NA,"f__FGB1814:Days2",368.164124430918,5100116.65192117,7.21873928691874e-05,0.999942402793795,1
"fixed",NA,"f__FGB3041:Days2",0.00250465214549632,0.0097078463973525,0.258002861085584,0.796404699135661,1
"fixed",NA,"f__FGB3069:Days2",0.00767203397241112,0.0337962194070677,0.227008644961238,0.820417019939465,1
"fixed",NA,"f__Bacteria_unclassified:Days2",0.00100391058842804,0.0759994323489925,0.0132094485103263,0.989460691477613,1
"fixed",NA,"f__FGB75721:Days2",0.000887612492795114,0.0310153647846385,0.02861847664725,0.977168875885906,1
"fixed",NA,"f__FGB1292:Days2",-1.024271211571,0.318809179323388,-3.21280338836172,0.00131446238370596,1
"fixed",NA,"f__FGB3004:Days2",0.0473115141371569,0.00241972985822805,19.5523950643825,3.93601386674203e-85,3.17636319046082e-82
"fixed",NA,"g__GGB3576:Days2",77.4182753798966,2790227.75241221,2.77462208283775e-05,0.999977861718783,1
"fixed",NA,"g__GGB33512:Days2",0.000435071389268941,0.321410156082522,0.00135363298587627,0.998919957469407,1
"fixed",NA,"g__GGB9699:Days2",0.000253077121392668,0.0169037753390795,0.0149716330415007,0.988054811399779,1
"fixed",NA,"g__GGB2653:Days2",0.503487743750653,0.927061575671987,0.543100649367003,0.587060505567197,1
"fixed",NA,"g__GGB40351:Days2",0.0136402013763502,0.00107063150325109,12.7403325373206,3.52887478384504e-37,2.84780195056295e-34
"fixed",NA,"g__Neglectibacter:Days2",-0.185420312591416,0.075126743128736,-2.46809997171956,0.01358323781267,1
"fixed",NA,"g__GGB9453:Days2",-0.0227541046236819,0.19463303884808,-0.116907719050939,0.906933181184385,1
"fixed",NA,"g__GGB9531:Days2",0.000692456711445516,0.00180168692053744,0.384337979896616,0.700727961718207,1
"fixed",NA,"g__GGB9782:Days2",0.119351803077328,0.373441002429839,0.319600157188821,0.749271455199422,1
"fixed",NA,"g__Akkermansia:Days2",-0.000190470194207947,0.00638741988731318,-0.0298195824868603,0.976210941144641,1
"fixed",NA,"g__GGB4802:Days2",368.164124430918,5100116.65192117,7.21873928691874e-05,0.999942402793795,1
"fixed",NA,"g__GGB9547:Days2",0.00250465214549632,0.0097078463973525,0.258002861085584,0.796404699135661,1
"fixed",NA,"g__GGB9770:Days2",0.00796650477674214,0.0348893658006784,0.228336187658282,0.819384893838688,1
"fixed",NA,"g__Eisenbergiella:Days2",-0.226314920597233,0.182028313304593,-1.2432951582567,0.213759087739799,1
"fixed",NA,"g__Anaerotruncus:Days2",-0.000298013756062297,0.0945776882272489,-0.0031509942952532,0.997485874461001,1
"fixed",NA,"g__Bacteria_unclassified:Days2",0.000277529938445416,0.0803683223522071,0.00345322547892894,0.997244730181384,1
"fixed",NA,"g__GGB9524:Days2",-0.109511041066479,0.00363579738818609,-30.1202265622162,2.6335214659549e-199,2.1252518230256e-196
"fixed",NA,"g__Adlercreutzia:Days2",-0.00578546286787773,0.0972163946530825,-0.0595111852123626,0.952544956757054,1
"fixed",NA,"g__Holdemania:Days2",-0.123279029817946,0.0047455875065298,-25.9776117600438,8.86862399305387e-149,7.15697956239447e-146
"fixed",NA,"g__Provencibacterium:Days2",9.42129283927239,12.4152191033045,0.75885030790675,0.447942107530609,1
"fixed",NA,"g__GGB3109:Days2",-0.760437441913951,0.00509497212445265,-149.252522553427,0,0
"fixed",NA,"g__GGB58071:Days2",10.0752432704304,222.707443185072,0.0452398138397996,0.963916159866229,1
"fixed",NA,"g__GGB58158:Days2",0.0473115141371569,0.00241972985822805,19.5523950643825,3.93601386674203e-85,3.17636319046082e-82
"fixed",NA,"g__GGB3167:Days2",0.0854713534357613,0.367789168885751,0.232392252590537,0.816233365769986,1
"fixed",NA,"g__GGB33586:Days2",-0.102298225282691,0.0054329094638014,-18.829363155099,4.33947841124052e-79,3.5019590778711e-76
"fixed",NA,"g__Anaerofilum:Days2",0.00261451495469059,0.484264463196774,0.00539894035881014,0.995692289770276,1
"fixed",NA,"s__GGB3576_SGB4784:Days2",77.4182753798966,2790227.75241221,2.77462208283775e-05,0.999977861718783,1
"fixed",NA,"s__GGB33512_SGB15201:Days2",0.000450879886466393,0.406226925079717,0.00110992122537892,0.999114411172393,1
"fixed",NA,"s__Bilophila_wadsworthia:Days2",0.000986958185727474,0.0146652245754062,0.0672992207281037,0.946343497253031,1
"fixed",NA,"s__GGB9699_SGB15216:Days2",0.000253077121392668,0.0169037753390795,0.0149716330415007,0.988054811399779,1
"fixed",NA,"s__GGB2653_SGB3574:Days2",0.503487743750653,0.927061575671987,0.543100649367003,0.587060505567197,1
"fixed",NA,"s__GGB40351_SGB14301:Days2",0.0136402013763502,0.00107063150325109,12.7403325373206,3.52887478384504e-37,2.84780195056295e-34
"fixed",NA,"s__Neglectibacter_timonensis:Days2",-0.185420312591416,0.075126743128736,-2.46809997171956,0.01358323781267,1
"fixed",NA,"s__Alistipes_shahii:Days2",-0.00827339919279323,0.0614176230556921,-0.134707251456005,0.892843339620196,1
"fixed",NA,"s__GGB9531_SGB14932:Days2",0.000692456711445516,0.00180168692053744,0.384337979896616,0.700727961718207,1
"fixed",NA,"s__GGB9719_SGB15273:Days2",1107.09259936844,2002917.55009821,0.00055273997639801,0.99955897732915,1
"fixed",NA,"s__GGB9782_SGB15403:Days2",0.119351803077328,0.373441002429839,0.319600157188821,0.749271455199422,1
"fixed",NA,"s__Akkermansia_muciniphila:Days2",-6.0547237553094e-05,0.00652436092629121,-0.00928017904544595,0.992595594698329,1
"fixed",NA,"s__GGB4802_SGB6641:Days2",368.164124430918,5100116.65192117,7.21873928691874e-05,0.999942402793795,1
"fixed",NA,"s__Alistipes_senegalensis:Days2",0.000445025853640188,0.0220061964852185,0.0202227519843836,0.983865678136775,1
"fixed",NA,"s__Clostridium_leptum:Days2",0.00576296870355946,0.0471580975718301,0.122205283934142,0.902736441848481,1
"fixed",NA,"s__GGB9770_SGB15390:Days2",0.0760845486366299,0.00358443845216626,21.2263509757429,5.45361889552951e-100,4.40107044869231e-97
"fixed",NA,"s__Anaerotruncus_massiliensis:Days2",-0.000419886368458839,0.236476890303108,-0.00177559155112638,0.998583283659484,1
"fixed",NA,"s__bacterium_210917_DFI_7_65:Days2",-0.0452154943246952,0.0349413878474167,-1.2940383055803,0.195652189822596,1
"fixed",NA,"s__Alistipes_indistinctus:Days2",0.0190430915599919,0.0900832298277672,0.211394413770476,0.832579515420656,1
"fixed",NA,"s__GGB9524_SGB14924:Days2",-0.00925007152849475,0.00100799764846855,-9.17667967038253,4.44588418992454e-20,3.5878285412691e-17
"fixed",NA,"s__Adlercreutzia_equolifaciens:Days2",-0.00638390229934912,0.09851113867942,-0.0648038626385585,0.948330165976529,1
"fixed",NA,"s__Holdemania_filiformis:Days2",-0.136430120789763,2.24164617696628,-0.0608615767250117,0.95146945002282,1
"fixed",NA,"s__GGB9781_SGB66170:Days2",0.172067872721058,0.242905287889259,0.708374338888432,0.478712823641733,1
"fixed",NA,"s__Provencibacterium_massiliense:Days2",9.42129283927239,12.4152191033045,0.75885030790675,0.447942107530609,1
"fixed",NA,"s__Faecalibacillus_faecis:Days2",-0.0266373600844623,0.434947732144154,-0.0612426692125708,0.951165948370217,1
"fixed",NA,"s__Hydrogenoanaerobacterium_saccharovorans:Days2",7.61958861989931,0.00422056667078571,1805.34729439088,0,0
"fixed",NA,"s__GGB3109_SGB4121:Days2",-0.760437441913951,0.00509497212445265,-149.252522553427,0,0
"fixed",NA,"s__Intestinimonas_massiliensis:Days2",0.066194096676179,0.00388498532719994,17.0384418733153,4.25928556630418e-65,3.43724345200747e-62
"fixed",NA,"s__Enterocloster_lavalensis:Days2",0.00247435762154632,0.0260519173117042,0.0949779469948908,0.924332343470357,1
"fixed",NA,"s__GGB58071_SGB79702:Days2",10.0752432704304,222.707443185072,0.0452398138397996,0.963916159866229,1
"fixed",NA,"s__Lachnospira_sp_NSJ_43:Days2",-0.00186260054387651,0.030977817174798,-0.0601269138289003,0.952054554600985,1
"fixed",NA,"s__Anaerotruncus_rubiinfantis:Days2",-0.660157359217134,0.00171339893831699,-385.291098560843,0,0
"fixed",NA,"s__GGB58158_SGB79798:Days2",0.0473115141371569,0.00241972985822805,19.5523950643825,3.93601386674203e-85,3.17636319046082e-82
"fixed",NA,"s__GGB3167_SGB4181:Days2",0.0854713534357613,0.367789168885751,0.232392252590537,0.816233365769986,1
"fixed",NA,"s__GGB33586_SGB53517:Days2",-0.102298225282691,0.0054329094638014,-18.829363155099,4.33947841124052e-79,3.5019590778711e-76
"fixed",NA,"s__Anaerofilum_hominis:Days2",0.00261451495469059,0.484264463196774,0.00539894035881014,0.995692289770276,1
"fixed",NA,"k__Archaea:Days2",0.00438097758008901,0.0408960176676136,0.107124796739278,0.91468997540498,1
"fixed",NA,"p__Euryarchaeota:Days2",0.00270499159411641,0.120203881876546,0.0225033630519067,0.982046429352927,1
"fixed",NA,"p__Tenericutes:Days2",-0.000618161479709374,0.000554066134172273,-1.11568175996328,0.264558380888119,1
"fixed",NA,"p__Lentisphaerae:Days2",-0.0091298902795682,0.0966487897625785,-0.0944646104932729,0.924740093435027,1
"fixed",NA,"c__CFGB1765:Days2",4.71450735382179e-06,0.000402217802551271,0.011721279674638,0.990647986058279,1
"fixed",NA,"c__CFGB2875:Days2",0.0221358533065637,0.000363069145804683,60.9686985587916,0,0
"fixed",NA,"c__CFGB1249:Days2",0.000770020674092996,0.0802078134290726,0.00960031998346299,0.992340170569432,1
"fixed",NA,"c__Methanobacteria:Days2",0.00270499159411641,0.120203881876546,0.0225033630519067,0.982046429352927,1
"fixed",NA,"c__CFGB1787:Days2",-0.00471463691526586,0.00316155433858545,-1.4912401971795,0.135898443572714,1
"fixed",NA,"c__Lentisphaeria:Days2",-0.0120957085667739,0.10405660253403,-0.116241624963858,0.907461048383108,1
"fixed",NA,"c__CFGB3043:Days2",-0.142541091026404,0.0027738605196679,-51.3872597471014,0,0
"fixed",NA,"c__CFGB12107:Days2",0.33863167556025,2.30851166147332,0.146688310573285,0.883378045602998,1
"fixed",NA,"c__CFGB3047:Days2",-0.187504478790388,7.66491187356272,-0.0244627051012962,0.980483531823913,1
"fixed",NA,"c__CFGB1226:Days2",0.00105166555433092,0.0710593449737126,0.0147998205544952,0.988191882743036,1
"fixed",NA,"c__CFGB72939:Days2",0.00348206179837156,0.0542479095601933,0.0641879443208384,0.948820576637866,1
"fixed",NA,"o__OFGB1765:Days2",4.71450735382179e-06,0.000402217802551271,0.011721279674638,0.990647986058279,1
"fixed",NA,"o__OFGB2875:Days2",0.0221358533065637,0.000363069145804683,60.9686985587916,0,0
"fixed",NA,"o__OFGB1249:Days2",0.000770020674092996,0.0802078134290726,0.00960031998346299,0.992340170569432,1
"fixed",NA,"o__Methanobacteriales:Days2",0.00270499159411641,0.120203881876546,0.0225033630519067,0.982046429352927,1
"fixed",NA,"o__OFGB1787:Days2",-0.00471463691526586,0.00316155433858545,-1.4912401971795,0.135898443572714,1
"fixed",NA,"o__Victivallales:Days2",-0.0120957085667739,0.10405660253403,-0.116241624963858,0.907461048383108,1
"fixed",NA,"o__OFGB3043:Days2",-0.142541091026404,0.0027738605196679,-51.3872597471014,0,0
"fixed",NA,"o__OFGB12107:Days2",0.33863167556025,2.30851166147332,0.146688310573285,0.883378045602998,1
"fixed",NA,"o__OFGB3047:Days2",-0.187504478790388,7.66491187356272,-0.0244627051012962,0.980483531823913,1
"fixed",NA,"o__OFGB1226:Days2",0.00105166555433092,0.0710593449737126,0.0147998205544952,0.988191882743036,1
"fixed",NA,"o__OFGB72939:Days2",0.00348206179837156,0.0542479095601933,0.0641879443208384,0.948820576637866,1
"fixed",NA,"f__FGB1765:Days2",4.71450735382179e-06,0.000402217802551271,0.011721279674638,0.990647986058279,1
"fixed",NA,"f__FGB2875:Days2",0.0221358533065637,0.000363069145804683,60.9686985587916,0,0
"fixed",NA,"f__FGB1249:Days2",0.000770020674092996,0.0802078134290726,0.00960031998346299,0.992340170569432,1
"fixed",NA,"f__Methanobacteriaceae:Days2",0.00270499159411641,0.120203881876546,0.0225033630519067,0.982046429352927,1
"fixed",NA,"f__FGB1787:Days2",-0.00471463691526586,0.00316155433858545,-1.4912401971795,0.135898443572714,1
"fixed",NA,"f__Victivallaceae:Days2",-0.0120957085667739,0.10405660253403,-0.116241624963858,0.907461048383108,1
"fixed",NA,"f__FGB3043:Days2",-0.142541091026404,0.0027738605196679,-51.3872597471014,0,0
"fixed",NA,"f__FGB12107:Days2",0.33863167556025,2.30851166147332,0.146688310573285,0.883378045602998,1
"fixed",NA,"f__FGB3047:Days2",-0.187504478790388,7.66491187356272,-0.0244627051012962,0.980483531823913,1
"fixed",NA,"f__FGB1226:Days2",0.00105166555433092,0.0710593449737126,0.0147998205544952,0.988191882743036,1
"fixed",NA,"f__FGB72939:Days2",0.00348206179837156,0.0542479095601933,0.0641879443208384,0.948820576637866,1
"fixed",NA,"g__GGB9176:Days2",0.0221358533065637,0.000363069145804683,60.9686985587916,0,0
"fixed",NA,"g__GGB9495:Days2",0.00154557066404462,0.0266021583123352,0.0580994461388478,0.953669415566782,1
"fixed",NA,"g__GGB3033:Days2",-0.540587128472939,1.98891958996777,-0.271799388572415,0.785776275376595,1
"fixed",NA,"g__Methanobrevibacter:Days2",0.00281770967495688,0.122274629358809,0.023044107266835,0.981615089767882,1
"fixed",NA,"g__GGB4745:Days2",0.000428792720975678,0.0764387290507512,0.00560962651133279,0.995524189088818,1
"fixed",NA,"g__GGB33544:Days2",-0.0103190526492948,0.813750978536563,-0.0126808482219615,0.989882418144329,1
"fixed",NA,"g__Victivallis:Days2",0.757941274801116,0.0150336298717345,50.4163852155332,0,0
"fixed",NA,"g__GGB9551:Days2",-0.142541091026404,0.0027738605196679,-51.3872597471014,0,0
"fixed",NA,"g__Limosilactobacillus:Days2",1394.55549713473,292435.01128114,0.00476877064420319,0.996195085950354,1
"fixed",NA,"g__GGB3478:Days2",0.0200622157025472,0.11426913245609,0.175569861005609,0.860631881940891,1
"fixed",NA,"g__GGB52130:Days2",-0.187504478790388,7.66491187356272,-0.0244627051012962,0.980483531823913,1
"fixed",NA,"g__GGB9694:Days2",0.0298812630932173,0.59846973616494,0.0499294472009557,0.960178611089178,1
"fixed",NA,"g__GGB74511:Days2",0.00348206179837156,0.0542479095601933,0.0641879443208384,0.948820576637866,1
"fixed",NA,"s__Roseburia_sp_AF02_12:Days2",-0.00412225674589768,0.114736920776525,-0.0359279011324235,0.971339848338207,1
"fixed",NA,"s__GGB9176_SGB14114:Days2",0.0221358533065637,0.000363069145804683,60.9686985587916,0,0
"fixed",NA,"s__GGB9495_SGB14892:Days2",0.00154557066404462,0.0266021583123352,0.0580994461388478,0.953669415566782,1
"fixed",NA,"s__Parabacteroides_goldsteinii:Days2",0.0407195707224194,3.22120376668061,0.0126411036593255,0.989914127175644,1
"fixed",NA,"s__GGB3033_SGB4029:Days2",-0.269663285571411,3.241597771577,-0.0831883856584166,0.93370174763096,1
"fixed",NA,"s__Methanobrevibacter_smithii:Days2",0.00281770967495688,0.122274629358809,0.023044107266835,0.981615089767882,1
"fixed",NA,"s__Ruminococcus_lactaris:Days2",-0.00631568155251187,0.0204294762531428,-0.309145544127216,0.75721081562449,1
"fixed",NA,"s__GGB4745_SGB6571:Days2",0.000428792720975678,0.0764387290507512,0.00560962651133279,0.995524189088818,1
"fixed",NA,"s__GGB33544_SGB53490:Days2",-0.0103190526492948,0.813750978536563,-0.0126808482219615,0.989882418144329,1
"fixed",NA,"s__Victivallis_lenta:Days2",947.304422388842,349.888066392926,2.70744993435991,0.00678022966197215,1
"fixed",NA,"s__Clostridiaceae_bacterium_AF18_31LB:Days2",-1.18878223868432,0.931290874361169,-1.27648865828282,0.201782833547356,1
"fixed",NA,"s__Alistipes_ihumii:Days2",0.0724801562135779,0.0035804502798348,20.2433075587694,4.06922208822333e-91,3.28386222519623e-88
"fixed",NA,"s__GGB9551_SGB14958:Days2",-0.142541091026404,0.0027738605196679,-51.3872597471014,0,0
"fixed",NA,"s__Clostridium_sp_AM49_4BH:Days2",-0.00777265367432441,0.00133579930125928,-5.81872865706474,5.92969023288964e-09,4.78526001794194e-06
"fixed",NA,"s__GGB3478_SGB4643:Days2",0.0200622157025472,0.11426913245609,0.175569861005609,0.860631881940891,1
"fixed",NA,"s__Bacteroides_intestinalis:Days2",-0.00015767573299787,0.00691391589986477,-0.0228055613174227,0.981805371889742,1
"fixed",NA,"s__GGB52130_SGB14966:Days2",-0.187504478790388,7.66491187356272,-0.0244627051012962,0.980483531823913,1
"fixed",NA,"s__GGB9694_SGB15204:Days2",0.0298812630932173,0.59846973616494,0.0499294472009557,0.960178611089178,1
"fixed",NA,"s__GGB3057_SGB4059:Days2",0.00193371275006616,0.0671890441784013,0.0287801794728875,0.977039908820924,1
"fixed",NA,"c__CFGB1126:Days2",-0.250668935436914,0.00150855044584789,-166.165431276661,0,0
"fixed",NA,"o__OFGB1126:Days2",-0.250668935436914,0.00150855044584789,-166.165431276661,0,0
"fixed",NA,"f__FGB1126:Days2",-0.250668935436914,0.00150855044584789,-166.165431276661,0,0
"fixed",NA,"g__Veillonella:Days2",-0.0276174798362552,0.00125391606761215,-22.0249828115271,1.65972407445733e-107,1.33939732808706e-104
"fixed",NA,"g__GGB2848:Days2",-0.250668935436914,0.00150855044584789,-166.165431276661,0,0
"fixed",NA,"s__Sutterella_wadsworthensis:Days2",-0.00016067528022059,0.00116534777194857,-0.137877536721871,0.890337203930129,1
"fixed",NA,"s__Anaerotruncus_colihominis:Days2",-0.078424479345913,0.00434729928607658,-18.0398160294804,9.48591792451754e-73,7.65513576508565e-70
"fixed",NA,"s__Bacteroides_nordii:Days2",0.0135891043781295,0.00342289004552113,3.97006745685884,7.18522861320636e-05,0.0579847949085753
"fixed",NA,"s__Bifidobacterium_dentium:Days2",3.07290512120508,0.00180673144454482,1700.80901092594,0,0
"fixed",NA,"s__GGB2848_SGB3813:Days2",-0.250668935436914,0.00150855044584789,-166.165431276661,0,0
"fixed",NA,"g__GGB9730:Days2",0.00894075072149456,0.0845249081533771,0.105776520990367,0.915759665797865,1
"fixed",NA,"g__GGB4566:Days2",-0.105455286647008,0.00289585665963902,-36.4159207590592,2.38329628802863e-290,1.9233201044391e-287
"fixed",NA,"s__GGB9730_SGB15291:Days2",0.00894075072149456,0.0845249081533771,0.105776520990367,0.915759665797865,1
"fixed",NA,"s__GGB4566_SGB6305:Days2",-0.105455286647008,0.00289585665963902,-36.4159207590592,2.38329628802863e-290,1.9233201044391e-287
"fixed",NA,"s__Clostridiaceae_unclassified_SGB15090:Days2",0.00480498979717156,0.0402837068470769,0.119278740047733,0.905054526224977,1
"fixed",NA,"s__GGB36331_SGB15121:Days2",-0.290645247787965,3.5334323906161,-0.0822557829491361,0.934443315308991,1
"fixed",NA,"s__Enterocloster_citroniae:Days2",2.86777699014489,2.07287100769126,1.38348067945578,0.166517527434872,1
"fixed",NA,"c__CFGB2404:Days2",-0.000400084462786948,0.00980611648343878,-0.0407994809629926,0.96745575314736,1
"fixed",NA,"c__CFGB77988:Days2",4.39609852076575,0.0067549729529775,650.794392718924,0,0
"fixed",NA,"o__OFGB2404:Days2",-0.000400084462786948,0.00980611648343878,-0.0407994809629926,0.96745575314736,1
"fixed",NA,"o__OFGB77988:Days2",4.39609852076575,0.0067549729529775,650.794392718924,0,0
"fixed",NA,"f__FGB2404:Days2",-0.000400084462786948,0.00980611648343878,-0.0407994809629926,0.96745575314736,1
"fixed",NA,"f__FGB77988:Days2",4.39609852076575,0.0067549729529775,650.794392718924,0,0
"fixed",NA,"c__CFGB2890:Days2",-0.431486139019971,0.00234757233320241,-183.80099855384,0,0
"fixed",NA,"o__OFGB2890:Days2",-0.431486139019971,0.00234757233320241,-183.80099855384,0,0
"fixed",NA,"f__FGB2890:Days2",-0.431486139019971,0.00234757233320241,-183.80099855384,0,0
"fixed",NA,"g__Prevotella:Days2",3.03759154586423e-05,0.000570445752678346,0.0532494375074614,0.957533166025412,1
"fixed",NA,"g__GGB4571:Days2",0.00137934115713876,0.0682596678604747,0.0202072644121003,0.983878032906959,1
"fixed",NA,"g__GGB9501:Days2",0.0119452656182168,0.152269142177458,0.0784483674590843,0.937471400377473,1
"fixed",NA,"g__GGB3548:Days2",10310.8845034993,0.00187849781938667,5488898.84091843,0,0
"fixed",NA,"s__Prevotella_stercorea:Days2",-0.0115748624059714,0.000373011038570796,-31.0308843682506,2.0662846156289e-211,1.66749168481252e-208
"fixed",NA,"s__GGB4571_SGB6317:Days2",-0.00628838219911236,0.000811684549695939,-7.74732277640128,9.38501817760221e-15,7.57370966932498e-12
"fixed",NA,"s__GGB9501_SGB14898:Days2",0.0119452656182168,0.152269142177458,0.0784483674590843,0.937471400377473,1
"fixed",NA,"s__GGB3548_SGB4744:Days2",10310.8845034993,0.00187849781938667,5488898.84091843,0,0
"fixed",NA,"s__Intestinimonas_gabonensis:Days2",-2.22054953342852,0.00245767818890547,-903.515172756382,0,0
"fixed",NA,"s__Streptococcus_vestibularis:Days2",17.7467310852016,24.8764157732191,0.713395822251328,0.475600857552601,1
"fixed",NA,"c__CFGB14936:Days2",-0.000172521347988011,0.00577646307470246,-0.0298662599858994,0.976173714469553,1
"fixed",NA,"c__CFGB1380:Days2",0.0252451181322227,0.375630928127206,0.0672072405168766,0.946416721060523,1
"fixed",NA,"o__OFGB14936:Days2",-0.000172521347988011,0.00577646307470246,-0.0298662599858994,0.976173714469553,1
"fixed",NA,"o__OFGB1380:Days2",0.0252451181322227,0.375630928127206,0.0672072405168766,0.946416721060523,1
"fixed",NA,"f__FGB14936:Days2",-0.000172521347988011,0.00577646307470246,-0.0298662599858994,0.976173714469553,1
"fixed",NA,"f__FGB1380:Days2",0.0252451181322227,0.375630928127206,0.0672072405168766,0.946416721060523,1
"fixed",NA,"g__GGB6613:Days2",-0.013911387216038,0.00154144661685926,-9.02489068637536,1.79874865211009e-19,1.45159016225284e-16
"fixed",NA,"g__GGB3256:Days2",-0.000172521347988011,0.00577646307470246,-0.0298662599858994,0.976173714469553,1
"fixed",NA,"g__GGB9621:Days2",-0.482814076854537,0.00319937555940927,-150.908847020036,0,0
"fixed",NA,"g__GGB28640:Days2",0.116953518978666,0.00285107396388214,41.0208645795414,0,0
"fixed",NA,"s__GGB6613_SGB9347:Days2",-0.013911387216038,0.00154144661685926,-9.02489068637536,1.79874865211009e-19,1.45159016225284e-16
"fixed",NA,"s__GGB3256_SGB4303:Days2",-0.000172521347988011,0.00577646307470246,-0.0298662599858994,0.976173714469553,1
"fixed",NA,"s__GGB9621_SGB15073:Days2",-0.482814076854537,0.00319937555940927,-150.908847020036,0,0
"fixed",NA,"s__GGB28640_SGB4673:Days2",0.116953518978666,0.00285107396388214,41.0208645795414,0,0
"fixed",NA,"c__CFGB2985:Days2",-0.0111383681908693,0.0254845040250052,-0.437064350161197,0.662064680466952,1
"fixed",NA,"c__CFGB9989:Days2",-0.106300519521133,0.00157118169347176,-67.6564142535584,0,0
"fixed",NA,"c__CFGB2960:Days2",0.465917936995322,0.00201422400723398,231.313863464045,0,0
"fixed",NA,"c__CFGB2844:Days2",-0.172655654856441,0.148104596348143,-1.16576837663152,0.243708106143141,1
"fixed",NA,"c__CFGB2918:Days2",-0.0738234776082238,0.00151658466507133,-48.6774522441525,0,0
"fixed",NA,"c__CFGB9272:Days2",-41.0883561484143,4.93474078500945,-8.32634538236148,8.33763175516409e-17,6.72846882641742e-14
"fixed",NA,"c__CFGB3048:Days2",-255.420705403166,0.00185899091955966,-137397.500286697,0,0
"fixed",NA,"o__OFGB2985:Days2",-0.0111383681908693,0.0254845040250052,-0.437064350161197,0.662064680466952,1
"fixed",NA,"o__OFGB9989:Days2",-0.106300519521133,0.00157118169347176,-67.6564142535584,0,0
"fixed",NA,"o__OFGB2960:Days2",0.465917936995322,0.00201422400723398,231.313863464045,0,0
"fixed",NA,"o__OFGB2844:Days2",-0.172655654856441,0.148104596348143,-1.16576837663152,0.243708106143141,1
"fixed",NA,"o__OFGB2918:Days2",-0.0738234776082238,0.00151658466507133,-48.6774522441525,0,0
"fixed",NA,"o__OFGB9272:Days2",-41.0883561484143,4.93474078500945,-8.32634538236148,8.33763175516409e-17,6.72846882641742e-14
"fixed",NA,"o__OFGB3048:Days2",-255.420705403166,0.00185899091955966,-137397.500286697,0,0
"fixed",NA,"f__FGB2985:Days2",-0.0111383681908693,0.0254845040250052,-0.437064350161197,0.662064680466952,1
"fixed",NA,"f__FGB9989:Days2",-0.106300519521133,0.00157118169347176,-67.6564142535584,0,0
"fixed",NA,"f__FGB2960:Days2",0.465917936995322,0.00201422400723398,231.313863464045,0,0
"fixed",NA,"f__FGB2844:Days2",-0.172655654856441,0.148104596348143,-1.16576837663152,0.243708106143141,1
"fixed",NA,"f__FGB2918:Days2",-0.0738234776082238,0.00151658466507133,-48.6774522441525,0,0
"fixed",NA,"f__FGB9272:Days2",-41.0883561484143,4.93474078500945,-8.32634538236148,8.33763175516409e-17,6.72846882641742e-14
"fixed",NA,"f__Oxalobacteraceae:Days2",-0.366614451977406,0.0021356191388464,-171.666588535745,0,0
"fixed",NA,"f__FGB3048:Days2",-255.420705403166,0.00185899091955966,-137397.500286697,0,0
"fixed",NA,"g__GGB4567:Days2",0.0167479768507514,0.0013497613366387,12.4081023779054,2.3618424182274e-35,1.90600683150951e-32
"fixed",NA,"g__GGB9712:Days2",-0.106300519521133,0.00157118169347176,-67.6564142535584,0,0
"fixed",NA,"g__GGB9110:Days2",-0.172655654856441,0.148104596348143,-1.16576837663152,0.243708106143141,1
"fixed",NA,"g__GGB9348:Days2",-0.271175093451493,0.339024409436997,-0.7998689354015,0.423786737761859,1
"fixed",NA,"g__Negativibacillus:Days2",0.907085437388447,0.00688277315989119,131.7906919662,0,0
"fixed",NA,"g__GGB9296:Days2",-41.0883561484143,4.93474078500945,-8.32634538236148,8.33763175516409e-17,6.72846882641742e-14
"fixed",NA,"g__GGB6649:Days2",-4.25033955660411,0.00237080340797086,-1792.78448070139,0,0
"fixed",NA,"s__Phocaeicola_coprophilus:Days2",-0.0031388887553638,0.0268493160166524,-0.116907587270268,0.906933285614063,1
"fixed",NA,"s__GGB9715_SGB15265:Days2",-0.0166020081491044,0.00165856178625248,-10.009882228516,1.37916623038807e-23,1.11298714792317e-20
"fixed",NA,"s__Alistipes_dispar:Days2",-0.00442178150800421,0.00199996686879045,-2.21092737935125,0.0270408663435999,1
"fixed",NA,"s__GGB9547_SGB14954:Days2",-0.210205784768974,0.00228500244862532,-91.9936803111244,0,0
"fixed",NA,"s__GGB9110_SGB14043:Days2",-0.172655654856441,0.148104596348143,-1.16576837663152,0.243708106143141,1
"fixed",NA,"s__Ruminococcus_callidus:Days2",0.00187107953669166,0.00697306598722101,0.268329532535708,0.788445675784784,1
"fixed",NA,"s__GGB9348_SGB14315:Days2",-0.271175093451493,0.339024409436997,-0.7998689354015,0.423786737761859,1
"fixed",NA,"s__Negativibacillus_massiliensis:Days2",0.907085437388447,0.00688277315989119,131.7906919662,0,0
"fixed",NA,"s__Eubacteriales_bacterium:Days2",-0.100759052268859,0.00419900471127648,-23.9959369415018,3.06610143225504e-127,2.47434385582982e-124
"fixed",NA,"s__GGB9712_SGB15244:Days2",-0.00559317739525101,0.113691259985106,-0.0491961949932102,0.960762943552378,1
"fixed",NA,"s__GGB9296_SGB14253:Days2",-41.0883561484143,4.93474078500945,-8.32634538236148,8.33763175516409e-17,6.72846882641742e-14
"fixed",NA,"s__GGB6649_SGB9391:Days2",-4.25033955660411,0.00237080340797086,-1792.78448070139,0,0
"fixed",NA,"s__Enterococcus_faecalis:Days2",0.195968231614903,0.146992465376262,1.33318555555399,0.182470918316718,1
"fixed",NA,"s__Clostridium_sp_1001270J_160509_D11:Days2",-0.00103360413612364,0.439018367629941,-0.00235435282970869,0.998121499961907,1
"fixed",NA,"c__CFGB1217:Days2",-0.549475293093536,2.39605207370374,-0.229325271818561,0.818616112732503,1
"fixed",NA,"o__OFGB1217:Days2",-0.549475293093536,2.39605207370374,-0.229325271818561,0.818616112732503,1
"fixed",NA,"f__FGB1217:Days2",-0.549475293093536,2.39605207370374,-0.229325271818561,0.818616112732503,1
"fixed",NA,"g__GGB2982:Days2",-0.549475293093536,2.39605207370374,-0.229325271818561,0.818616112732503,1
"fixed",NA,"s__Clostridium_spiroforme:Days2",6871.22598535985,210093.741682539,0.0327055243546597,0.973909418451533,1
"fixed",NA,"s__GGB2982_SGB3964:Days2",-0.549475293093536,2.39605207370374,-0.229325271818561,0.818616112732503,1
"fixed",NA,"c__CFGB2378:Days2",0.0886541474101095,0.959355838040912,0.0924100775694959,0.926372232948029,1
"fixed",NA,"c__CFGB2840:Days2",-0.716547910352462,0.676454050538465,-1.05927063306381,0.289476545258165,1
"fixed",NA,"o__OFGB2378:Days2",0.0886541474101095,0.959355838040912,0.0924100775694959,0.926372232948029,1
"fixed",NA,"o__OFGB2840:Days2",-0.716547910352462,0.676454050538465,-1.05927063306381,0.289476545258165,1
"fixed",NA,"f__FGB2378:Days2",0.0886541474101095,0.959355838040912,0.0924100775694959,0.926372232948029,1
"fixed",NA,"f__FGB2840:Days2",-0.716547910352462,0.676454050538465,-1.05927063306381,0.289476545258165,1
"fixed",NA,"g__GGB9061:Days2",306.39485881426,449011.130827141,0.000682376978605938,0.999455541986376,1
"fixed",NA,"g__GGB2998:Days2",-0.0104968198506317,0.00116664447763182,-8.99744528165021,2.31030908709595e-19,1.86441943328643e-16
"fixed",NA,"g__GGB9092:Days2",0.524279215682331,0.00189529944572229,276.620782465607,0,0
"fixed",NA,"s__GGB9061_SGB13979:Days2",306.39485881426,449011.130827141,0.000682376978605938,0.999455541986376,1
"fixed",NA,"s__Blautia_sp_MCC283:Days2",-2.36198616006995,1.85360407310009,-1.27426681584682,0.202568872733974,1
"fixed",NA,"s__GGB2998_SGB3988:Days2",-0.0104968198506317,0.00116664447763182,-8.99744528165021,2.31030908709595e-19,1.86441943328643e-16
"fixed",NA,"s__GGB9092_SGB14022:Days2",0.524279215682331,0.00189529944572229,276.620782465607,0,0
"fixed",NA,"c__CFGB2846:Days2",2632.63379624856,68907.7643329774,0.0382051837225062,0.969524087902194,1
"fixed",NA,"o__OFGB2846:Days2",2632.63379624856,68907.7643329774,0.0382051837225062,0.969524087902194,1
"fixed",NA,"f__FGB2846:Days2",2632.63379624856,68907.7643329774,0.0382051837225062,0.969524087902194,1
"fixed",NA,"g__GGB9117:Days2",2632.63379624856,68907.7643329774,0.0382051837225062,0.969524087902194,1
"fixed",NA,"g__GGB45495:Days2",0.0358493654289565,0.169822451654094,0.211099092492064,0.832809948361639,1
"fixed",NA,"s__Pseudoflavonifractor_capillosus:Days2",2680.87348457017,130467.554745335,0.0205482005836859,0.983606061674908,1
"fixed",NA,"s__GGB9117_SGB14050:Days2",2632.63379624856,68907.7643329774,0.0382051837225062,0.969524087902194,1
"fixed",NA,"s__GGB45495_SGB63167:Days2",0.0358493654289565,0.169822451654094,0.211099092492064,0.832809948361639,1
"fixed",NA,"g__Klebsiella:Days2",-0.041660911151504,0.0218473005708705,-1.90691344298395,0.0565317970864449,1
"fixed",NA,"s__Schaalia_odontolytica:Days2",0.00312401637437749,0.499058962723927,0.00625981418573511,0.995005423526703,1
"fixed",NA,"s__Akkermansia_sp_BIOML_A66:Days2",-0.0744678139660659,0.827369187577554,-0.0900055441804637,0.928282809094175,1
"fixed",NA,"s__Ruminococcus_SGB4421:Days2",-0.233321798554916,1.18414191233101,-0.197038713118106,0.843797242898564,1
"fixed",NA,"s__Clostridium_SGB6177:Days2",0.0709994997750755,0.573948007745683,0.123703713257831,0.90154987149179,1
"fixed",NA,"s__Klebsiella_pneumoniae:Days2",-0.0410460279522807,0.00502142996475484,-8.17417115052497,2.97906682525561e-16,2.40410692798128e-13
"fixed",NA,"g__GGB9063:Days2",-0.00493487581864348,0.00112257668163003,-4.39602558951947,1.1025094229512e-05,0.00889725104321618
"fixed",NA,"g__GGB6610:Days2",-3.1933795763859,0.00145950949066533,-2187.98137100854,0,0
"fixed",NA,"g__Cuneatibacter:Days2",-0.0334061756599374,0.00195136529612361,-17.1193859634066,1.06391640346043e-65,8.58580537592567e-63
"fixed",NA,"s__GGB9063_SGB13982:Days2",-0.00493487581864348,0.00112257668163003,-4.39602558951947,1.1025094229512e-05,0.00889725104321618
"fixed",NA,"s__GGB9770_SGB73065:Days2",-1.57813511100712,0.00363667243053119,-433.950305163065,0,0
"fixed",NA,"s__GGB6610_SGB9344:Days2",-3.1933795763859,0.00145950949066533,-2187.98137100854,0,0
"fixed",NA,"s__Cuneatibacter_sp_NSJ_177:Days2",0.117075217779223,0.957729228913784,0.122242502624677,0.902706966614753,1
"fixed",NA,"g__GGB79118:Days2",-0.393579466621793,0.00205083903626755,-191.911437056558,0,0
"fixed",NA,"s__GGB74511_SGB47635:Days2",0.00178951846013734,0.0578624351766382,0.0309271197223973,0.975327661853438,1
"fixed",NA,"s__GGB79118_SGB105839:Days2",-0.393579466621793,0.00205083903626755,-191.911437056558,0,0
"fixed",NA,"f__Bacteroidales_unclassified:Days2",-0.0563883472096861,33.0315123156618,-0.0017071076452939,0.998637925827755,1
"fixed",NA,"g__Bacteroidales_unclassified:Days2",-0.0563883472096861,33.0315123156618,-0.0017071076452939,0.998637925827755,1
"fixed",NA,"s__Bacteroidales_bacterium:Days2",-0.0563883472096861,33.0315123156618,-0.0017071076452939,0.998637925827755,1
"fixed",NA,"g__GGB4552:Days2",-0.00021878398295311,0.0213458515280634,-0.0102494849018075,0.991822237422555,1
"fixed",NA,"g__GGB3486:Days2",0.0032889285558434,0.0328642445579182,0.100076195271952,0.920283833861846,1
"fixed",NA,"s__GGB4552_SGB6276:Days2",-0.00021878398295311,0.0213458515280634,-0.0102494849018075,0.991822237422555,1
"fixed",NA,"s__GGB3486_SGB4658:Days2",0.0032889285558434,0.0328642445579182,0.100076195271952,0.920283833861846,1
"fixed",NA,"c__CFGB2952:Days2",295.068792556523,189.74435284272,1.55508603094558,0.119925581389168,1
"fixed",NA,"o__Selenomonadales:Days2",-15.2162159495724,10005458.9680452,-1.52079139979176e-06,0.999998786584022,1
"fixed",NA,"o__OFGB2952:Days2",295.068792556523,189.74435284272,1.55508603094558,0.119925581389168,1
"fixed",NA,"f__Selenomonadaceae:Days2",-15.2162159495724,10005458.9680452,-1.52079139979176e-06,0.999998786584022,1
"fixed",NA,"f__FGB2952:Days2",295.068792556523,189.74435284272,1.55508603094558,0.119925581389168,1
"fixed",NA,"g__GGB34797:Days2",82.5050697647201,1355064.43866517,6.08864548508062e-05,0.999951419637743,1
"fixed",NA,"g__Lacticaseibacillus:Days2",2015.46188540048,2541660.64388342,0.000792970489687813,0.999367301155413,1
"fixed",NA,"s__Lacticaseibacillus_rhamnosus:Days2",25817.297646357,22893978.7941304,0.0011276894190614,0.999100234213853,1
"fixed",NA,"c__CFGB9491:Days2",-1.09106696590038,11.2082271917646,-0.0973451864628561,0.922452272761222,1
"fixed",NA,"o__OFGB9491:Days2",-1.09106696590038,11.2082271917646,-0.0973451864628561,0.922452272761222,1
"fixed",NA,"f__FGB9491:Days2",-1.09106696590038,11.2082271917646,-0.0973451864628561,0.922452272761222,1
"fixed",NA,"g__GGB9491:Days2",-1.09106696590038,11.2082271917646,-0.0973451864628561,0.922452272761222,1
"fixed",NA,"s__GGB9453_SGB14844:Days2",-1.60603360286706,0.651925182492136,-2.46352441353412,0.0137578525720395,1
"fixed",NA,"s__GGB9491_SGB14888:Days2",-1.09106696590038,11.2082271917646,-0.0973451864628561,0.922452272761222,1
"fixed",NA,"g__Peptacetobacter:Days2",-0.0238801701451529,0.00120000192954236,-19.9001097892068,4.06038321035936e-88,3.27672925076e-85
"fixed",NA,"g__Anaerovorax:Days2",-65.7732205460617,31290290.1788511,-2.10203293641927e-06,0.999998322820374,1
"fixed",NA,"s__Peptacetobacter_hiranonis:Days2",-0.0238801701451529,0.00120000192954236,-19.9001097892068,4.06038321035936e-88,3.27672925076e-85
"fixed",NA,"s__Anaerovorax_odorimutans:Days2",-65.7732205460617,31290290.1788511,-2.10203293641927e-06,0.999998322820374,1
"fixed",NA,"s__Collinsella_tanakaei:Days2",457.783297794315,91344.9246513309,0.00501158985616007,0.996001346567086,1
"fixed",NA,"g__Faecalitalea:Days2",1319.36219757771,38543779.1828324,3.42302240607832e-05,0.999972688232714,1
"fixed",NA,"s__Faecalitalea_cylindroides:Days2",1319.36219757771,38543779.1828324,3.42302240607832e-05,0.999972688232714,1
"fixed",NA,"s__Turicibacter_bilis:Days2",-0.467494596891011,0.131472361171515,-3.55583936216929,0.000376774249520645,0.304056819363161
"fixed",NA,"g__GGB4456:Days2",0.00658082667043119,0.00787865879414536,0.835272454662133,0.403564322843981,1
"fixed",NA,"s__GGB4456_SGB6141:Days2",0.00658082667043119,0.00787865879414536,0.835272454662133,0.403564322843981,1
"fixed",NA,"g__Ligaoa:Days2",2566.64915854016,214454599.593101,1.19682635085003e-05,0.999990450707327,1
"fixed",NA,"s__Ligaoa_zhengdingensis:Days2",2566.64915854016,214454599.593101,1.19682635085003e-05,0.999990450707327,1
"fixed",NA,"g__GGB3352:Days2",-302.43010968756,32.5613872751352,-9.28799830093553,1.57217098945223e-20,1.26874198848795e-17
"fixed",NA,"s__GGB3352_SGB62935:Days2",-302.43010968756,32.5613872751352,-9.28799830093553,1.57217098945223e-20,1.26874198848795e-17
"fixed",NA,"g__GGB3444:Days2",2803.12168083722,10840896.729864,0.000258569171046092,0.999793691652822,1
"fixed",NA,"s__GGB3444_SGB4594:Days2",2803.12168083722,10840896.729864,0.000258569171046092,0.999793691652822,1
"fixed",NA,"s__Intestinimonas_sp_MSJ_38:Days2",13.9478416403984,243.569900404067,0.0572642252481106,0.95433471768525,1
"fixed",NA,"s__GGB34797_SGB14323:Days2",511.999121706085,3330354.74119599,0.000153737112558231,0.999877335531951,1
"fixed",NA,"s__Lachnoclostridium_edouardi:Days2",-0.187441051476671,5.85715679324546,-0.0320020545963239,0.974470412407115,1
"fixed",NA,"g__GGB3828:Days2",81.471932074101,218.069896185391,0.373604672168221,0.70869845738108,1
"fixed",NA,"s__GGB3828_SGB5197:Days2",81.471932074101,218.069896185391,0.373604672168221,0.70869845738108,1
