"sample","s__Salmonella_virus_Jersey","s__Eubacterium_sp_CAG_274","s__Desulfovibrio_piger","s__Escherichia_virus_phi1","s__Bacteroides_intestinalis","f__Enterococcaceae","s__Phascolarctobacterium_succinatutens","s__Bacteroides_salyersiae","s__Clostridium_disporicum","s__Clostridium_sp_CAG_299"
"FF08034077",0,0,0,0,0,0,0,0,0,0.24016
"FF08034089",0,0,0,0,0,0,0,2.82107,0,0.23145
"FF08034097",0,0,0,0,0,0,0,0,0,0
"FF08034109",0,0,0,0,0,0,0,0,1.4469,0
"FF08034128",0,0,0,0,0,0,1.14024,0,0,0
"FF08034130",0,0,0,0,0.21494,0,0,0,0,0
"FF08034134",0,0,0,0,0,0,0,0,0.01453,0
"FF08034155",0,0,0,0,0,0,0,0,0,2.39015
"FF08034158",0,0,0,0,1.73923,0,0.31885,0.30346,0,0.03562
"FF08034165",0,0,0,0,0,0,0,0,0,0
"FF08034170",29.82015,0.0182,0,0.3917,0,0,0,0,0,0
"FF08034186",0,0,0,0,1.43389,0.02273,0,0,0.06717,0
"FF08034188",0,0,0,0,0,0,0.90045,0,0,0
"FF08034206",0,0,0,0,0,0.03106,0,0.59765,0,0
"FF08034212",0,0,0,0,0,0,0,0,0.00654,0
"FF08034234",0,0,0,0,0.40894,0,0.17207,0.72948,0,0.03156
"FF08034243",0,0,0,0,0,0,0,0,0,0
"FF08034270",0,0,0,0,0,0,0,0,0,0
"FF08034294",0,0,0,0,0,0,0,0,0.0607,0
"FF08034302",0,0,2.30874,0,0,0,0,0,0,0
"FF08034327",0,0,0,0,0,0,0,0,0,0
"FF08034331",0,0,0,0,0.13686,0,0,0,0,0
"FF08034334",2.74754,0.06371,0,1.38691,0,0,0,0,0,0
"FF08034335",0,0,0,0,0,0,0,0,0,1.16149
"FF08034361",0,0,0,0,0,0,0,0,0,0.62266
"FF08034386",0,0,0,0,1.55549,0,0.10959,0.74258,0,0.02637
"FF08034388",0,0,0,0,0,0,0,0,0,0.2409
"FF08034394",0,0,0,0,0,0,0,0,0,0.47308
"FF08034401",0,0,0,0,0,0,0,0,0,2.17115
"FF08034405",0,0,0,0,0,0,0,0,0,0
"FF08034407",0,0,0,0,1.87441,0,0.12948,0.35487,0,0.04667
"FF08034432",0,0,0,0,0,0.11622,0,1.11674,0,0
"FF08034459",0,0,1.497,0,0,0,0,0,0,0
"FF08034475",0,0,0,0,0,0,0,0,0,0
"FF08034479",0,0,0,0,0,0,0,0,0,0
"FF08034483",0,0,0,0,0,0,0,0,0,0
"FF08034484",0,0,0,0,0,0,0,0,0.4778,0
"FF08034487",0,0,0,0,0,0,0,1.00484,0,0
"FF08034493",0,0,0,0,0,0,0,0,0,0
"FF08034499",0,0,0,0,1.86175,0,0,0,0,0
"FF08034506",0,0,0,0,0,0,0,0,0,0
"FF08034513",0,0,0.58145,0,0,0,0,0.29889,0,0
"FF08034516",0,0,0,0,0,0,0,0,0.12698,0
"FF08034529",0,0,0.50145,0,0,0,0,0.36781,0,0
"FF08034600",0,0,0,0,1.12991,0.16363,0,0,0.03766,0
"FF08034603",0,0,0,0,0,1.07796,0,0,0,0.15949
"FF08034620",0,0,0,0,0,0,0,0,0,0
"FF08034660",0,0,0,0,0,0,0,0,0,0
"FF08034693",4.93166,0.86388,0,0.66086,0,0,0,0,0,0
"FF08034698",0,0,0,0,0,0,0,0,0,1.78137
"FF08034702",0,0,1.99535,0,3.47404,0,0,0,0,0
"FF08034725",0,0,0,0,0,0,0,0,0.12366,0
"FF08034737",0,0,0,0,0,7.56916,2.11564,0,0,0
"FF08034739",0,0,0,0,0,0,0,0,0,0
"FF08034741",0,0,0,0,0,0.00605,0,0.60739,0.06812,0
"FF08034754",0,0,0,0,0,0,1.45798,0,0,0
"FF08034773",0,0,0,0,5.17455,0,0,0,0.10529,0
"FF08034774",0,0,0,0,1.28137,0,0,0,0,0
"FF08034784",0,0,0,0,0,2.0301,0.85402,0,0,0
"FF08034797",0,0.03412,0,0,0,0,0,0,0,0
"FF08034820",0,0,0,0,2.77909,0,0,0,0.31057,0
"FF08034850",0,0,0,0,0,0,0,0,0,0
"FF08034876",0,0,0,0,0,0.39046,0,0,0,0.11197
"FF08034901",0,0,0,0,0,0,0,0,0,0
"FF08034932",0,0,0,0,0,0.02263,0,0,0,0
"FF08034935",0,0,0,0,7.74231,0,0,0,0.14231,0
"FF08034968",0,0,0,0,0,0,0.63826,0,0,0
"FF08035006",0,0,0,0,0.02191,0,0,0,0,0
"FF08035019",0,0,0,0,0,0,0,0,0,0
"FF08037435",0,0,0,0,0,0,0.8,0.79178,0.09325,0
"FF08037452",0,0.0215,0,0,0.32984,0,0,0,0.39971,0
"FF08037511",0,0,0,0,0,0,0,0,0,0
"FF08037524",0,0,0.47092,0,0,0,0,0.09036,0.01083,0
"FF08037529",0,0,0,0,0,0.02647,0,0,0,0
"FF08037549",0,0,0.79197,0,0,0,0,0,0,0.10059
"FF08037557",0,0,0,0,0,0,1.90173,0.56562,0,0
"FF08037585",0,0,0,0,0,0,0,0,0,0
"FF08037593",0,0,0,0,0.81557,0,0,0,0.49578,0.1675
"FF08037623",0,0,0,0,1.15808,0,0,0,0.41017,0.0167
"FF08037629",0,0,0,0,0.06395,0,0,0,1.3126,0
"FF08037657",0,0,0,0,0,0,0,0,0,0
"FF08037683",0,0,0,0,1.05483,0,0,0,0.11617,0.52154
"FF08037732",0,0,0,0,1.45294,0.37256,0,0,0,0
"FF08037743",0,0,0,0,0,0,1.19235,1.94945,0.16107,0
"FF08037772",0,0,0,0,0,0,0,0,0,0
"FF08037786",0,0,0,0,0,0,0,0,0.00404,0
"FF08037807",0,0,0,0,0.00464,0,0.76194,0.2464,0.15721,0.00181
"FF08037834",0,0,0,0,0.6692,0,0,0,0,0.06237
"FF08037861",0,0.51699,0,0,0,0,0,0,0,0
"FF08037872",0,0,0,0,0,1.30696,0,0,0,0
"FF08037907",0,0,0,0,0.11758,0.03149,1.07065,0.6381,0,0
